Aula complementar,Bimestre,"CH
Teórica / Prática",Competência Técnica,Competências Socioemocionais ,Nome do componente,"Código
do componente","Componente
de 3 ou 4 aulas semanais?",Unidade curricular,,Semana,Tema da semana,Título da aula,Habilidades técnicas,Objetivos da aula,Objeto de conhecimento
,1,T,"Executar atividades de Recursos Humanos, tais como rotinas administrativas de departamento pessoal e rotinas administrativas de treinamento e desenvolvimento;                                                                                                                                        Compreender e aplicar noções de legislação e marco regulatório (LGPD).","Curiosidade - Ser interessado em ideias e ter paixão por aprender, compreensão e exploração intelectual; uma mentalidade curiosa;
Autoeficácia - A força das crenças dos indivíduos em sua capacidade de executar tarefas e atingir objetivos;
Motivação de realização - Estabelecer padrões elevados para si mesmo e trabalhar muito para alcançá-los;
Tolerância ao estresse - Ter eficácia na modulação da ansiedade e capacidade de resolver problemas com calma;
Persistência - Ser capaz de perseverar em tarefas e atividades até que sejam concluídas;
Empatia - Compreender e preocupar-se com os outros e com o seu bem-estar. Valorizar e investir no relacionamento próximo;
Criatividade - Gerar novas maneiras de fazer ou pensar sobre as coisas por meio da exploração, aprendizagem a partir do fracasso, insight e visão.","Introdução à Administração, Legislação e Pessoas",C1,4,Conceitos Básicos de Administração,,1,Fundamentos da Administração,Aula 1: 	Origem da Administração,Compreender os conceitos de Administração em tarefas de apoio organizacional e rotinas administrativas.,Identificar as origens da Administração e suas principais fases históricas.,1. Fundamentos da Administração
,1,T,"Executar atividades de Recursos Humanos, tais como rotinas administrativas de departamento pessoal e rotinas administrativas de treinamento e desenvolvimento;                                                                                                                                        Compreender e aplicar noções de legislação e marco regulatório (LGPD).","Curiosidade - Ser interessado em ideias e ter paixão por aprender, compreensão e exploração intelectual; uma mentalidade curiosa;
Autoeficácia - A força das crenças dos indivíduos em sua capacidade de executar tarefas e atingir objetivos;
Motivação de realização - Estabelecer padrões elevados para si mesmo e trabalhar muito para alcançá-los;
Tolerância ao estresse - Ter eficácia na modulação da ansiedade e capacidade de resolver problemas com calma;
Persistência - Ser capaz de perseverar em tarefas e atividades até que sejam concluídas;
Empatia - Compreender e preocupar-se com os outros e com o seu bem-estar. Valorizar e investir no relacionamento próximo;
Criatividade - Gerar novas maneiras de fazer ou pensar sobre as coisas por meio da exploração, aprendizagem a partir do fracasso, insight e visão.","Introdução à Administração, Legislação e Pessoas",C1,4,Conceitos Básicos de Administração,,1,Fundamentos da Administração,Aula 2: Primeiras teorias administrativas,Compreender os conceitos de Administração em tarefas de apoio organizacional e rotinas administrativas.,Reconhecer as principais características das primeiras escolas da Administração.,2. Escolas clássicas da administração
,1,T,"Executar atividades de Recursos Humanos, tais como rotinas administrativas de departamento pessoal e rotinas administrativas de treinamento e desenvolvimento;                                                                                                                                        Compreender e aplicar noções de legislação e marco regulatório (LGPD).","Curiosidade - Ser interessado em ideias e ter paixão por aprender, compreensão e exploração intelectual; uma mentalidade curiosa;
Autoeficácia - A força das crenças dos indivíduos em sua capacidade de executar tarefas e atingir objetivos;
Motivação de realização - Estabelecer padrões elevados para si mesmo e trabalhar muito para alcançá-los;
Tolerância ao estresse - Ter eficácia na modulação da ansiedade e capacidade de resolver problemas com calma;
Persistência - Ser capaz de perseverar em tarefas e atividades até que sejam concluídas;
Empatia - Compreender e preocupar-se com os outros e com o seu bem-estar. Valorizar e investir no relacionamento próximo;
Criatividade - Gerar novas maneiras de fazer ou pensar sobre as coisas por meio da exploração, aprendizagem a partir do fracasso, insight e visão.","Introdução à Administração, Legislação e Pessoas",C1,4,Conceitos Básicos de Administração,,1,Fundamentos da Administração,Aula 3: Evolução estrutural e humana,Compreender os conceitos de Administração em tarefas de apoio organizacional e rotinas administrativas.,Comparar diferentes abordagens administrativas diante das mudanças organizacionais.,3. Abordagens contextuais e humanas
,1,T,"Executar atividades de Recursos Humanos, tais como rotinas administrativas de departamento pessoal e rotinas administrativas de treinamento e desenvolvimento;                                                                                                                                        Compreender e aplicar noções de legislação e marco regulatório (LGPD).","Curiosidade - Ser interessado em ideias e ter paixão por aprender, compreensão e exploração intelectual; uma mentalidade curiosa;
Autoeficácia - A força das crenças dos indivíduos em sua capacidade de executar tarefas e atingir objetivos;
Motivação de realização - Estabelecer padrões elevados para si mesmo e trabalhar muito para alcançá-los;
Tolerância ao estresse - Ter eficácia na modulação da ansiedade e capacidade de resolver problemas com calma;
Persistência - Ser capaz de perseverar em tarefas e atividades até que sejam concluídas;
Empatia - Compreender e preocupar-se com os outros e com o seu bem-estar. Valorizar e investir no relacionamento próximo;
Criatividade - Gerar novas maneiras de fazer ou pensar sobre as coisas por meio da exploração, aprendizagem a partir do fracasso, insight e visão.","Introdução à Administração, Legislação e Pessoas",C1,4,Conceitos Básicos de Administração,,1,Fundamentos da Administração,Aula 4: Desafios atuais da Administração,Compreender os conceitos de Administração em tarefas de apoio organizacional e rotinas administrativas.,Identificar os desafios atuais enfrentados pelas organizações na prática administrativa.,4. Administração nas organizações contemporâneas
,1,T,"Executar atividades de Recursos Humanos, tais como rotinas administrativas de departamento pessoal e rotinas administrativas de treinamento e desenvolvimento;                                                                                                                                        Compreender e aplicar noções de legislação e marco regulatório (LGPD).","Curiosidade - Ser interessado em ideias e ter paixão por aprender, compreensão e exploração intelectual; uma mentalidade curiosa;
Autoeficácia - A força das crenças dos indivíduos em sua capacidade de executar tarefas e atingir objetivos;
Motivação de realização - Estabelecer padrões elevados para si mesmo e trabalhar muito para alcançá-los;
Tolerância ao estresse - Ter eficácia na modulação da ansiedade e capacidade de resolver problemas com calma;
Persistência - Ser capaz de perseverar em tarefas e atividades até que sejam concluídas;
Empatia - Compreender e preocupar-se com os outros e com o seu bem-estar. Valorizar e investir no relacionamento próximo;
Criatividade - Gerar novas maneiras de fazer ou pensar sobre as coisas por meio da exploração, aprendizagem a partir do fracasso, insight e visão.","Introdução à Administração, Legislação e Pessoas",C1,4,"Funções Administrativas, Planejamento, Organização, Direção e Controle",,2,Planejamento e organização,Aula 1: Planejamento estratégico,Compreender as funções administrativas de planejamento e organização no apoio às atividades da empresa.,Compreender os elementos do planejamento estratégico no contexto organizacional.,1. Planejamento nas empresas
,1,T,"Executar atividades de Recursos Humanos, tais como rotinas administrativas de departamento pessoal e rotinas administrativas de treinamento e desenvolvimento;                                                                                                                                        Compreender e aplicar noções de legislação e marco regulatório (LGPD).","Curiosidade - Ser interessado em ideias e ter paixão por aprender, compreensão e exploração intelectual; uma mentalidade curiosa;
Autoeficácia - A força das crenças dos indivíduos em sua capacidade de executar tarefas e atingir objetivos;
Motivação de realização - Estabelecer padrões elevados para si mesmo e trabalhar muito para alcançá-los;
Tolerância ao estresse - Ter eficácia na modulação da ansiedade e capacidade de resolver problemas com calma;
Persistência - Ser capaz de perseverar em tarefas e atividades até que sejam concluídas;
Empatia - Compreender e preocupar-se com os outros e com o seu bem-estar. Valorizar e investir no relacionamento próximo;
Criatividade - Gerar novas maneiras de fazer ou pensar sobre as coisas por meio da exploração, aprendizagem a partir do fracasso, insight e visão.","Introdução à Administração, Legislação e Pessoas",C1,4,"Funções Administrativas, Planejamento, Organização, Direção e Controle",,2,Planejamento e organização,Aula 2: Análise SWOT,Compreender as funções administrativas de planejamento e organização no apoio às atividades da empresa.,Compreender a estrutura e a finalidade da análise SWOT.,2. Ferramentas de análise organizacional
,1,T,"Executar atividades de Recursos Humanos, tais como rotinas administrativas de departamento pessoal e rotinas administrativas de treinamento e desenvolvimento;                                                                                                                                        Compreender e aplicar noções de legislação e marco regulatório (LGPD).","Curiosidade - Ser interessado em ideias e ter paixão por aprender, compreensão e exploração intelectual; uma mentalidade curiosa;
Autoeficácia - A força das crenças dos indivíduos em sua capacidade de executar tarefas e atingir objetivos;
Motivação de realização - Estabelecer padrões elevados para si mesmo e trabalhar muito para alcançá-los;
Tolerância ao estresse - Ter eficácia na modulação da ansiedade e capacidade de resolver problemas com calma;
Persistência - Ser capaz de perseverar em tarefas e atividades até que sejam concluídas;
Empatia - Compreender e preocupar-se com os outros e com o seu bem-estar. Valorizar e investir no relacionamento próximo;
Criatividade - Gerar novas maneiras de fazer ou pensar sobre as coisas por meio da exploração, aprendizagem a partir do fracasso, insight e visão.","Introdução à Administração, Legislação e Pessoas",C1,4,"Funções Administrativas, Planejamento, Organização, Direção e Controle",,2,Planejamento e organização,Aula 3: Inovação no planejamento,Compreender as funções administrativas de planejamento e organização no apoio às atividades da empresa.,Compreender como a inovação contribui para o planejamento estratégico.,3. Inovação como estratégia administrativa
,1,T,"Executar atividades de Recursos Humanos, tais como rotinas administrativas de departamento pessoal e rotinas administrativas de treinamento e desenvolvimento;                                                                                                                                        Compreender e aplicar noções de legislação e marco regulatório (LGPD).","Curiosidade - Ser interessado em ideias e ter paixão por aprender, compreensão e exploração intelectual; uma mentalidade curiosa;
Autoeficácia - A força das crenças dos indivíduos em sua capacidade de executar tarefas e atingir objetivos;
Motivação de realização - Estabelecer padrões elevados para si mesmo e trabalhar muito para alcançá-los;
Tolerância ao estresse - Ter eficácia na modulação da ansiedade e capacidade de resolver problemas com calma;
Persistência - Ser capaz de perseverar em tarefas e atividades até que sejam concluídas;
Empatia - Compreender e preocupar-se com os outros e com o seu bem-estar. Valorizar e investir no relacionamento próximo;
Criatividade - Gerar novas maneiras de fazer ou pensar sobre as coisas por meio da exploração, aprendizagem a partir do fracasso, insight e visão.","Introdução à Administração, Legislação e Pessoas",C1,4,"Funções Administrativas, Planejamento, Organização, Direção e Controle",,2,Planejamento e organização,Aula 4: Gestão contemporânea,Compreender as funções administrativas de planejamento e organização no apoio às atividades da empresa.,Identificar práticas de gestão contemporânea no ambiente de trabalho.,4. Gestão e adaptação
,1,T,"Executar atividades de Recursos Humanos, tais como rotinas administrativas de departamento pessoal e rotinas administrativas de treinamento e desenvolvimento;                                                                                                                                        Compreender e aplicar noções de legislação e marco regulatório (LGPD).","Curiosidade - Ser interessado em ideias e ter paixão por aprender, compreensão e exploração intelectual; uma mentalidade curiosa;
Autoeficácia - A força das crenças dos indivíduos em sua capacidade de executar tarefas e atingir objetivos;
Motivação de realização - Estabelecer padrões elevados para si mesmo e trabalhar muito para alcançá-los;
Tolerância ao estresse - Ter eficácia na modulação da ansiedade e capacidade de resolver problemas com calma;
Persistência - Ser capaz de perseverar em tarefas e atividades até que sejam concluídas;
Empatia - Compreender e preocupar-se com os outros e com o seu bem-estar. Valorizar e investir no relacionamento próximo;
Criatividade - Gerar novas maneiras de fazer ou pensar sobre as coisas por meio da exploração, aprendizagem a partir do fracasso, insight e visão.","Introdução à Administração, Legislação e Pessoas",C1,4,"Funções Administrativas, Planejamento, Organização, Direção e Controle",,3,Direção e controle administrativo,Aula 1: Uso eficiente dos recursos,Compreender as funções administrativas de direção e controle e sua relação com os resultados organizacionais.,"Identificar o que torna uma atividade eficiente no uso de tempo, pessoas e materiais.",1. Otimização de recursos 
,1,T,"Executar atividades de Recursos Humanos, tais como rotinas administrativas de departamento pessoal e rotinas administrativas de treinamento e desenvolvimento;                                                                                                                                        Compreender e aplicar noções de legislação e marco regulatório (LGPD).","Curiosidade - Ser interessado em ideias e ter paixão por aprender, compreensão e exploração intelectual; uma mentalidade curiosa;
Autoeficácia - A força das crenças dos indivíduos em sua capacidade de executar tarefas e atingir objetivos;
Motivação de realização - Estabelecer padrões elevados para si mesmo e trabalhar muito para alcançá-los;
Tolerância ao estresse - Ter eficácia na modulação da ansiedade e capacidade de resolver problemas com calma;
Persistência - Ser capaz de perseverar em tarefas e atividades até que sejam concluídas;
Empatia - Compreender e preocupar-se com os outros e com o seu bem-estar. Valorizar e investir no relacionamento próximo;
Criatividade - Gerar novas maneiras de fazer ou pensar sobre as coisas por meio da exploração, aprendizagem a partir do fracasso, insight e visão.","Introdução à Administração, Legislação e Pessoas",C1,4,"Funções Administrativas, Planejamento, Organização, Direção e Controle",,3,Direção e controle administrativo,Aula 2: Cumprimento de metas com eficácia,Compreender as funções administrativas de direção e controle e sua relação com os resultados organizacionais.,Compreender como atingir objetivos organizacionais com foco nos resultados.,2. Alinhamento entre metas e resultados
,1,T,"Executar atividades de Recursos Humanos, tais como rotinas administrativas de departamento pessoal e rotinas administrativas de treinamento e desenvolvimento;                                                                                                                                        Compreender e aplicar noções de legislação e marco regulatório (LGPD).","Curiosidade - Ser interessado em ideias e ter paixão por aprender, compreensão e exploração intelectual; uma mentalidade curiosa;
Autoeficácia - A força das crenças dos indivíduos em sua capacidade de executar tarefas e atingir objetivos;
Motivação de realização - Estabelecer padrões elevados para si mesmo e trabalhar muito para alcançá-los;
Tolerância ao estresse - Ter eficácia na modulação da ansiedade e capacidade de resolver problemas com calma;
Persistência - Ser capaz de perseverar em tarefas e atividades até que sejam concluídas;
Empatia - Compreender e preocupar-se com os outros e com o seu bem-estar. Valorizar e investir no relacionamento próximo;
Criatividade - Gerar novas maneiras de fazer ou pensar sobre as coisas por meio da exploração, aprendizagem a partir do fracasso, insight e visão.","Introdução à Administração, Legislação e Pessoas",C1,4,"Funções Administrativas, Planejamento, Organização, Direção e Controle",,3,Direção e controle administrativo,Aula 3: Resultados com impacto real,Compreender as funções administrativas de direção e controle e sua relação com os resultados organizacionais.,Compreender o papel da efetividade nas entregas administrativas.,3. Alcance e utilidade das ações administrativas
,1,T,"Executar atividades de Recursos Humanos, tais como rotinas administrativas de departamento pessoal e rotinas administrativas de treinamento e desenvolvimento;                                                                                                                                        Compreender e aplicar noções de legislação e marco regulatório (LGPD).","Curiosidade - Ser interessado em ideias e ter paixão por aprender, compreensão e exploração intelectual; uma mentalidade curiosa;
Autoeficácia - A força das crenças dos indivíduos em sua capacidade de executar tarefas e atingir objetivos;
Motivação de realização - Estabelecer padrões elevados para si mesmo e trabalhar muito para alcançá-los;
Tolerância ao estresse - Ter eficácia na modulação da ansiedade e capacidade de resolver problemas com calma;
Persistência - Ser capaz de perseverar em tarefas e atividades até que sejam concluídas;
Empatia - Compreender e preocupar-se com os outros e com o seu bem-estar. Valorizar e investir no relacionamento próximo;
Criatividade - Gerar novas maneiras de fazer ou pensar sobre as coisas por meio da exploração, aprendizagem a partir do fracasso, insight e visão.","Introdução à Administração, Legislação e Pessoas",C1,4,"Funções Administrativas, Planejamento, Organização, Direção e Controle",,3,Direção e controle administrativo,Aula 4: Diferenças entre desempenho e resultado,Compreender as funções administrativas de direção e controle e sua relação com os resultados organizacionais.,"Comparar eficiência, eficácia e efetividade em tarefas comuns.",4. Análise comparativa do desempenho organizacional
Recomposição da Aprendizagem,,,,,,,,,,,,,,,
X,1,P,"Executar atividades de Recursos Humanos, tais como rotinas administrativas de departamento pessoal e rotinas administrativas de treinamento e desenvolvimento;                                                                                                                                        Compreender e aplicar noções de legislação e marco regulatório (LGPD).","Curiosidade - Ser interessado em ideias e ter paixão por aprender, compreensão e exploração intelectual; uma mentalidade curiosa;
Autoeficácia - A força das crenças dos indivíduos em sua capacidade de executar tarefas e atingir objetivos;
Motivação de realização - Estabelecer padrões elevados para si mesmo e trabalhar muito para alcançá-los;
Tolerância ao estresse - Ter eficácia na modulação da ansiedade e capacidade de resolver problemas com calma;
Persistência - Ser capaz de perseverar em tarefas e atividades até que sejam concluídas;
Empatia - Compreender e preocupar-se com os outros e com o seu bem-estar. Valorizar e investir no relacionamento próximo;
Criatividade - Gerar novas maneiras de fazer ou pensar sobre as coisas por meio da exploração, aprendizagem a partir do fracasso, insight e visão.","Introdução à Administração, Legislação e Pessoas",C1,4,"Funções Administrativas, Planejamento, Organização, Direção e Controle",,4,Prática das funções administrativas,Aula 1: Organizando tarefas com base no planejamento,Aplicar os conceitos de planejamento e desempenho para organizar tarefas administrativas.,Aplicar a lógica do planejamento estratégico para distribuir tarefas administrativas.,1.Execução do planejamento
X,1,P,"Executar atividades de Recursos Humanos, tais como rotinas administrativas de departamento pessoal e rotinas administrativas de treinamento e desenvolvimento;                                                                                                                                        Compreender e aplicar noções de legislação e marco regulatório (LGPD).","Curiosidade - Ser interessado em ideias e ter paixão por aprender, compreensão e exploração intelectual; uma mentalidade curiosa;
Autoeficácia - A força das crenças dos indivíduos em sua capacidade de executar tarefas e atingir objetivos;
Motivação de realização - Estabelecer padrões elevados para si mesmo e trabalhar muito para alcançá-los;
Tolerância ao estresse - Ter eficácia na modulação da ansiedade e capacidade de resolver problemas com calma;
Persistência - Ser capaz de perseverar em tarefas e atividades até que sejam concluídas;
Empatia - Compreender e preocupar-se com os outros e com o seu bem-estar. Valorizar e investir no relacionamento próximo;
Criatividade - Gerar novas maneiras de fazer ou pensar sobre as coisas por meio da exploração, aprendizagem a partir do fracasso, insight e visão.","Introdução à Administração, Legislação e Pessoas",C1,4,"Funções Administrativas, Planejamento, Organização, Direção e Controle",,4,Prática das funções administrativas,Aula 2: Identificação de pontos fortes e fracos,Aplicar os conceitos de planejamento e desempenho para organizar tarefas administrativas.,Utilizar a análise SWOT para organizar ideias e estruturar melhorias.,2. Diagnóstico empresarial
X,1,P,"Executar atividades de Recursos Humanos, tais como rotinas administrativas de departamento pessoal e rotinas administrativas de treinamento e desenvolvimento;                                                                                                                                        Compreender e aplicar noções de legislação e marco regulatório (LGPD).","Curiosidade - Ser interessado em ideias e ter paixão por aprender, compreensão e exploração intelectual; uma mentalidade curiosa;
Autoeficácia - A força das crenças dos indivíduos em sua capacidade de executar tarefas e atingir objetivos;
Motivação de realização - Estabelecer padrões elevados para si mesmo e trabalhar muito para alcançá-los;
Tolerância ao estresse - Ter eficácia na modulação da ansiedade e capacidade de resolver problemas com calma;
Persistência - Ser capaz de perseverar em tarefas e atividades até que sejam concluídas;
Empatia - Compreender e preocupar-se com os outros e com o seu bem-estar. Valorizar e investir no relacionamento próximo;
Criatividade - Gerar novas maneiras de fazer ou pensar sobre as coisas por meio da exploração, aprendizagem a partir do fracasso, insight e visão.","Introdução à Administração, Legislação e Pessoas",C1,4,"Funções Administrativas, Planejamento, Organização, Direção e Controle",,4,Prática das funções administrativas,Aula 3: Escolha de estratégias e indicadores,Aplicar os conceitos de planejamento e desempenho para organizar tarefas administrativas.,Relacionar estratégias com indicadores de desempenho simples.,3. Alinhamento entre estratégias e controle operacional
X,1,P,"Executar atividades de Recursos Humanos, tais como rotinas administrativas de departamento pessoal e rotinas administrativas de treinamento e desenvolvimento;                                                                                                                                        Compreender e aplicar noções de legislação e marco regulatório (LGPD).","Curiosidade - Ser interessado em ideias e ter paixão por aprender, compreensão e exploração intelectual; uma mentalidade curiosa;
Autoeficácia - A força das crenças dos indivíduos em sua capacidade de executar tarefas e atingir objetivos;
Motivação de realização - Estabelecer padrões elevados para si mesmo e trabalhar muito para alcançá-los;
Tolerância ao estresse - Ter eficácia na modulação da ansiedade e capacidade de resolver problemas com calma;
Persistência - Ser capaz de perseverar em tarefas e atividades até que sejam concluídas;
Empatia - Compreender e preocupar-se com os outros e com o seu bem-estar. Valorizar e investir no relacionamento próximo;
Criatividade - Gerar novas maneiras de fazer ou pensar sobre as coisas por meio da exploração, aprendizagem a partir do fracasso, insight e visão.","Introdução à Administração, Legislação e Pessoas",C1,4,"Funções Administrativas, Planejamento, Organização, Direção e Controle",,4,Prática das funções administrativas,"Aula 4: Eficiência, eficácia e efetividade na prática",Aplicar os conceitos de planejamento e desempenho para organizar tarefas administrativas.,Aplicar os conceitos de desempenho em uma simulação de rotina administrativa.,4. Aplicação de indicadores de desempenho
,1,T,"Executar atividades de Recursos Humanos, tais como rotinas administrativas de departamento pessoal e rotinas administrativas de treinamento e desenvolvimento;                                                                                                                                        Compreender e aplicar noções de legislação e marco regulatório (LGPD).","Curiosidade - Ser interessado em ideias e ter paixão por aprender, compreensão e exploração intelectual; uma mentalidade curiosa;
Autoeficácia - A força das crenças dos indivíduos em sua capacidade de executar tarefas e atingir objetivos;
Motivação de realização - Estabelecer padrões elevados para si mesmo e trabalhar muito para alcançá-los;
Tolerância ao estresse - Ter eficácia na modulação da ansiedade e capacidade de resolver problemas com calma;
Persistência - Ser capaz de perseverar em tarefas e atividades até que sejam concluídas;
Empatia - Compreender e preocupar-se com os outros e com o seu bem-estar. Valorizar e investir no relacionamento próximo;
Criatividade - Gerar novas maneiras de fazer ou pensar sobre as coisas por meio da exploração, aprendizagem a partir do fracasso, insight e visão.","Introdução à Administração, Legislação e Pessoas",C1,4,Perfil do Administrador e Evolução do Papel do Administrador,,5,Papel do administrador,Aula 1: Níveis de planejamento,Compreender a atuação do administrador em diferentes contextos organizacionais e níveis de gestão.,"Identificar os níveis estratégico, tático e operacional dentro das organizações.",1. Classificação do planejamento nas empresas
,1,T,"Executar atividades de Recursos Humanos, tais como rotinas administrativas de departamento pessoal e rotinas administrativas de treinamento e desenvolvimento;                                                                                                                                        Compreender e aplicar noções de legislação e marco regulatório (LGPD).","Curiosidade - Ser interessado em ideias e ter paixão por aprender, compreensão e exploração intelectual; uma mentalidade curiosa;
Autoeficácia - A força das crenças dos indivíduos em sua capacidade de executar tarefas e atingir objetivos;
Motivação de realização - Estabelecer padrões elevados para si mesmo e trabalhar muito para alcançá-los;
Tolerância ao estresse - Ter eficácia na modulação da ansiedade e capacidade de resolver problemas com calma;
Persistência - Ser capaz de perseverar em tarefas e atividades até que sejam concluídas;
Empatia - Compreender e preocupar-se com os outros e com o seu bem-estar. Valorizar e investir no relacionamento próximo;
Criatividade - Gerar novas maneiras de fazer ou pensar sobre as coisas por meio da exploração, aprendizagem a partir do fracasso, insight e visão.","Introdução à Administração, Legislação e Pessoas",C1,4,Perfil do Administrador e Evolução do Papel do Administrador,,5,Papel do administrador,Aula 2: O ciclo PDCA,Compreender a atuação do administrador em diferentes contextos organizacionais e níveis de gestão.,Compreender como o ciclo PDCA pode ser usado para melhorar processos administrativos.,2. Ciclos de melhoria de processos
,1,T,"Executar atividades de Recursos Humanos, tais como rotinas administrativas de departamento pessoal e rotinas administrativas de treinamento e desenvolvimento;                                                                                                                                        Compreender e aplicar noções de legislação e marco regulatório (LGPD).","Curiosidade - Ser interessado em ideias e ter paixão por aprender, compreensão e exploração intelectual; uma mentalidade curiosa;
Autoeficácia - A força das crenças dos indivíduos em sua capacidade de executar tarefas e atingir objetivos;
Motivação de realização - Estabelecer padrões elevados para si mesmo e trabalhar muito para alcançá-los;
Tolerância ao estresse - Ter eficácia na modulação da ansiedade e capacidade de resolver problemas com calma;
Persistência - Ser capaz de perseverar em tarefas e atividades até que sejam concluídas;
Empatia - Compreender e preocupar-se com os outros e com o seu bem-estar. Valorizar e investir no relacionamento próximo;
Criatividade - Gerar novas maneiras de fazer ou pensar sobre as coisas por meio da exploração, aprendizagem a partir do fracasso, insight e visão.","Introdução à Administração, Legislação e Pessoas",C1,4,Perfil do Administrador e Evolução do Papel do Administrador,,5,Papel do administrador,Aula 3: Funções administrativas aplicadas à gestão,Compreender a atuação do administrador em diferentes contextos organizacionais e níveis de gestão.,Compreender como as funções administrativas são executadas na rotina dos gestores.,3. Atuação do gestor
,1,T,"Executar atividades de Recursos Humanos, tais como rotinas administrativas de departamento pessoal e rotinas administrativas de treinamento e desenvolvimento;                                                                                                                                        Compreender e aplicar noções de legislação e marco regulatório (LGPD).","Curiosidade - Ser interessado em ideias e ter paixão por aprender, compreensão e exploração intelectual; uma mentalidade curiosa;
Autoeficácia - A força das crenças dos indivíduos em sua capacidade de executar tarefas e atingir objetivos;
Motivação de realização - Estabelecer padrões elevados para si mesmo e trabalhar muito para alcançá-los;
Tolerância ao estresse - Ter eficácia na modulação da ansiedade e capacidade de resolver problemas com calma;
Persistência - Ser capaz de perseverar em tarefas e atividades até que sejam concluídas;
Empatia - Compreender e preocupar-se com os outros e com o seu bem-estar. Valorizar e investir no relacionamento próximo;
Criatividade - Gerar novas maneiras de fazer ou pensar sobre as coisas por meio da exploração, aprendizagem a partir do fracasso, insight e visão.","Introdução à Administração, Legislação e Pessoas",C1,4,Perfil do Administrador e Evolução do Papel do Administrador,,5,Papel do administrador,Aula 4: Desafios da gestão no ambiente globalizado,Compreender a atuação do administrador em diferentes contextos organizacionais e níveis de gestão.,Compreender os desafios enfrentados pelos gestores em contextos competitivos e globalizados.,4.Gestão diante da competitividade e mudanças externas
Recomposição da Aprendizagem,,,,,,,,,,,,,,,
,1,T,"Executar atividades de Recursos Humanos, tais como rotinas administrativas de departamento pessoal e rotinas administrativas de treinamento e desenvolvimento;                                                                                                                                        Compreender e aplicar noções de legislação e marco regulatório (LGPD).","Curiosidade - Ser interessado em ideias e ter paixão por aprender, compreensão e exploração intelectual; uma mentalidade curiosa;
Autoeficácia - A força das crenças dos indivíduos em sua capacidade de executar tarefas e atingir objetivos;
Motivação de realização - Estabelecer padrões elevados para si mesmo e trabalhar muito para alcançá-los;
Tolerância ao estresse - Ter eficácia na modulação da ansiedade e capacidade de resolver problemas com calma;
Persistência - Ser capaz de perseverar em tarefas e atividades até que sejam concluídas;
Empatia - Compreender e preocupar-se com os outros e com o seu bem-estar. Valorizar e investir no relacionamento próximo;
Criatividade - Gerar novas maneiras de fazer ou pensar sobre as coisas por meio da exploração, aprendizagem a partir do fracasso, insight e visão.","Introdução à Administração, Legislação e Pessoas",C1,4,Ética Profissional,,6,Ética no ambiente organizacional,Aula 1: A ética profissional,"Identificar práticas éticas dentro do ambiente de trabalho, contribuindo para a criação de um ambiente organizacional justo e transparente.",Compreender o conceito de ética e sua aplicação no ambiente de trabalho.,1. Fundamentos da ética nas organizações
,1,T,"Executar atividades de Recursos Humanos, tais como rotinas administrativas de departamento pessoal e rotinas administrativas de treinamento e desenvolvimento;                                                                                                                                        Compreender e aplicar noções de legislação e marco regulatório (LGPD).","Curiosidade - Ser interessado em ideias e ter paixão por aprender, compreensão e exploração intelectual; uma mentalidade curiosa;
Autoeficácia - A força das crenças dos indivíduos em sua capacidade de executar tarefas e atingir objetivos;
Motivação de realização - Estabelecer padrões elevados para si mesmo e trabalhar muito para alcançá-los;
Tolerância ao estresse - Ter eficácia na modulação da ansiedade e capacidade de resolver problemas com calma;
Persistência - Ser capaz de perseverar em tarefas e atividades até que sejam concluídas;
Empatia - Compreender e preocupar-se com os outros e com o seu bem-estar. Valorizar e investir no relacionamento próximo;
Criatividade - Gerar novas maneiras de fazer ou pensar sobre as coisas por meio da exploração, aprendizagem a partir do fracasso, insight e visão.","Introdução à Administração, Legislação e Pessoas",C1,4,Ética Profissional,,6,Ética no ambiente organizacional,Aula 2: A importância da ética,"Identificar práticas éticas dentro do ambiente de trabalho, contribuindo para a criação de um ambiente organizacional justo e transparente.",Compreender a importância da ética na vida pessoal e no ambiente corporativo.,2. Princípios que orientam condutas profissionais
,1,T,"Executar atividades de Recursos Humanos, tais como rotinas administrativas de departamento pessoal e rotinas administrativas de treinamento e desenvolvimento;                                                                                                                                        Compreender e aplicar noções de legislação e marco regulatório (LGPD).","Curiosidade - Ser interessado em ideias e ter paixão por aprender, compreensão e exploração intelectual; uma mentalidade curiosa;
Autoeficácia - A força das crenças dos indivíduos em sua capacidade de executar tarefas e atingir objetivos;
Motivação de realização - Estabelecer padrões elevados para si mesmo e trabalhar muito para alcançá-los;
Tolerância ao estresse - Ter eficácia na modulação da ansiedade e capacidade de resolver problemas com calma;
Persistência - Ser capaz de perseverar em tarefas e atividades até que sejam concluídas;
Empatia - Compreender e preocupar-se com os outros e com o seu bem-estar. Valorizar e investir no relacionamento próximo;
Criatividade - Gerar novas maneiras de fazer ou pensar sobre as coisas por meio da exploração, aprendizagem a partir do fracasso, insight e visão.","Introdução à Administração, Legislação e Pessoas",C1,4,Ética Profissional,,6,Ética no ambiente organizacional,Aula 3: Ética no ambiente digital,"Identificar práticas éticas dentro do ambiente de trabalho, contribuindo para a criação de um ambiente organizacional justo e transparente.",Compreender a importância da ética nos meios digitais.,3. Conduta ética no uso de tecnologias
,1,T,"Executar atividades de Recursos Humanos, tais como rotinas administrativas de departamento pessoal e rotinas administrativas de treinamento e desenvolvimento;                                                                                                                                        Compreender e aplicar noções de legislação e marco regulatório (LGPD).","Curiosidade - Ser interessado em ideias e ter paixão por aprender, compreensão e exploração intelectual; uma mentalidade curiosa;
Autoeficácia - A força das crenças dos indivíduos em sua capacidade de executar tarefas e atingir objetivos;
Motivação de realização - Estabelecer padrões elevados para si mesmo e trabalhar muito para alcançá-los;
Tolerância ao estresse - Ter eficácia na modulação da ansiedade e capacidade de resolver problemas com calma;
Persistência - Ser capaz de perseverar em tarefas e atividades até que sejam concluídas;
Empatia - Compreender e preocupar-se com os outros e com o seu bem-estar. Valorizar e investir no relacionamento próximo;
Criatividade - Gerar novas maneiras de fazer ou pensar sobre as coisas por meio da exploração, aprendizagem a partir do fracasso, insight e visão.","Introdução à Administração, Legislação e Pessoas",C1,4,Ética Profissional,,6,Ética no ambiente organizacional,Aula 4: Lidando com a mentira no trabalho,"Identificar práticas éticas dentro do ambiente de trabalho, contribuindo para a criação de um ambiente organizacional justo e transparente.",Compreender como lidar com situações de mentira sob a perspectiva ética.,4. Ética em situações de conflito de valores
,1,T,"Executar atividades de Recursos Humanos, tais como rotinas administrativas de departamento pessoal e rotinas administrativas de treinamento e desenvolvimento;                                                                                                                                        Compreender e aplicar noções de legislação e marco regulatório (LGPD).","Curiosidade - Ser interessado em ideias e ter paixão por aprender, compreensão e exploração intelectual; uma mentalidade curiosa;
Autoeficácia - A força das crenças dos indivíduos em sua capacidade de executar tarefas e atingir objetivos;
Motivação de realização - Estabelecer padrões elevados para si mesmo e trabalhar muito para alcançá-los;
Tolerância ao estresse - Ter eficácia na modulação da ansiedade e capacidade de resolver problemas com calma;
Persistência - Ser capaz de perseverar em tarefas e atividades até que sejam concluídas;
Empatia - Compreender e preocupar-se com os outros e com o seu bem-estar. Valorizar e investir no relacionamento próximo;
Criatividade - Gerar novas maneiras de fazer ou pensar sobre as coisas por meio da exploração, aprendizagem a partir do fracasso, insight e visão.","Introdução à Administração, Legislação e Pessoas",C1,4,Processo Decisório,,7,Processo de decisão administrativa,Aula 1: Conceito de processo decisório,Compreender as etapas e os níveis da tomada de decisão no contexto administrativo.,Compreender o que é processo decisório e sua importância nas organizações.,1. Processo decisório
,1,T,"Executar atividades de Recursos Humanos, tais como rotinas administrativas de departamento pessoal e rotinas administrativas de treinamento e desenvolvimento;                                                                                                                                        Compreender e aplicar noções de legislação e marco regulatório (LGPD).","Curiosidade - Ser interessado em ideias e ter paixão por aprender, compreensão e exploração intelectual; uma mentalidade curiosa;
Autoeficácia - A força das crenças dos indivíduos em sua capacidade de executar tarefas e atingir objetivos;
Motivação de realização - Estabelecer padrões elevados para si mesmo e trabalhar muito para alcançá-los;
Tolerância ao estresse - Ter eficácia na modulação da ansiedade e capacidade de resolver problemas com calma;
Persistência - Ser capaz de perseverar em tarefas e atividades até que sejam concluídas;
Empatia - Compreender e preocupar-se com os outros e com o seu bem-estar. Valorizar e investir no relacionamento próximo;
Criatividade - Gerar novas maneiras de fazer ou pensar sobre as coisas por meio da exploração, aprendizagem a partir do fracasso, insight e visão.","Introdução à Administração, Legislação e Pessoas",C1,4,Processo Decisório,,7,Processo de decisão administrativa,Aula 2: Informação e decisão nas empresas,Compreender as etapas e os níveis da tomada de decisão no contexto administrativo.,Compreender como a informação contribui para decisões mais eficazes.,2. Informação para decisão
,1,T,"Executar atividades de Recursos Humanos, tais como rotinas administrativas de departamento pessoal e rotinas administrativas de treinamento e desenvolvimento;                                                                                                                                        Compreender e aplicar noções de legislação e marco regulatório (LGPD).","Curiosidade - Ser interessado em ideias e ter paixão por aprender, compreensão e exploração intelectual; uma mentalidade curiosa;
Autoeficácia - A força das crenças dos indivíduos em sua capacidade de executar tarefas e atingir objetivos;
Motivação de realização - Estabelecer padrões elevados para si mesmo e trabalhar muito para alcançá-los;
Tolerância ao estresse - Ter eficácia na modulação da ansiedade e capacidade de resolver problemas com calma;
Persistência - Ser capaz de perseverar em tarefas e atividades até que sejam concluídas;
Empatia - Compreender e preocupar-se com os outros e com o seu bem-estar. Valorizar e investir no relacionamento próximo;
Criatividade - Gerar novas maneiras de fazer ou pensar sobre as coisas por meio da exploração, aprendizagem a partir do fracasso, insight e visão.","Introdução à Administração, Legislação e Pessoas",C1,4,Processo Decisório,,7,Processo de decisão administrativa,Aula 3: Etapas da tomada de decisão,Compreender as etapas e os níveis da tomada de decisão no contexto administrativo.,Identificar as etapas envolvidas no processo decisório.,3. Etapas para tomada de decisão
,1,T,"Executar atividades de Recursos Humanos, tais como rotinas administrativas de departamento pessoal e rotinas administrativas de treinamento e desenvolvimento;                                                                                                                                        Compreender e aplicar noções de legislação e marco regulatório (LGPD).","Curiosidade - Ser interessado em ideias e ter paixão por aprender, compreensão e exploração intelectual; uma mentalidade curiosa;
Autoeficácia - A força das crenças dos indivíduos em sua capacidade de executar tarefas e atingir objetivos;
Motivação de realização - Estabelecer padrões elevados para si mesmo e trabalhar muito para alcançá-los;
Tolerância ao estresse - Ter eficácia na modulação da ansiedade e capacidade de resolver problemas com calma;
Persistência - Ser capaz de perseverar em tarefas e atividades até que sejam concluídas;
Empatia - Compreender e preocupar-se com os outros e com o seu bem-estar. Valorizar e investir no relacionamento próximo;
Criatividade - Gerar novas maneiras de fazer ou pensar sobre as coisas por meio da exploração, aprendizagem a partir do fracasso, insight e visão.","Introdução à Administração, Legislação e Pessoas",C1,4,Processo Decisório,,7,Processo de decisão administrativa,Aula 4: Níveis da tomada de decisão,Compreender as etapas e os níveis da tomada de decisão no contexto administrativo.,"Identificar e diferenciar os níveis estratégico, tático e operacional no processo decisório.",4. Níveis no processo decisório
Recomposição da Aprendizagem,,,,,,,,,,,,,,,
,2,P,"Executar atividades de Recursos Humanos, tais como rotinas administrativas de departamento pessoal e rotinas administrativas de treinamento e desenvolvimento;                                                                                                                                        Compreender e aplicar noções de legislação e marco regulatório (LGPD).","Curiosidade - Ser interessado em ideias e ter paixão por aprender, compreensão e exploração intelectual; uma mentalidade curiosa;
Autoeficácia - A força das crenças dos indivíduos em sua capacidade de executar tarefas e atingir objetivos;
Motivação de realização - Estabelecer padrões elevados para si mesmo e trabalhar muito para alcançá-los;
Tolerância ao estresse - Ter eficácia na modulação da ansiedade e capacidade de resolver problemas com calma;
Persistência - Ser capaz de perseverar em tarefas e atividades até que sejam concluídas;
Empatia - Compreender e preocupar-se com os outros e com o seu bem-estar. Valorizar e investir no relacionamento próximo;
Criatividade - Gerar novas maneiras de fazer ou pensar sobre as coisas por meio da exploração, aprendizagem a partir do fracasso, insight e visão.","Introdução à Administração, Legislação e Pessoas",C1,4,Processo Decisório,,8,Tomada de decisão na prática,Aula 1: Organizando decisões com base na informação,Aplicar etapas do processo decisório para organizar informações e selecionar alternativas em situações administrativas.,Aplicar a coleta e organização de informações para apoiar decisões.,1. Planejamento de decisões
,2,P,"Executar atividades de Recursos Humanos, tais como rotinas administrativas de departamento pessoal e rotinas administrativas de treinamento e desenvolvimento;                                                                                                                                        Compreender e aplicar noções de legislação e marco regulatório (LGPD).","Curiosidade - Ser interessado em ideias e ter paixão por aprender, compreensão e exploração intelectual; uma mentalidade curiosa;
Autoeficácia - A força das crenças dos indivíduos em sua capacidade de executar tarefas e atingir objetivos;
Motivação de realização - Estabelecer padrões elevados para si mesmo e trabalhar muito para alcançá-los;
Tolerância ao estresse - Ter eficácia na modulação da ansiedade e capacidade de resolver problemas com calma;
Persistência - Ser capaz de perseverar em tarefas e atividades até que sejam concluídas;
Empatia - Compreender e preocupar-se com os outros e com o seu bem-estar. Valorizar e investir no relacionamento próximo;
Criatividade - Gerar novas maneiras de fazer ou pensar sobre as coisas por meio da exploração, aprendizagem a partir do fracasso, insight e visão.","Introdução à Administração, Legislação e Pessoas",C1,4,Processo Decisório,,8,Tomada de decisão na prática,Aula 2: Etapas da decisão em um caso simples,Aplicar etapas do processo decisório para organizar informações e selecionar alternativas em situações administrativas.,Aplicar as etapas do processo decisório em uma situação simulada.,2. Execução do processo decisório
,2,P,"Executar atividades de Recursos Humanos, tais como rotinas administrativas de departamento pessoal e rotinas administrativas de treinamento e desenvolvimento;                                                                                                                                        Compreender e aplicar noções de legislação e marco regulatório (LGPD).","Curiosidade - Ser interessado em ideias e ter paixão por aprender, compreensão e exploração intelectual; uma mentalidade curiosa;
Autoeficácia - A força das crenças dos indivíduos em sua capacidade de executar tarefas e atingir objetivos;
Motivação de realização - Estabelecer padrões elevados para si mesmo e trabalhar muito para alcançá-los;
Tolerância ao estresse - Ter eficácia na modulação da ansiedade e capacidade de resolver problemas com calma;
Persistência - Ser capaz de perseverar em tarefas e atividades até que sejam concluídas;
Empatia - Compreender e preocupar-se com os outros e com o seu bem-estar. Valorizar e investir no relacionamento próximo;
Criatividade - Gerar novas maneiras de fazer ou pensar sobre as coisas por meio da exploração, aprendizagem a partir do fracasso, insight e visão.","Introdução à Administração, Legislação e Pessoas",C1,4,Processo Decisório,,8,Tomada de decisão na prática,Aula 3: Níveis da decisão no dia a dia,Aplicar etapas do processo decisório para organizar informações e selecionar alternativas em situações administrativas.,"Distinguir decisões simples entre níveis estratégico, tático e operacional.",3. Classificação de decisões	
,2,P,"Executar atividades de Recursos Humanos, tais como rotinas administrativas de departamento pessoal e rotinas administrativas de treinamento e desenvolvimento;                                                                                                                                        Compreender e aplicar noções de legislação e marco regulatório (LGPD).","Curiosidade - Ser interessado em ideias e ter paixão por aprender, compreensão e exploração intelectual; uma mentalidade curiosa;
Autoeficácia - A força das crenças dos indivíduos em sua capacidade de executar tarefas e atingir objetivos;
Motivação de realização - Estabelecer padrões elevados para si mesmo e trabalhar muito para alcançá-los;
Tolerância ao estresse - Ter eficácia na modulação da ansiedade e capacidade de resolver problemas com calma;
Persistência - Ser capaz de perseverar em tarefas e atividades até que sejam concluídas;
Empatia - Compreender e preocupar-se com os outros e com o seu bem-estar. Valorizar e investir no relacionamento próximo;
Criatividade - Gerar novas maneiras de fazer ou pensar sobre as coisas por meio da exploração, aprendizagem a partir do fracasso, insight e visão.","Introdução à Administração, Legislação e Pessoas",C1,4,Processo Decisório,,8,Tomada de decisão na prática,Aula 4: Resultados e consequências das decisões,Aplicar etapas do processo decisório para organizar informações e selecionar alternativas em situações administrativas.,Avaliar os impactos de uma decisão administrativa sobre a equipe ou tarefa.,4. Análise de efeitos de decisões
Recomposição da Aprendizagem,,,,,,,,,,,,,,,
,2,T,"Executar atividades de Recursos Humanos, tais como rotinas administrativas de departamento pessoal e rotinas administrativas de treinamento e desenvolvimento;                                                                                                                                        Compreender e aplicar noções de legislação e marco regulatório (LGPD).","Curiosidade - Ser interessado em ideias e ter paixão por aprender, compreensão e exploração intelectual; uma mentalidade curiosa;
Autoeficácia - A força das crenças dos indivíduos em sua capacidade de executar tarefas e atingir objetivos;
Motivação de realização - Estabelecer padrões elevados para si mesmo e trabalhar muito para alcançá-los;
Tolerância ao estresse - Ter eficácia na modulação da ansiedade e capacidade de resolver problemas com calma;
Persistência - Ser capaz de perseverar em tarefas e atividades até que sejam concluídas;
Empatia - Compreender e preocupar-se com os outros e com o seu bem-estar. Valorizar e investir no relacionamento próximo;
Criatividade - Gerar novas maneiras de fazer ou pensar sobre as coisas por meio da exploração, aprendizagem a partir do fracasso, insight e visão.","Introdução à Administração, Legislação e Pessoas",C1,4,"Introdução ao ESG – Responsabilidade Social, Meio Ambiente, Governança Corporativa e Sustentabilidade",,9,Fundamentos do ESG,Aula 1: ESG e sua importância,Compreender os fundamentos do ESG e sua aplicação em práticas administrativas.,Compreender o conceito de ESG e sua importância para as organizações.,1. Introdução ao ESG
,2,T,"Executar atividades de Recursos Humanos, tais como rotinas administrativas de departamento pessoal e rotinas administrativas de treinamento e desenvolvimento;                                                                                                                                        Compreender e aplicar noções de legislação e marco regulatório (LGPD).","Curiosidade - Ser interessado em ideias e ter paixão por aprender, compreensão e exploração intelectual; uma mentalidade curiosa;
Autoeficácia - A força das crenças dos indivíduos em sua capacidade de executar tarefas e atingir objetivos;
Motivação de realização - Estabelecer padrões elevados para si mesmo e trabalhar muito para alcançá-los;
Tolerância ao estresse - Ter eficácia na modulação da ansiedade e capacidade de resolver problemas com calma;
Persistência - Ser capaz de perseverar em tarefas e atividades até que sejam concluídas;
Empatia - Compreender e preocupar-se com os outros e com o seu bem-estar. Valorizar e investir no relacionamento próximo;
Criatividade - Gerar novas maneiras de fazer ou pensar sobre as coisas por meio da exploração, aprendizagem a partir do fracasso, insight e visão.","Introdução à Administração, Legislação e Pessoas",C1,4,"Introdução ao ESG – Responsabilidade Social, Meio Ambiente, Governança Corporativa e Sustentabilidade",,9,Fundamentos do ESG,Aula 2: Sustentabilidade nas empresas,Compreender os fundamentos do ESG e sua aplicação em práticas administrativas.,Compreender os impactos das práticas organizacionais para a sustentabilidade. ,2. Dimensão ambiental do ESG
,2,T,"Executar atividades de Recursos Humanos, tais como rotinas administrativas de departamento pessoal e rotinas administrativas de treinamento e desenvolvimento;                                                                                                                                        Compreender e aplicar noções de legislação e marco regulatório (LGPD).","Curiosidade - Ser interessado em ideias e ter paixão por aprender, compreensão e exploração intelectual; uma mentalidade curiosa;
Autoeficácia - A força das crenças dos indivíduos em sua capacidade de executar tarefas e atingir objetivos;
Motivação de realização - Estabelecer padrões elevados para si mesmo e trabalhar muito para alcançá-los;
Tolerância ao estresse - Ter eficácia na modulação da ansiedade e capacidade de resolver problemas com calma;
Persistência - Ser capaz de perseverar em tarefas e atividades até que sejam concluídas;
Empatia - Compreender e preocupar-se com os outros e com o seu bem-estar. Valorizar e investir no relacionamento próximo;
Criatividade - Gerar novas maneiras de fazer ou pensar sobre as coisas por meio da exploração, aprendizagem a partir do fracasso, insight e visão.","Introdução à Administração, Legislação e Pessoas",C1,4,"Introdução ao ESG – Responsabilidade Social, Meio Ambiente, Governança Corporativa e Sustentabilidade",,9,Fundamentos do ESG,Aula 3: Práticas e indicadores sustentáveis,Compreender os fundamentos do ESG e sua aplicação em práticas administrativas.,"Compreender os desafios, oportunidades e indicadores de sustentabilidade empresarial.",3. Aplicações do ESG
,2,T,"Executar atividades de Recursos Humanos, tais como rotinas administrativas de departamento pessoal e rotinas administrativas de treinamento e desenvolvimento;                                                                                                                                        Compreender e aplicar noções de legislação e marco regulatório (LGPD).","Curiosidade - Ser interessado em ideias e ter paixão por aprender, compreensão e exploração intelectual; uma mentalidade curiosa;
Autoeficácia - A força das crenças dos indivíduos em sua capacidade de executar tarefas e atingir objetivos;
Motivação de realização - Estabelecer padrões elevados para si mesmo e trabalhar muito para alcançá-los;
Tolerância ao estresse - Ter eficácia na modulação da ansiedade e capacidade de resolver problemas com calma;
Persistência - Ser capaz de perseverar em tarefas e atividades até que sejam concluídas;
Empatia - Compreender e preocupar-se com os outros e com o seu bem-estar. Valorizar e investir no relacionamento próximo;
Criatividade - Gerar novas maneiras de fazer ou pensar sobre as coisas por meio da exploração, aprendizagem a partir do fracasso, insight e visão.","Introdução à Administração, Legislação e Pessoas",C1,4,"Introdução ao ESG – Responsabilidade Social, Meio Ambiente, Governança Corporativa e Sustentabilidade",,9,Fundamentos do ESG,Aula 4: Governança corporativa  sustentabilidade ambiental,Compreender os fundamentos do ESG e sua aplicação em práticas administrativas.,"Identificar práticas básicas de governança, relacionadas à sustentabilidade, no contexto organizacional.",4. Dimensão da governança
,2,T,"Executar atividades de Recursos Humanos, tais como rotinas administrativas de departamento pessoal e rotinas administrativas de treinamento e desenvolvimento;                                                                                                                                        Compreender e aplicar noções de legislação e marco regulatório (LGPD).","Curiosidade - Ser interessado em ideias e ter paixão por aprender, compreensão e exploração intelectual; uma mentalidade curiosa;
Autoeficácia - A força das crenças dos indivíduos em sua capacidade de executar tarefas e atingir objetivos;
Motivação de realização - Estabelecer padrões elevados para si mesmo e trabalhar muito para alcançá-los;
Tolerância ao estresse - Ter eficácia na modulação da ansiedade e capacidade de resolver problemas com calma;
Persistência - Ser capaz de perseverar em tarefas e atividades até que sejam concluídas;
Empatia - Compreender e preocupar-se com os outros e com o seu bem-estar. Valorizar e investir no relacionamento próximo;
Criatividade - Gerar novas maneiras de fazer ou pensar sobre as coisas por meio da exploração, aprendizagem a partir do fracasso, insight e visão.","Introdução à Administração, Legislação e Pessoas",C1,4,"Introdução ao ESG – Responsabilidade Social, Meio Ambiente, Governança Corporativa e Sustentabilidade",,10,ESG e responsabilidade corporativa,Aula 1: Responsabilidade corporativa,Compreender o papel da responsabilidade corporativa no contexto do ESG e sua relação com o engajamento organizacional.,	Compreender o conceito de responsabilidade corporativa no contexto do ESG.,1. Fundamentos da responsabilidade ambiental corporativa.
,2,T,"Executar atividades de Recursos Humanos, tais como rotinas administrativas de departamento pessoal e rotinas administrativas de treinamento e desenvolvimento;                                                                                                                                        Compreender e aplicar noções de legislação e marco regulatório (LGPD).","Curiosidade - Ser interessado em ideias e ter paixão por aprender, compreensão e exploração intelectual; uma mentalidade curiosa;
Autoeficácia - A força das crenças dos indivíduos em sua capacidade de executar tarefas e atingir objetivos;
Motivação de realização - Estabelecer padrões elevados para si mesmo e trabalhar muito para alcançá-los;
Tolerância ao estresse - Ter eficácia na modulação da ansiedade e capacidade de resolver problemas com calma;
Persistência - Ser capaz de perseverar em tarefas e atividades até que sejam concluídas;
Empatia - Compreender e preocupar-se com os outros e com o seu bem-estar. Valorizar e investir no relacionamento próximo;
Criatividade - Gerar novas maneiras de fazer ou pensar sobre as coisas por meio da exploração, aprendizagem a partir do fracasso, insight e visão.","Introdução à Administração, Legislação e Pessoas",C1,4,"Introdução ao ESG – Responsabilidade Social, Meio Ambiente, Governança Corporativa e Sustentabilidade",,10,ESG e responsabilidade corporativa,Aula 2: Engajamento com stakeholders,Compreender o papel da responsabilidade corporativa no contexto do ESG e sua relação com o engajamento organizacional.,Compreender o papel dos stakeholders e a importância dos indicadores para acompanhar o engajamento.,2. Relações organizacionais
,2,T,"Executar atividades de Recursos Humanos, tais como rotinas administrativas de departamento pessoal e rotinas administrativas de treinamento e desenvolvimento;                                                                                                                                        Compreender e aplicar noções de legislação e marco regulatório (LGPD).","Curiosidade - Ser interessado em ideias e ter paixão por aprender, compreensão e exploração intelectual; uma mentalidade curiosa;
Autoeficácia - A força das crenças dos indivíduos em sua capacidade de executar tarefas e atingir objetivos;
Motivação de realização - Estabelecer padrões elevados para si mesmo e trabalhar muito para alcançá-los;
Tolerância ao estresse - Ter eficácia na modulação da ansiedade e capacidade de resolver problemas com calma;
Persistência - Ser capaz de perseverar em tarefas e atividades até que sejam concluídas;
Empatia - Compreender e preocupar-se com os outros e com o seu bem-estar. Valorizar e investir no relacionamento próximo;
Criatividade - Gerar novas maneiras de fazer ou pensar sobre as coisas por meio da exploração, aprendizagem a partir do fracasso, insight e visão.","Introdução à Administração, Legislação e Pessoas",C1,4,"Introdução ao ESG – Responsabilidade Social, Meio Ambiente, Governança Corporativa e Sustentabilidade",,10,ESG e responsabilidade corporativa,Aula 3: Desafios do engajamento,Compreender o papel da responsabilidade corporativa no contexto do ESG e sua relação com o engajamento organizacional.,Compreender os desafios enfrentados pelas empresas ao se relacionarem com públicos diversos.,3. Desafios na implementação do ESG
,2,T,"Executar atividades de Recursos Humanos, tais como rotinas administrativas de departamento pessoal e rotinas administrativas de treinamento e desenvolvimento;                                                                                                                                        Compreender e aplicar noções de legislação e marco regulatório (LGPD).","Curiosidade - Ser interessado em ideias e ter paixão por aprender, compreensão e exploração intelectual; uma mentalidade curiosa;
Autoeficácia - A força das crenças dos indivíduos em sua capacidade de executar tarefas e atingir objetivos;
Motivação de realização - Estabelecer padrões elevados para si mesmo e trabalhar muito para alcançá-los;
Tolerância ao estresse - Ter eficácia na modulação da ansiedade e capacidade de resolver problemas com calma;
Persistência - Ser capaz de perseverar em tarefas e atividades até que sejam concluídas;
Empatia - Compreender e preocupar-se com os outros e com o seu bem-estar. Valorizar e investir no relacionamento próximo;
Criatividade - Gerar novas maneiras de fazer ou pensar sobre as coisas por meio da exploração, aprendizagem a partir do fracasso, insight e visão.","Introdução à Administração, Legislação e Pessoas",C1,4,"Introdução ao ESG – Responsabilidade Social, Meio Ambiente, Governança Corporativa e Sustentabilidade",,10,ESG e responsabilidade corporativa,Aula 4: ESG em empresas de menor porte,Compreender o papel da responsabilidade corporativa no contexto do ESG e sua relação com o engajamento organizacional.,Identificar práticas de ESG aplicáveis a pequenas e médias empresas.,4. ESG em diferentes portes de empresa
,2,P,"Executar atividades de Recursos Humanos, tais como rotinas administrativas de departamento pessoal e rotinas administrativas de treinamento e desenvolvimento;                                                                                                                                        Compreender e aplicar noções de legislação e marco regulatório (LGPD).","Curiosidade - Ser interessado em ideias e ter paixão por aprender, compreensão e exploração intelectual; uma mentalidade curiosa;
Autoeficácia - A força das crenças dos indivíduos em sua capacidade de executar tarefas e atingir objetivos;
Motivação de realização - Estabelecer padrões elevados para si mesmo e trabalhar muito para alcançá-los;
Tolerância ao estresse - Ter eficácia na modulação da ansiedade e capacidade de resolver problemas com calma;
Persistência - Ser capaz de perseverar em tarefas e atividades até que sejam concluídas;
Empatia - Compreender e preocupar-se com os outros e com o seu bem-estar. Valorizar e investir no relacionamento próximo;
Criatividade - Gerar novas maneiras de fazer ou pensar sobre as coisas por meio da exploração, aprendizagem a partir do fracasso, insight e visão.","Introdução à Administração, Legislação e Pessoas",C1,4,"Introdução ao ESG – Responsabilidade Social, Meio Ambiente, Governança Corporativa e Sustentabilidade",,11,ESG nas organizações,Aula 1: Práticas de ESG nas organizações,Aplicar os pilares do ESG na análise de práticas organizacionais com foco em responsabilidade e sustentabilidade.,"Identificar ações administrativas que envolvem responsabilidade, sustentabilidade e governança.",1. Elementos do ESG no ambiente de trabalho
,2,P,"Executar atividades de Recursos Humanos, tais como rotinas administrativas de departamento pessoal e rotinas administrativas de treinamento e desenvolvimento;                                                                                                                                        Compreender e aplicar noções de legislação e marco regulatório (LGPD).","Curiosidade - Ser interessado em ideias e ter paixão por aprender, compreensão e exploração intelectual; uma mentalidade curiosa;
Autoeficácia - A força das crenças dos indivíduos em sua capacidade de executar tarefas e atingir objetivos;
Motivação de realização - Estabelecer padrões elevados para si mesmo e trabalhar muito para alcançá-los;
Tolerância ao estresse - Ter eficácia na modulação da ansiedade e capacidade de resolver problemas com calma;
Persistência - Ser capaz de perseverar em tarefas e atividades até que sejam concluídas;
Empatia - Compreender e preocupar-se com os outros e com o seu bem-estar. Valorizar e investir no relacionamento próximo;
Criatividade - Gerar novas maneiras de fazer ou pensar sobre as coisas por meio da exploração, aprendizagem a partir do fracasso, insight e visão.","Introdução à Administração, Legislação e Pessoas",C1,4,"Introdução ao ESG – Responsabilidade Social, Meio Ambiente, Governança Corporativa e Sustentabilidade",,11,ESG nas organizações,Aula 2: Ações sustentáveis no dia a dia,Aplicar os pilares do ESG na análise de práticas organizacionais com foco em responsabilidade e sustentabilidade.,Aplicar conceitos de sustentabilidade na análise de atividades rotineiras das empresas.,2. Sustentabilidade ambiental nas operações
,2,P,"Executar atividades de Recursos Humanos, tais como rotinas administrativas de departamento pessoal e rotinas administrativas de treinamento e desenvolvimento;                                                                                                                                        Compreender e aplicar noções de legislação e marco regulatório (LGPD).","Curiosidade - Ser interessado em ideias e ter paixão por aprender, compreensão e exploração intelectual; uma mentalidade curiosa;
Autoeficácia - A força das crenças dos indivíduos em sua capacidade de executar tarefas e atingir objetivos;
Motivação de realização - Estabelecer padrões elevados para si mesmo e trabalhar muito para alcançá-los;
Tolerância ao estresse - Ter eficácia na modulação da ansiedade e capacidade de resolver problemas com calma;
Persistência - Ser capaz de perseverar em tarefas e atividades até que sejam concluídas;
Empatia - Compreender e preocupar-se com os outros e com o seu bem-estar. Valorizar e investir no relacionamento próximo;
Criatividade - Gerar novas maneiras de fazer ou pensar sobre as coisas por meio da exploração, aprendizagem a partir do fracasso, insight e visão.","Introdução à Administração, Legislação e Pessoas",C1,4,"Introdução ao ESG – Responsabilidade Social, Meio Ambiente, Governança Corporativa e Sustentabilidade",,11,ESG nas organizações,Aula 3: Engajamento social no ambiente interno,Aplicar os pilares do ESG na análise de práticas organizacionais com foco em responsabilidade e sustentabilidade.,Compreender o papel da responsabilidade social nas relações de trabalho.,3. Responsabilidade social interna
,2,P,"Executar atividades de Recursos Humanos, tais como rotinas administrativas de departamento pessoal e rotinas administrativas de treinamento e desenvolvimento;                                                                                                                                        Compreender e aplicar noções de legislação e marco regulatório (LGPD).","Curiosidade - Ser interessado em ideias e ter paixão por aprender, compreensão e exploração intelectual; uma mentalidade curiosa;
Autoeficácia - A força das crenças dos indivíduos em sua capacidade de executar tarefas e atingir objetivos;
Motivação de realização - Estabelecer padrões elevados para si mesmo e trabalhar muito para alcançá-los;
Tolerância ao estresse - Ter eficácia na modulação da ansiedade e capacidade de resolver problemas com calma;
Persistência - Ser capaz de perseverar em tarefas e atividades até que sejam concluídas;
Empatia - Compreender e preocupar-se com os outros e com o seu bem-estar. Valorizar e investir no relacionamento próximo;
Criatividade - Gerar novas maneiras de fazer ou pensar sobre as coisas por meio da exploração, aprendizagem a partir do fracasso, insight e visão.","Introdução à Administração, Legislação e Pessoas",C1,4,"Introdução ao ESG – Responsabilidade Social, Meio Ambiente, Governança Corporativa e Sustentabilidade",,11,ESG nas organizações,Aula 4: Propostas para melhorar a sustentabilidade,Aplicar os pilares do ESG na análise de práticas organizacionais com foco em responsabilidade e sustentabilidade.,Aplicar os pilares do ESG para sugerir melhorias simples no contexto organizacional.,4. Integração de ESG nas rotinas administrativas
Recomposição da Aprendizagem,,,,,,,,,,,,,,,
,2,T,"Executar atividades de Recursos Humanos, tais como rotinas administrativas de departamento pessoal e rotinas administrativas de treinamento e desenvolvimento;                                                                                                                                        Compreender e aplicar noções de legislação e marco regulatório (LGPD).","Curiosidade - Ser interessado em ideias e ter paixão por aprender, compreensão e exploração intelectual; uma mentalidade curiosa;
Autoeficácia - A força das crenças dos indivíduos em sua capacidade de executar tarefas e atingir objetivos;
Motivação de realização - Estabelecer padrões elevados para si mesmo e trabalhar muito para alcançá-los;
Tolerância ao estresse - Ter eficácia na modulação da ansiedade e capacidade de resolver problemas com calma;
Persistência - Ser capaz de perseverar em tarefas e atividades até que sejam concluídas;
Empatia - Compreender e preocupar-se com os outros e com o seu bem-estar. Valorizar e investir no relacionamento próximo;
Criatividade - Gerar novas maneiras de fazer ou pensar sobre as coisas por meio da exploração, aprendizagem a partir do fracasso, insight e visão.","Introdução à Administração, Legislação e Pessoas",C1,4,"Legislação Trabalhista, Normas Regulatórias, Saúde e Segurança no Trabalho",,12,Deveres trabalhistas,Aula 1: Noções de direito do trabalho,Compreender os direitos e deveres básicos dos trabalhadores e das empresas no ambiente organizacional.,Compreender os conceitos básicos sobre a legislação trabalhista.,1. Introdução a legislação trabalhista
,2,T,"Executar atividades de Recursos Humanos, tais como rotinas administrativas de departamento pessoal e rotinas administrativas de treinamento e desenvolvimento;                                                                                                                                        Compreender e aplicar noções de legislação e marco regulatório (LGPD).","Curiosidade - Ser interessado em ideias e ter paixão por aprender, compreensão e exploração intelectual; uma mentalidade curiosa;
Autoeficácia - A força das crenças dos indivíduos em sua capacidade de executar tarefas e atingir objetivos;
Motivação de realização - Estabelecer padrões elevados para si mesmo e trabalhar muito para alcançá-los;
Tolerância ao estresse - Ter eficácia na modulação da ansiedade e capacidade de resolver problemas com calma;
Persistência - Ser capaz de perseverar em tarefas e atividades até que sejam concluídas;
Empatia - Compreender e preocupar-se com os outros e com o seu bem-estar. Valorizar e investir no relacionamento próximo;
Criatividade - Gerar novas maneiras de fazer ou pensar sobre as coisas por meio da exploração, aprendizagem a partir do fracasso, insight e visão.","Introdução à Administração, Legislação e Pessoas",C1,4,"Legislação Trabalhista, Normas Regulatórias, Saúde e Segurança no Trabalho",,12,Deveres trabalhistas,Aula 2: Direitos dos trabalhadores,Compreender os direitos e deveres básicos dos trabalhadores e das empresas no ambiente organizacional.,Identificar os direitos garantidos por lei aos trabalhadores.,2. Garantias legais
,2,T,"Executar atividades de Recursos Humanos, tais como rotinas administrativas de departamento pessoal e rotinas administrativas de treinamento e desenvolvimento;                                                                                                                                        Compreender e aplicar noções de legislação e marco regulatório (LGPD).","Curiosidade - Ser interessado em ideias e ter paixão por aprender, compreensão e exploração intelectual; uma mentalidade curiosa;
Autoeficácia - A força das crenças dos indivíduos em sua capacidade de executar tarefas e atingir objetivos;
Motivação de realização - Estabelecer padrões elevados para si mesmo e trabalhar muito para alcançá-los;
Tolerância ao estresse - Ter eficácia na modulação da ansiedade e capacidade de resolver problemas com calma;
Persistência - Ser capaz de perseverar em tarefas e atividades até que sejam concluídas;
Empatia - Compreender e preocupar-se com os outros e com o seu bem-estar. Valorizar e investir no relacionamento próximo;
Criatividade - Gerar novas maneiras de fazer ou pensar sobre as coisas por meio da exploração, aprendizagem a partir do fracasso, insight e visão.","Introdução à Administração, Legislação e Pessoas",C1,4,"Legislação Trabalhista, Normas Regulatórias, Saúde e Segurança no Trabalho",,12,Deveres trabalhistas,Aula 3: Deveres das empresas,Compreender os direitos e deveres básicos dos trabalhadores e das empresas no ambiente organizacional.,Compreender os deveres legais e operacionais das empresas com seus colaboradores.,3. Responsabilidades legais das empresas
,2,T,"Executar atividades de Recursos Humanos, tais como rotinas administrativas de departamento pessoal e rotinas administrativas de treinamento e desenvolvimento;                                                                                                                                        Compreender e aplicar noções de legislação e marco regulatório (LGPD).","Curiosidade - Ser interessado em ideias e ter paixão por aprender, compreensão e exploração intelectual; uma mentalidade curiosa;
Autoeficácia - A força das crenças dos indivíduos em sua capacidade de executar tarefas e atingir objetivos;
Motivação de realização - Estabelecer padrões elevados para si mesmo e trabalhar muito para alcançá-los;
Tolerância ao estresse - Ter eficácia na modulação da ansiedade e capacidade de resolver problemas com calma;
Persistência - Ser capaz de perseverar em tarefas e atividades até que sejam concluídas;
Empatia - Compreender e preocupar-se com os outros e com o seu bem-estar. Valorizar e investir no relacionamento próximo;
Criatividade - Gerar novas maneiras de fazer ou pensar sobre as coisas por meio da exploração, aprendizagem a partir do fracasso, insight e visão.","Introdução à Administração, Legislação e Pessoas",C1,4,"Legislação Trabalhista, Normas Regulatórias, Saúde e Segurança no Trabalho",,12,Deveres trabalhistas,Aula 4: Tecnologia e mudanças no trabalho,Compreender os direitos e deveres básicos dos trabalhadores e das empresas no ambiente organizacional.,"Compreender como a tecnologia está transformando o ambiente de trabalho, impactando em direitos e deveres.",4. Transformações no ambiente de trabalho
X,2,T,"Executar atividades de Recursos Humanos, tais como rotinas administrativas de departamento pessoal e rotinas administrativas de treinamento e desenvolvimento;                                                                                                                                        Compreender e aplicar noções de legislação e marco regulatório (LGPD).","Curiosidade - Ser interessado em ideias e ter paixão por aprender, compreensão e exploração intelectual; uma mentalidade curiosa;
Autoeficácia - A força das crenças dos indivíduos em sua capacidade de executar tarefas e atingir objetivos;
Motivação de realização - Estabelecer padrões elevados para si mesmo e trabalhar muito para alcançá-los;
Tolerância ao estresse - Ter eficácia na modulação da ansiedade e capacidade de resolver problemas com calma;
Persistência - Ser capaz de perseverar em tarefas e atividades até que sejam concluídas;
Empatia - Compreender e preocupar-se com os outros e com o seu bem-estar. Valorizar e investir no relacionamento próximo;
Criatividade - Gerar novas maneiras de fazer ou pensar sobre as coisas por meio da exploração, aprendizagem a partir do fracasso, insight e visão.","Introdução à Administração, Legislação e Pessoas",C1,4,"Legislação Trabalhista, Normas Regulatórias, Saúde e Segurança no Trabalho",,13,Segurança e saúde no trabalho,Aula 1: Conceitos de saúde e segurança,"Compreender conceitos básicos sobre saúde, segurança e normas regulamentadoras aplicadas ao ambiente de trabalho.",Compreender os conceitos iniciais de saúde e segurança no ambiente de trabalho.,1. Fundamentos da segurança e saúde
X,2,T,"Executar atividades de Recursos Humanos, tais como rotinas administrativas de departamento pessoal e rotinas administrativas de treinamento e desenvolvimento;                                                                                                                                        Compreender e aplicar noções de legislação e marco regulatório (LGPD).","Curiosidade - Ser interessado em ideias e ter paixão por aprender, compreensão e exploração intelectual; uma mentalidade curiosa;
Autoeficácia - A força das crenças dos indivíduos em sua capacidade de executar tarefas e atingir objetivos;
Motivação de realização - Estabelecer padrões elevados para si mesmo e trabalhar muito para alcançá-los;
Tolerância ao estresse - Ter eficácia na modulação da ansiedade e capacidade de resolver problemas com calma;
Persistência - Ser capaz de perseverar em tarefas e atividades até que sejam concluídas;
Empatia - Compreender e preocupar-se com os outros e com o seu bem-estar. Valorizar e investir no relacionamento próximo;
Criatividade - Gerar novas maneiras de fazer ou pensar sobre as coisas por meio da exploração, aprendizagem a partir do fracasso, insight e visão.","Introdução à Administração, Legislação e Pessoas",C1,4,"Legislação Trabalhista, Normas Regulatórias, Saúde e Segurança no Trabalho",,13,Segurança e saúde no trabalho,Aula 2: Introdução às Normas Regulamentadoras,"Compreender conceitos básicos sobre saúde, segurança e normas regulamentadoras aplicadas ao ambiente de trabalho.",Compreender o que são as NRs e qual sua importância para os trabalhadores.,2. Normas de proteção ao trabalhador
X,2,T,"Executar atividades de Recursos Humanos, tais como rotinas administrativas de departamento pessoal e rotinas administrativas de treinamento e desenvolvimento;                                                                                                                                        Compreender e aplicar noções de legislação e marco regulatório (LGPD).","Curiosidade - Ser interessado em ideias e ter paixão por aprender, compreensão e exploração intelectual; uma mentalidade curiosa;
Autoeficácia - A força das crenças dos indivíduos em sua capacidade de executar tarefas e atingir objetivos;
Motivação de realização - Estabelecer padrões elevados para si mesmo e trabalhar muito para alcançá-los;
Tolerância ao estresse - Ter eficácia na modulação da ansiedade e capacidade de resolver problemas com calma;
Persistência - Ser capaz de perseverar em tarefas e atividades até que sejam concluídas;
Empatia - Compreender e preocupar-se com os outros e com o seu bem-estar. Valorizar e investir no relacionamento próximo;
Criatividade - Gerar novas maneiras de fazer ou pensar sobre as coisas por meio da exploração, aprendizagem a partir do fracasso, insight e visão.","Introdução à Administração, Legislação e Pessoas",C1,4,"Legislação Trabalhista, Normas Regulatórias, Saúde e Segurança no Trabalho",,13,Segurança e saúde no trabalho,Aula 3: Aplicações das Normas Regulamentadoras,"Compreender conceitos básicos sobre saúde, segurança e normas regulamentadoras aplicadas ao ambiente de trabalho.",Identificar situações em que as NRs devem ser aplicadas nas empresas.,3. Aplicação das normas no cotidiano
X,2,T,"Executar atividades de Recursos Humanos, tais como rotinas administrativas de departamento pessoal e rotinas administrativas de treinamento e desenvolvimento;                                                                                                                                        Compreender e aplicar noções de legislação e marco regulatório (LGPD).","Curiosidade - Ser interessado em ideias e ter paixão por aprender, compreensão e exploração intelectual; uma mentalidade curiosa;
Autoeficácia - A força das crenças dos indivíduos em sua capacidade de executar tarefas e atingir objetivos;
Motivação de realização - Estabelecer padrões elevados para si mesmo e trabalhar muito para alcançá-los;
Tolerância ao estresse - Ter eficácia na modulação da ansiedade e capacidade de resolver problemas com calma;
Persistência - Ser capaz de perseverar em tarefas e atividades até que sejam concluídas;
Empatia - Compreender e preocupar-se com os outros e com o seu bem-estar. Valorizar e investir no relacionamento próximo;
Criatividade - Gerar novas maneiras de fazer ou pensar sobre as coisas por meio da exploração, aprendizagem a partir do fracasso, insight e visão.","Introdução à Administração, Legislação e Pessoas",C1,4,"Legislação Trabalhista, Normas Regulatórias, Saúde e Segurança no Trabalho",,13,Segurança e saúde no trabalho,Aula 4: Acidentes de trabalho e prevenção,"Compreender conceitos básicos sobre saúde, segurança e normas regulamentadoras aplicadas ao ambiente de trabalho.",Compreender o conceito de acidente de trabalho e suas implicações.,4. Prevenção de riscos e responsabilidades	
,2,T,"Executar atividades de Recursos Humanos, tais como rotinas administrativas de departamento pessoal e rotinas administrativas de treinamento e desenvolvimento;                                                                                                                                        Compreender e aplicar noções de legislação e marco regulatório (LGPD).","Curiosidade - Ser interessado em ideias e ter paixão por aprender, compreensão e exploração intelectual; uma mentalidade curiosa;
Autoeficácia - A força das crenças dos indivíduos em sua capacidade de executar tarefas e atingir objetivos;
Motivação de realização - Estabelecer padrões elevados para si mesmo e trabalhar muito para alcançá-los;
Tolerância ao estresse - Ter eficácia na modulação da ansiedade e capacidade de resolver problemas com calma;
Persistência - Ser capaz de perseverar em tarefas e atividades até que sejam concluídas;
Empatia - Compreender e preocupar-se com os outros e com o seu bem-estar. Valorizar e investir no relacionamento próximo;
Criatividade - Gerar novas maneiras de fazer ou pensar sobre as coisas por meio da exploração, aprendizagem a partir do fracasso, insight e visão.","Introdução à Administração, Legislação e Pessoas",C1,4,Recrutamento e Seleção,,14,Recrutamento,Aula 1: Conceito e estrutura de cargos,Compreender os fundamentos do recrutamento e sua relação com a estrutura de cargos e a modelagem do trabalho.,Identificar o conceito de cargo e sua organização nas empresas.,1. Fundamentos de cargos
,2,T,"Executar atividades de Recursos Humanos, tais como rotinas administrativas de departamento pessoal e rotinas administrativas de treinamento e desenvolvimento;                                                                                                                                        Compreender e aplicar noções de legislação e marco regulatório (LGPD).","Curiosidade - Ser interessado em ideias e ter paixão por aprender, compreensão e exploração intelectual; uma mentalidade curiosa;
Autoeficácia - A força das crenças dos indivíduos em sua capacidade de executar tarefas e atingir objetivos;
Motivação de realização - Estabelecer padrões elevados para si mesmo e trabalhar muito para alcançá-los;
Tolerância ao estresse - Ter eficácia na modulação da ansiedade e capacidade de resolver problemas com calma;
Persistência - Ser capaz de perseverar em tarefas e atividades até que sejam concluídas;
Empatia - Compreender e preocupar-se com os outros e com o seu bem-estar. Valorizar e investir no relacionamento próximo;
Criatividade - Gerar novas maneiras de fazer ou pensar sobre as coisas por meio da exploração, aprendizagem a partir do fracasso, insight e visão.","Introdução à Administração, Legislação e Pessoas",C1,4,Recrutamento e Seleção,,14,Recrutamento,Aula 2: Representação de cargos no organograma,Compreender os fundamentos do recrutamento e sua relação com a estrutura de cargos e a modelagem do trabalho.,Interpretar como os cargos são organizados em estruturas hierárquicas.,2. Representação estrutural
,2,T,"Executar atividades de Recursos Humanos, tais como rotinas administrativas de departamento pessoal e rotinas administrativas de treinamento e desenvolvimento;                                                                                                                                        Compreender e aplicar noções de legislação e marco regulatório (LGPD).","Curiosidade - Ser interessado em ideias e ter paixão por aprender, compreensão e exploração intelectual; uma mentalidade curiosa;
Autoeficácia - A força das crenças dos indivíduos em sua capacidade de executar tarefas e atingir objetivos;
Motivação de realização - Estabelecer padrões elevados para si mesmo e trabalhar muito para alcançá-los;
Tolerância ao estresse - Ter eficácia na modulação da ansiedade e capacidade de resolver problemas com calma;
Persistência - Ser capaz de perseverar em tarefas e atividades até que sejam concluídas;
Empatia - Compreender e preocupar-se com os outros e com o seu bem-estar. Valorizar e investir no relacionamento próximo;
Criatividade - Gerar novas maneiras de fazer ou pensar sobre as coisas por meio da exploração, aprendizagem a partir do fracasso, insight e visão.","Introdução à Administração, Legislação e Pessoas",C1,4,Recrutamento e Seleção,,14,Recrutamento,Aula 3: Modelagem do trabalho nas organizações,Compreender os fundamentos do recrutamento e sua relação com a estrutura de cargos e a modelagem do trabalho.,Compreender a importância da modelagem do trabalho para o desempenho organizacional.,3. Organização do trabalho
,2,T,"Executar atividades de Recursos Humanos, tais como rotinas administrativas de departamento pessoal e rotinas administrativas de treinamento e desenvolvimento;                                                                                                                                        Compreender e aplicar noções de legislação e marco regulatório (LGPD).","Curiosidade - Ser interessado em ideias e ter paixão por aprender, compreensão e exploração intelectual; uma mentalidade curiosa;
Autoeficácia - A força das crenças dos indivíduos em sua capacidade de executar tarefas e atingir objetivos;
Motivação de realização - Estabelecer padrões elevados para si mesmo e trabalhar muito para alcançá-los;
Tolerância ao estresse - Ter eficácia na modulação da ansiedade e capacidade de resolver problemas com calma;
Persistência - Ser capaz de perseverar em tarefas e atividades até que sejam concluídas;
Empatia - Compreender e preocupar-se com os outros e com o seu bem-estar. Valorizar e investir no relacionamento próximo;
Criatividade - Gerar novas maneiras de fazer ou pensar sobre as coisas por meio da exploração, aprendizagem a partir do fracasso, insight e visão.","Introdução à Administração, Legislação e Pessoas",C1,4,Recrutamento e Seleção,,14,Recrutamento,Aula 4: Recrutamento como parte da gestão de pessoas,Compreender os fundamentos do recrutamento e sua relação com a estrutura de cargos e a modelagem do trabalho.,Compreender como o recrutamento inicia a relação entre pessoas e empresas.,4. Recrutamento e gestão humana
Recomposição da Aprendizagem,,,,,,,,,,,,,,,
Visita Técnica ,,,,,,,,,,,,,,,
,3,T,"Executar atividades de Recursos Humanos, tais como rotinas administrativas de departamento pessoal e rotinas administrativas de treinamento e desenvolvimento;                                                                                                                                        Compreender e aplicar noções de legislação e marco regulatório (LGPD).","Curiosidade - Ser interessado em ideias e ter paixão por aprender, compreensão e exploração intelectual; uma mentalidade curiosa;
Autoeficácia - A força das crenças dos indivíduos em sua capacidade de executar tarefas e atingir objetivos;
Motivação de realização - Estabelecer padrões elevados para si mesmo e trabalhar muito para alcançá-los;
Tolerância ao estresse - Ter eficácia na modulação da ansiedade e capacidade de resolver problemas com calma;
Persistência - Ser capaz de perseverar em tarefas e atividades até que sejam concluídas;
Empatia - Compreender e preocupar-se com os outros e com o seu bem-estar. Valorizar e investir no relacionamento próximo;
Criatividade - Gerar novas maneiras de fazer ou pensar sobre as coisas por meio da exploração, aprendizagem a partir do fracasso, insight e visão.","Introdução à Administração, Legislação e Pessoas",C1,4,Recrutamento e Seleção,,15,Seleção de candidatos,Aula 1: Etapas do processo seletivo,Compreender as etapas do processo de seleção e a importância da identificação e da avaliação de competências.,Descrever as etapas que compõem o processo de seleção nas empresas.,1. Organização da seleção
,3,T,"Executar atividades de Recursos Humanos, tais como rotinas administrativas de departamento pessoal e rotinas administrativas de treinamento e desenvolvimento;                                                                                                                                        Compreender e aplicar noções de legislação e marco regulatório (LGPD).","Curiosidade - Ser interessado em ideias e ter paixão por aprender, compreensão e exploração intelectual; uma mentalidade curiosa;
Autoeficácia - A força das crenças dos indivíduos em sua capacidade de executar tarefas e atingir objetivos;
Motivação de realização - Estabelecer padrões elevados para si mesmo e trabalhar muito para alcançá-los;
Tolerância ao estresse - Ter eficácia na modulação da ansiedade e capacidade de resolver problemas com calma;
Persistência - Ser capaz de perseverar em tarefas e atividades até que sejam concluídas;
Empatia - Compreender e preocupar-se com os outros e com o seu bem-estar. Valorizar e investir no relacionamento próximo;
Criatividade - Gerar novas maneiras de fazer ou pensar sobre as coisas por meio da exploração, aprendizagem a partir do fracasso, insight e visão.","Introdução à Administração, Legislação e Pessoas",C1,4,Recrutamento e Seleção,,15,Seleção de candidatos,Aula 2: Competências pessoais e profissionais,Compreender as etapas do processo de seleção e a importância da identificação e da avaliação de competências.,Compreender o conceito de competências e sua importância para o desempenho.,2. Perfil e desempenho
,3,T,"Executar atividades de Recursos Humanos, tais como rotinas administrativas de departamento pessoal e rotinas administrativas de treinamento e desenvolvimento;                                                                                                                                        Compreender e aplicar noções de legislação e marco regulatório (LGPD).","Curiosidade - Ser interessado em ideias e ter paixão por aprender, compreensão e exploração intelectual; uma mentalidade curiosa;
Autoeficácia - A força das crenças dos indivíduos em sua capacidade de executar tarefas e atingir objetivos;
Motivação de realização - Estabelecer padrões elevados para si mesmo e trabalhar muito para alcançá-los;
Tolerância ao estresse - Ter eficácia na modulação da ansiedade e capacidade de resolver problemas com calma;
Persistência - Ser capaz de perseverar em tarefas e atividades até que sejam concluídas;
Empatia - Compreender e preocupar-se com os outros e com o seu bem-estar. Valorizar e investir no relacionamento próximo;
Criatividade - Gerar novas maneiras de fazer ou pensar sobre as coisas por meio da exploração, aprendizagem a partir do fracasso, insight e visão.","Introdução à Administração, Legislação e Pessoas",C1,4,Recrutamento e Seleção,,15,Seleção de candidatos,Aula 3: Tecnologia nos processos de seleção,Compreender as etapas do processo de seleção e a importância da identificação e da avaliação de competências.,Compreender o papel da tecnologia no apoio aos processos de recrutamento e seleção.,3. Papel da tecnologia.
,3,T,"Executar atividades de Recursos Humanos, tais como rotinas administrativas de departamento pessoal e rotinas administrativas de treinamento e desenvolvimento;                                                                                                                                        Compreender e aplicar noções de legislação e marco regulatório (LGPD).","Curiosidade - Ser interessado em ideias e ter paixão por aprender, compreensão e exploração intelectual; uma mentalidade curiosa;
Autoeficácia - A força das crenças dos indivíduos em sua capacidade de executar tarefas e atingir objetivos;
Motivação de realização - Estabelecer padrões elevados para si mesmo e trabalhar muito para alcançá-los;
Tolerância ao estresse - Ter eficácia na modulação da ansiedade e capacidade de resolver problemas com calma;
Persistência - Ser capaz de perseverar em tarefas e atividades até que sejam concluídas;
Empatia - Compreender e preocupar-se com os outros e com o seu bem-estar. Valorizar e investir no relacionamento próximo;
Criatividade - Gerar novas maneiras de fazer ou pensar sobre as coisas por meio da exploração, aprendizagem a partir do fracasso, insight e visão.","Introdução à Administração, Legislação e Pessoas",C1,4,Recrutamento e Seleção,,15,Seleção de candidatos,Aula 4: A entrevista e a tomada de decisão,Compreender as etapas do processo de seleção e a importância da identificação e da avaliação de competências.,Compreender o conceito de vieses inconscientes na avaliação de candidatos.,4. Tomada de decisão final baseada em evidências.
,3,P,"Executar atividades de Recursos Humanos, tais como rotinas administrativas de departamento pessoal e rotinas administrativas de treinamento e desenvolvimento;                                                                                                                                        Compreender e aplicar noções de legislação e marco regulatório (LGPD).","Curiosidade - Ser interessado em ideias e ter paixão por aprender, compreensão e exploração intelectual; uma mentalidade curiosa;
Autoeficácia - A força das crenças dos indivíduos em sua capacidade de executar tarefas e atingir objetivos;
Motivação de realização - Estabelecer padrões elevados para si mesmo e trabalhar muito para alcançá-los;
Tolerância ao estresse - Ter eficácia na modulação da ansiedade e capacidade de resolver problemas com calma;
Persistência - Ser capaz de perseverar em tarefas e atividades até que sejam concluídas;
Empatia - Compreender e preocupar-se com os outros e com o seu bem-estar. Valorizar e investir no relacionamento próximo;
Criatividade - Gerar novas maneiras de fazer ou pensar sobre as coisas por meio da exploração, aprendizagem a partir do fracasso, insight e visão.","Introdução à Administração, Legislação e Pessoas",C1,4,Recrutamento e Seleção,,16,Prática de recrutamento e seleção,Aula 1: Análise de cargos ,"Aplicar os conhecimentos sobre cargos, perfis, fontes e etapas de recrutamento e seleção em atividades simuladas.",Aplicar a definição de cargos para estruturar uma vaga.,1. Prática de estruturação
,3,P,"Executar atividades de Recursos Humanos, tais como rotinas administrativas de departamento pessoal e rotinas administrativas de treinamento e desenvolvimento;                                                                                                                                        Compreender e aplicar noções de legislação e marco regulatório (LGPD).","Curiosidade - Ser interessado em ideias e ter paixão por aprender, compreensão e exploração intelectual; uma mentalidade curiosa;
Autoeficácia - A força das crenças dos indivíduos em sua capacidade de executar tarefas e atingir objetivos;
Motivação de realização - Estabelecer padrões elevados para si mesmo e trabalhar muito para alcançá-los;
Tolerância ao estresse - Ter eficácia na modulação da ansiedade e capacidade de resolver problemas com calma;
Persistência - Ser capaz de perseverar em tarefas e atividades até que sejam concluídas;
Empatia - Compreender e preocupar-se com os outros e com o seu bem-estar. Valorizar e investir no relacionamento próximo;
Criatividade - Gerar novas maneiras de fazer ou pensar sobre as coisas por meio da exploração, aprendizagem a partir do fracasso, insight e visão.","Introdução à Administração, Legislação e Pessoas",C1,4,Recrutamento e Seleção,,16,Prática de recrutamento e seleção,Aula 2: Perfis e recrutamento,"Aplicar os conhecimentos sobre cargos, perfis, fontes e etapas de recrutamento e seleção em atividades simuladas.",Selecionar fontes de recrutamento com base em perfis de cargo.,2. Direcionamento de recrutamento
,3,P,"Executar atividades de Recursos Humanos, tais como rotinas administrativas de departamento pessoal e rotinas administrativas de treinamento e desenvolvimento;                                                                                                                                        Compreender e aplicar noções de legislação e marco regulatório (LGPD).","Curiosidade - Ser interessado em ideias e ter paixão por aprender, compreensão e exploração intelectual; uma mentalidade curiosa;
Autoeficácia - A força das crenças dos indivíduos em sua capacidade de executar tarefas e atingir objetivos;
Motivação de realização - Estabelecer padrões elevados para si mesmo e trabalhar muito para alcançá-los;
Tolerância ao estresse - Ter eficácia na modulação da ansiedade e capacidade de resolver problemas com calma;
Persistência - Ser capaz de perseverar em tarefas e atividades até que sejam concluídas;
Empatia - Compreender e preocupar-se com os outros e com o seu bem-estar. Valorizar e investir no relacionamento próximo;
Criatividade - Gerar novas maneiras de fazer ou pensar sobre as coisas por meio da exploração, aprendizagem a partir do fracasso, insight e visão.","Introdução à Administração, Legislação e Pessoas",C1,4,Recrutamento e Seleção,,16,Prática de recrutamento e seleção,Aula 3: Simulação de etapas do processo seletivo,"Aplicar os conhecimentos sobre cargos, perfis, fontes e etapas de recrutamento e seleção em atividades simuladas.",Simular as etapas básicas de um processo seletivo em grupo.,3. Simulação do processo
,3,P,"Executar atividades de Recursos Humanos, tais como rotinas administrativas de departamento pessoal e rotinas administrativas de treinamento e desenvolvimento;                                                                                                                                        Compreender e aplicar noções de legislação e marco regulatório (LGPD).","Curiosidade - Ser interessado em ideias e ter paixão por aprender, compreensão e exploração intelectual; uma mentalidade curiosa;
Autoeficácia - A força das crenças dos indivíduos em sua capacidade de executar tarefas e atingir objetivos;
Motivação de realização - Estabelecer padrões elevados para si mesmo e trabalhar muito para alcançá-los;
Tolerância ao estresse - Ter eficácia na modulação da ansiedade e capacidade de resolver problemas com calma;
Persistência - Ser capaz de perseverar em tarefas e atividades até que sejam concluídas;
Empatia - Compreender e preocupar-se com os outros e com o seu bem-estar. Valorizar e investir no relacionamento próximo;
Criatividade - Gerar novas maneiras de fazer ou pensar sobre as coisas por meio da exploração, aprendizagem a partir do fracasso, insight e visão.","Introdução à Administração, Legislação e Pessoas",C1,4,Recrutamento e Seleção,,16,Prática de recrutamento e seleção,Aula 4: Feedback e proposta de melhorias,"Aplicar os conhecimentos sobre cargos, perfis, fontes e etapas de recrutamento e seleção em atividades simuladas.",Avaliar criticamente o processo simulado e apresentar sugestões de aprimoramento.,4. Análise de processo.
Recomposição da Aprendizagem,,,,,,,,,,,,,,,
,3,T,"Executar atividades de Recursos Humanos, tais como rotinas administrativas de departamento pessoal e rotinas administrativas de treinamento e desenvolvimento;                                                                                                                                        Compreender e aplicar noções de legislação e marco regulatório (LGPD).","Curiosidade - Ser interessado em ideias e ter paixão por aprender, compreensão e exploração intelectual; uma mentalidade curiosa;
Autoeficácia - A força das crenças dos indivíduos em sua capacidade de executar tarefas e atingir objetivos;
Motivação de realização - Estabelecer padrões elevados para si mesmo e trabalhar muito para alcançá-los;
Tolerância ao estresse - Ter eficácia na modulação da ansiedade e capacidade de resolver problemas com calma;
Persistência - Ser capaz de perseverar em tarefas e atividades até que sejam concluídas;
Empatia - Compreender e preocupar-se com os outros e com o seu bem-estar. Valorizar e investir no relacionamento próximo;
Criatividade - Gerar novas maneiras de fazer ou pensar sobre as coisas por meio da exploração, aprendizagem a partir do fracasso, insight e visão.","Introdução à Administração, Legislação e Pessoas",C1,4,Treinamento e Desenvolvimento,,17,Fundamentos do treinamento e desenvolvimento,Aula 1: Treinamento e desenvolvimento nas organizações,Compreender os conceitos e objetivos do treinamento e desenvolvimento no contexto organizacional.,Compreender os conceitos e propósitos do treinamento e desenvolvimento.,1. Conceitos de T&D
,3,T,"Executar atividades de Recursos Humanos, tais como rotinas administrativas de departamento pessoal e rotinas administrativas de treinamento e desenvolvimento;                                                                                                                                        Compreender e aplicar noções de legislação e marco regulatório (LGPD).","Curiosidade - Ser interessado em ideias e ter paixão por aprender, compreensão e exploração intelectual; uma mentalidade curiosa;
Autoeficácia - A força das crenças dos indivíduos em sua capacidade de executar tarefas e atingir objetivos;
Motivação de realização - Estabelecer padrões elevados para si mesmo e trabalhar muito para alcançá-los;
Tolerância ao estresse - Ter eficácia na modulação da ansiedade e capacidade de resolver problemas com calma;
Persistência - Ser capaz de perseverar em tarefas e atividades até que sejam concluídas;
Empatia - Compreender e preocupar-se com os outros e com o seu bem-estar. Valorizar e investir no relacionamento próximo;
Criatividade - Gerar novas maneiras de fazer ou pensar sobre as coisas por meio da exploração, aprendizagem a partir do fracasso, insight e visão.","Introdução à Administração, Legislação e Pessoas",C1,4,Treinamento e Desenvolvimento,,17,Fundamentos do treinamento e desenvolvimento,Aula 2: Treinamento como estratégia organizacional,Compreender os conceitos e objetivos do treinamento e desenvolvimento no contexto organizacional.,Identificar como o T&D contribui para o crescimento e a adaptação das empresas.,2. Papel estratégico do T&D
,3,T,"Executar atividades de Recursos Humanos, tais como rotinas administrativas de departamento pessoal e rotinas administrativas de treinamento e desenvolvimento;                                                                                                                                        Compreender e aplicar noções de legislação e marco regulatório (LGPD).","Curiosidade - Ser interessado em ideias e ter paixão por aprender, compreensão e exploração intelectual; uma mentalidade curiosa;
Autoeficácia - A força das crenças dos indivíduos em sua capacidade de executar tarefas e atingir objetivos;
Motivação de realização - Estabelecer padrões elevados para si mesmo e trabalhar muito para alcançá-los;
Tolerância ao estresse - Ter eficácia na modulação da ansiedade e capacidade de resolver problemas com calma;
Persistência - Ser capaz de perseverar em tarefas e atividades até que sejam concluídas;
Empatia - Compreender e preocupar-se com os outros e com o seu bem-estar. Valorizar e investir no relacionamento próximo;
Criatividade - Gerar novas maneiras de fazer ou pensar sobre as coisas por meio da exploração, aprendizagem a partir do fracasso, insight e visão.","Introdução à Administração, Legislação e Pessoas",C1,4,Treinamento e Desenvolvimento,,17,Fundamentos do treinamento e desenvolvimento,Aula 3: Tipos e modalidades de treinamento,Compreender os conceitos e objetivos do treinamento e desenvolvimento no contexto organizacional.,Compreender as principais formas de aplicação do treinamento nas empresas.,3. Formatos de T&D
,3,T,"Executar atividades de Recursos Humanos, tais como rotinas administrativas de departamento pessoal e rotinas administrativas de treinamento e desenvolvimento;                                                                                                                                        Compreender e aplicar noções de legislação e marco regulatório (LGPD).","Curiosidade - Ser interessado em ideias e ter paixão por aprender, compreensão e exploração intelectual; uma mentalidade curiosa;
Autoeficácia - A força das crenças dos indivíduos em sua capacidade de executar tarefas e atingir objetivos;
Motivação de realização - Estabelecer padrões elevados para si mesmo e trabalhar muito para alcançá-los;
Tolerância ao estresse - Ter eficácia na modulação da ansiedade e capacidade de resolver problemas com calma;
Persistência - Ser capaz de perseverar em tarefas e atividades até que sejam concluídas;
Empatia - Compreender e preocupar-se com os outros e com o seu bem-estar. Valorizar e investir no relacionamento próximo;
Criatividade - Gerar novas maneiras de fazer ou pensar sobre as coisas por meio da exploração, aprendizagem a partir do fracasso, insight e visão.","Introdução à Administração, Legislação e Pessoas",C1,4,Treinamento e Desenvolvimento,,17,Fundamentos do treinamento e desenvolvimento,Aula 4: Educação corporativa e aprendizagem organizacional,Compreender os conceitos e objetivos do treinamento e desenvolvimento no contexto organizacional.,Compreender o conceito e os benefícios da educação corporativa para as empresas.,4. Educação no trabalho
,3,T,"Executar atividades de Recursos Humanos, tais como rotinas administrativas de departamento pessoal e rotinas administrativas de treinamento e desenvolvimento;                                                                                                                                        Compreender e aplicar noções de legislação e marco regulatório (LGPD).","Curiosidade - Ser interessado em ideias e ter paixão por aprender, compreensão e exploração intelectual; uma mentalidade curiosa;
Autoeficácia - A força das crenças dos indivíduos em sua capacidade de executar tarefas e atingir objetivos;
Motivação de realização - Estabelecer padrões elevados para si mesmo e trabalhar muito para alcançá-los;
Tolerância ao estresse - Ter eficácia na modulação da ansiedade e capacidade de resolver problemas com calma;
Persistência - Ser capaz de perseverar em tarefas e atividades até que sejam concluídas;
Empatia - Compreender e preocupar-se com os outros e com o seu bem-estar. Valorizar e investir no relacionamento próximo;
Criatividade - Gerar novas maneiras de fazer ou pensar sobre as coisas por meio da exploração, aprendizagem a partir do fracasso, insight e visão.","Introdução à Administração, Legislação e Pessoas",C1,4,Treinamento e Desenvolvimento,,18,Planejamento de treinamento,Aula 1: Competências no ambiente organizacional,Compreender como competências e avaliações são utilizadas no planejamento de treinamentos.,Identificar como competências técnicas e comportamentais são mapeadas e desenvolvidas nas empresas.,1. Gestão por competências
,3,T,"Executar atividades de Recursos Humanos, tais como rotinas administrativas de departamento pessoal e rotinas administrativas de treinamento e desenvolvimento;                                                                                                                                        Compreender e aplicar noções de legislação e marco regulatório (LGPD).","Curiosidade - Ser interessado em ideias e ter paixão por aprender, compreensão e exploração intelectual; uma mentalidade curiosa;
Autoeficácia - A força das crenças dos indivíduos em sua capacidade de executar tarefas e atingir objetivos;
Motivação de realização - Estabelecer padrões elevados para si mesmo e trabalhar muito para alcançá-los;
Tolerância ao estresse - Ter eficácia na modulação da ansiedade e capacidade de resolver problemas com calma;
Persistência - Ser capaz de perseverar em tarefas e atividades até que sejam concluídas;
Empatia - Compreender e preocupar-se com os outros e com o seu bem-estar. Valorizar e investir no relacionamento próximo;
Criatividade - Gerar novas maneiras de fazer ou pensar sobre as coisas por meio da exploração, aprendizagem a partir do fracasso, insight e visão.","Introdução à Administração, Legislação e Pessoas",C1,4,Treinamento e Desenvolvimento,,18,Planejamento de treinamento,Aula 2: Feedback em T&D,Compreender como competências e avaliações são utilizadas no planejamento de treinamentos.,Compreender a importância da mensuração e do feedback no processo de T&D.,2. Avaliação de treinamentos
,3,T,"Executar atividades de Recursos Humanos, tais como rotinas administrativas de departamento pessoal e rotinas administrativas de treinamento e desenvolvimento;                                                                                                                                        Compreender e aplicar noções de legislação e marco regulatório (LGPD).","Curiosidade - Ser interessado em ideias e ter paixão por aprender, compreensão e exploração intelectual; uma mentalidade curiosa;
Autoeficácia - A força das crenças dos indivíduos em sua capacidade de executar tarefas e atingir objetivos;
Motivação de realização - Estabelecer padrões elevados para si mesmo e trabalhar muito para alcançá-los;
Tolerância ao estresse - Ter eficácia na modulação da ansiedade e capacidade de resolver problemas com calma;
Persistência - Ser capaz de perseverar em tarefas e atividades até que sejam concluídas;
Empatia - Compreender e preocupar-se com os outros e com o seu bem-estar. Valorizar e investir no relacionamento próximo;
Criatividade - Gerar novas maneiras de fazer ou pensar sobre as coisas por meio da exploração, aprendizagem a partir do fracasso, insight e visão.","Introdução à Administração, Legislação e Pessoas",C1,4,Treinamento e Desenvolvimento,,18,Planejamento de treinamento,Aula 3: Níveis de avaliação do treinamento,Compreender como competências e avaliações são utilizadas no planejamento de treinamentos.,Identificar os cinco níveis de avaliação e suas aplicações.,3. Modelos de avaliação
,3,T,"Executar atividades de Recursos Humanos, tais como rotinas administrativas de departamento pessoal e rotinas administrativas de treinamento e desenvolvimento;                                                                                                                                        Compreender e aplicar noções de legislação e marco regulatório (LGPD).","Curiosidade - Ser interessado em ideias e ter paixão por aprender, compreensão e exploração intelectual; uma mentalidade curiosa;
Autoeficácia - A força das crenças dos indivíduos em sua capacidade de executar tarefas e atingir objetivos;
Motivação de realização - Estabelecer padrões elevados para si mesmo e trabalhar muito para alcançá-los;
Tolerância ao estresse - Ter eficácia na modulação da ansiedade e capacidade de resolver problemas com calma;
Persistência - Ser capaz de perseverar em tarefas e atividades até que sejam concluídas;
Empatia - Compreender e preocupar-se com os outros e com o seu bem-estar. Valorizar e investir no relacionamento próximo;
Criatividade - Gerar novas maneiras de fazer ou pensar sobre as coisas por meio da exploração, aprendizagem a partir do fracasso, insight e visão.","Introdução à Administração, Legislação e Pessoas",C1,4,Treinamento e Desenvolvimento,,18,Planejamento de treinamento,Aula 4: Tendências e transformação digital em T&D,Compreender como competências e avaliações são utilizadas no planejamento de treinamentos.,Compreender as principais tendências de treinamento e desenvolvimento no contexto da transformação digital.,4. T&D e tecnologia
,3,P,"Executar atividades de Recursos Humanos, tais como rotinas administrativas de departamento pessoal e rotinas administrativas de treinamento e desenvolvimento;                                                                                                                                        Compreender e aplicar noções de legislação e marco regulatório (LGPD).","Curiosidade - Ser interessado em ideias e ter paixão por aprender, compreensão e exploração intelectual; uma mentalidade curiosa;
Autoeficácia - A força das crenças dos indivíduos em sua capacidade de executar tarefas e atingir objetivos;
Motivação de realização - Estabelecer padrões elevados para si mesmo e trabalhar muito para alcançá-los;
Tolerância ao estresse - Ter eficácia na modulação da ansiedade e capacidade de resolver problemas com calma;
Persistência - Ser capaz de perseverar em tarefas e atividades até que sejam concluídas;
Empatia - Compreender e preocupar-se com os outros e com o seu bem-estar. Valorizar e investir no relacionamento próximo;
Criatividade - Gerar novas maneiras de fazer ou pensar sobre as coisas por meio da exploração, aprendizagem a partir do fracasso, insight e visão.","Introdução à Administração, Legislação e Pessoas",C1,4,Treinamento e Desenvolvimento,,19,Aplicação de treinamento,Aula 1: Levantamento de necessidades de T&D,Aplicar estratégias básicas de treinamento e desenvolvimento voltadas ao desenvolvimento de competências no ambiente organizacional.,Aplicar conceitos de T&D para identificar necessidades de capacitação.,1. Planejamento de T&D
,3,P,"Executar atividades de Recursos Humanos, tais como rotinas administrativas de departamento pessoal e rotinas administrativas de treinamento e desenvolvimento;                                                                                                                                        Compreender e aplicar noções de legislação e marco regulatório (LGPD).","Curiosidade - Ser interessado em ideias e ter paixão por aprender, compreensão e exploração intelectual; uma mentalidade curiosa;
Autoeficácia - A força das crenças dos indivíduos em sua capacidade de executar tarefas e atingir objetivos;
Motivação de realização - Estabelecer padrões elevados para si mesmo e trabalhar muito para alcançá-los;
Tolerância ao estresse - Ter eficácia na modulação da ansiedade e capacidade de resolver problemas com calma;
Persistência - Ser capaz de perseverar em tarefas e atividades até que sejam concluídas;
Empatia - Compreender e preocupar-se com os outros e com o seu bem-estar. Valorizar e investir no relacionamento próximo;
Criatividade - Gerar novas maneiras de fazer ou pensar sobre as coisas por meio da exploração, aprendizagem a partir do fracasso, insight e visão.","Introdução à Administração, Legislação e Pessoas",C1,4,Treinamento e Desenvolvimento,,19,Aplicação de treinamento,Aula 2: Construção de proposta de capacitação,Aplicar estratégias básicas de treinamento e desenvolvimento voltadas ao desenvolvimento de competências no ambiente organizacional.,Elaborar uma proposta de capacitação baseada em competências.,2. Planejamento de ações formativas
,3,P,"Executar atividades de Recursos Humanos, tais como rotinas administrativas de departamento pessoal e rotinas administrativas de treinamento e desenvolvimento;                                                                                                                                        Compreender e aplicar noções de legislação e marco regulatório (LGPD).","Curiosidade - Ser interessado em ideias e ter paixão por aprender, compreensão e exploração intelectual; uma mentalidade curiosa;
Autoeficácia - A força das crenças dos indivíduos em sua capacidade de executar tarefas e atingir objetivos;
Motivação de realização - Estabelecer padrões elevados para si mesmo e trabalhar muito para alcançá-los;
Tolerância ao estresse - Ter eficácia na modulação da ansiedade e capacidade de resolver problemas com calma;
Persistência - Ser capaz de perseverar em tarefas e atividades até que sejam concluídas;
Empatia - Compreender e preocupar-se com os outros e com o seu bem-estar. Valorizar e investir no relacionamento próximo;
Criatividade - Gerar novas maneiras de fazer ou pensar sobre as coisas por meio da exploração, aprendizagem a partir do fracasso, insight e visão.","Introdução à Administração, Legislação e Pessoas",C1,4,Treinamento e Desenvolvimento,,19,Aplicação de treinamento,Aula 3: Simulação de feedback do T&D,Aplicar estratégias básicas de treinamento e desenvolvimento voltadas ao desenvolvimento de competências no ambiente organizacional.,Simular o uso de feedback em situações de T&D.,3. Avaliação prática de programas
,3,P,"Executar atividades de Recursos Humanos, tais como rotinas administrativas de departamento pessoal e rotinas administrativas de treinamento e desenvolvimento;                                                                                                                                        Compreender e aplicar noções de legislação e marco regulatório (LGPD).","Curiosidade - Ser interessado em ideias e ter paixão por aprender, compreensão e exploração intelectual; uma mentalidade curiosa;
Autoeficácia - A força das crenças dos indivíduos em sua capacidade de executar tarefas e atingir objetivos;
Motivação de realização - Estabelecer padrões elevados para si mesmo e trabalhar muito para alcançá-los;
Tolerância ao estresse - Ter eficácia na modulação da ansiedade e capacidade de resolver problemas com calma;
Persistência - Ser capaz de perseverar em tarefas e atividades até que sejam concluídas;
Empatia - Compreender e preocupar-se com os outros e com o seu bem-estar. Valorizar e investir no relacionamento próximo;
Criatividade - Gerar novas maneiras de fazer ou pensar sobre as coisas por meio da exploração, aprendizagem a partir do fracasso, insight e visão.","Introdução à Administração, Legislação e Pessoas",C1,4,Treinamento e Desenvolvimento,,19,Aplicação de treinamento,Aula 4: Educação corporativa aplicada,Aplicar estratégias básicas de treinamento e desenvolvimento voltadas ao desenvolvimento de competências no ambiente organizacional.,Aplicar os conceitos de educação corporativa em uma situação organizacional simulada de treinamento e desenvolvimento.,4. Integração de aprendizagem
Recomposição da Aprendizagem,,,,,,,,,,,,,,,
,3,T,"Executar atividades de Recursos Humanos, tais como rotinas administrativas de departamento pessoal e rotinas administrativas de treinamento e desenvolvimento;                                                                                                                                        Compreender e aplicar noções de legislação e marco regulatório (LGPD).","Curiosidade - Ser interessado em ideias e ter paixão por aprender, compreensão e exploração intelectual; uma mentalidade curiosa;
Autoeficácia - A força das crenças dos indivíduos em sua capacidade de executar tarefas e atingir objetivos;
Motivação de realização - Estabelecer padrões elevados para si mesmo e trabalhar muito para alcançá-los;
Tolerância ao estresse - Ter eficácia na modulação da ansiedade e capacidade de resolver problemas com calma;
Persistência - Ser capaz de perseverar em tarefas e atividades até que sejam concluídas;
Empatia - Compreender e preocupar-se com os outros e com o seu bem-estar. Valorizar e investir no relacionamento próximo;
Criatividade - Gerar novas maneiras de fazer ou pensar sobre as coisas por meio da exploração, aprendizagem a partir do fracasso, insight e visão.","Introdução à Administração, Legislação e Pessoas",C1,4,Remuneração e Benefícios,,20,Estrutura da remuneração,Aula 1: Conceito e importância da remuneração,Compreender os fundamentos da remuneração e seus componentes na gestão de pessoas.,Compreender o conceito de remuneração e sua importância para o desempenho organizacional.,1. Fundamentos da remuneração
,3,T,"Executar atividades de Recursos Humanos, tais como rotinas administrativas de departamento pessoal e rotinas administrativas de treinamento e desenvolvimento;                                                                                                                                        Compreender e aplicar noções de legislação e marco regulatório (LGPD).","Curiosidade - Ser interessado em ideias e ter paixão por aprender, compreensão e exploração intelectual; uma mentalidade curiosa;
Autoeficácia - A força das crenças dos indivíduos em sua capacidade de executar tarefas e atingir objetivos;
Motivação de realização - Estabelecer padrões elevados para si mesmo e trabalhar muito para alcançá-los;
Tolerância ao estresse - Ter eficácia na modulação da ansiedade e capacidade de resolver problemas com calma;
Persistência - Ser capaz de perseverar em tarefas e atividades até que sejam concluídas;
Empatia - Compreender e preocupar-se com os outros e com o seu bem-estar. Valorizar e investir no relacionamento próximo;
Criatividade - Gerar novas maneiras de fazer ou pensar sobre as coisas por meio da exploração, aprendizagem a partir do fracasso, insight e visão.","Introdução à Administração, Legislação e Pessoas",C1,4,Remuneração e Benefícios,,20,Estrutura da remuneração,Aula 2: Componentes da remuneração,Compreender os fundamentos da remuneração e seus componentes na gestão de pessoas.,Identificar os elementos que compõem a remuneração dos colaboradores.,2. Estrutura da remuneração
,3,T,"Executar atividades de Recursos Humanos, tais como rotinas administrativas de departamento pessoal e rotinas administrativas de treinamento e desenvolvimento;                                                                                                                                        Compreender e aplicar noções de legislação e marco regulatório (LGPD).","Curiosidade - Ser interessado em ideias e ter paixão por aprender, compreensão e exploração intelectual; uma mentalidade curiosa;
Autoeficácia - A força das crenças dos indivíduos em sua capacidade de executar tarefas e atingir objetivos;
Motivação de realização - Estabelecer padrões elevados para si mesmo e trabalhar muito para alcançá-los;
Tolerância ao estresse - Ter eficácia na modulação da ansiedade e capacidade de resolver problemas com calma;
Persistência - Ser capaz de perseverar em tarefas e atividades até que sejam concluídas;
Empatia - Compreender e preocupar-se com os outros e com o seu bem-estar. Valorizar e investir no relacionamento próximo;
Criatividade - Gerar novas maneiras de fazer ou pensar sobre as coisas por meio da exploração, aprendizagem a partir do fracasso, insight e visão.","Introdução à Administração, Legislação e Pessoas",C1,4,Remuneração e Benefícios,,20,Estrutura da remuneração,Aula 3: Métodos e gestão de salários,Compreender os fundamentos da remuneração e seus componentes na gestão de pessoas.,Compreender os métodos de remuneração e a importância da gestão salarial.,3. Práticas salariais
,3,T,"Executar atividades de Recursos Humanos, tais como rotinas administrativas de departamento pessoal e rotinas administrativas de treinamento e desenvolvimento;                                                                                                                                        Compreender e aplicar noções de legislação e marco regulatório (LGPD).","Curiosidade - Ser interessado em ideias e ter paixão por aprender, compreensão e exploração intelectual; uma mentalidade curiosa;
Autoeficácia - A força das crenças dos indivíduos em sua capacidade de executar tarefas e atingir objetivos;
Motivação de realização - Estabelecer padrões elevados para si mesmo e trabalhar muito para alcançá-los;
Tolerância ao estresse - Ter eficácia na modulação da ansiedade e capacidade de resolver problemas com calma;
Persistência - Ser capaz de perseverar em tarefas e atividades até que sejam concluídas;
Empatia - Compreender e preocupar-se com os outros e com o seu bem-estar. Valorizar e investir no relacionamento próximo;
Criatividade - Gerar novas maneiras de fazer ou pensar sobre as coisas por meio da exploração, aprendizagem a partir do fracasso, insight e visão.","Introdução à Administração, Legislação e Pessoas",C1,4,Remuneração e Benefícios,,20,Estrutura da remuneração,Aula 4: Tendências em remuneração,Compreender os fundamentos da remuneração e seus componentes na gestão de pessoas.,Identificar as principais tendências do mercado relacionadas à remuneração.,4. Inovação em RH
,4,T,"Executar atividades de Recursos Humanos, tais como rotinas administrativas de departamento pessoal e rotinas administrativas de treinamento e desenvolvimento;                                                                                                                                        Compreender e aplicar noções de legislação e marco regulatório (LGPD).","Curiosidade - Ser interessado em ideias e ter paixão por aprender, compreensão e exploração intelectual; uma mentalidade curiosa;
Autoeficácia - A força das crenças dos indivíduos em sua capacidade de executar tarefas e atingir objetivos;
Motivação de realização - Estabelecer padrões elevados para si mesmo e trabalhar muito para alcançá-los;
Tolerância ao estresse - Ter eficácia na modulação da ansiedade e capacidade de resolver problemas com calma;
Persistência - Ser capaz de perseverar em tarefas e atividades até que sejam concluídas;
Empatia - Compreender e preocupar-se com os outros e com o seu bem-estar. Valorizar e investir no relacionamento próximo;
Criatividade - Gerar novas maneiras de fazer ou pensar sobre as coisas por meio da exploração, aprendizagem a partir do fracasso, insight e visão.","Introdução à Administração, Legislação e Pessoas",C1,4,Avaliação de Desempenho e Feedback,,21,Conceito e estrutura da avaliação de desempenho,Aula 1: Avaliação de desempenho na gestão de pessoas,"Compreender o papel da avaliação de desempenho na gestão de pessoas e sua organização em etapas.
",Compreender o conceito de avaliação de desempenho como prática de gestão.,1. Fundamentos da avaliação de desempenho
,4,T,"Executar atividades de Recursos Humanos, tais como rotinas administrativas de departamento pessoal e rotinas administrativas de treinamento e desenvolvimento;                                                                                                                                        Compreender e aplicar noções de legislação e marco regulatório (LGPD).","Curiosidade - Ser interessado em ideias e ter paixão por aprender, compreensão e exploração intelectual; uma mentalidade curiosa;
Autoeficácia - A força das crenças dos indivíduos em sua capacidade de executar tarefas e atingir objetivos;
Motivação de realização - Estabelecer padrões elevados para si mesmo e trabalhar muito para alcançá-los;
Tolerância ao estresse - Ter eficácia na modulação da ansiedade e capacidade de resolver problemas com calma;
Persistência - Ser capaz de perseverar em tarefas e atividades até que sejam concluídas;
Empatia - Compreender e preocupar-se com os outros e com o seu bem-estar. Valorizar e investir no relacionamento próximo;
Criatividade - Gerar novas maneiras de fazer ou pensar sobre as coisas por meio da exploração, aprendizagem a partir do fracasso, insight e visão.","Introdução à Administração, Legislação e Pessoas",C1,4,Avaliação de Desempenho e Feedback,,21,Conceito e estrutura da avaliação de desempenho,Aula 2: Critérios e etapas do processo avaliativo,"Compreender o papel da avaliação de desempenho na gestão de pessoas e sua organização em etapas.
",Identificar critérios e fases que estruturam uma avaliação de desempenho.,2. Organização do processo de avaliação de desempenho
,4,T,"Executar atividades de Recursos Humanos, tais como rotinas administrativas de departamento pessoal e rotinas administrativas de treinamento e desenvolvimento;                                                                                                                                        Compreender e aplicar noções de legislação e marco regulatório (LGPD).","Curiosidade - Ser interessado em ideias e ter paixão por aprender, compreensão e exploração intelectual; uma mentalidade curiosa;
Autoeficácia - A força das crenças dos indivíduos em sua capacidade de executar tarefas e atingir objetivos;
Motivação de realização - Estabelecer padrões elevados para si mesmo e trabalhar muito para alcançá-los;
Tolerância ao estresse - Ter eficácia na modulação da ansiedade e capacidade de resolver problemas com calma;
Persistência - Ser capaz de perseverar em tarefas e atividades até que sejam concluídas;
Empatia - Compreender e preocupar-se com os outros e com o seu bem-estar. Valorizar e investir no relacionamento próximo;
Criatividade - Gerar novas maneiras de fazer ou pensar sobre as coisas por meio da exploração, aprendizagem a partir do fracasso, insight e visão.","Introdução à Administração, Legislação e Pessoas",C1,4,Avaliação de Desempenho e Feedback,,21,Conceito e estrutura da avaliação de desempenho,Aula 3: Papel do avaliador e do avaliado,"Compreender o papel da avaliação de desempenho na gestão de pessoas e sua organização em etapas.
",Compreender as funções e responsabilidades no processo de avaliação.,3. Interação entre avaliador e avaliado
,4,T,"Executar atividades de Recursos Humanos, tais como rotinas administrativas de departamento pessoal e rotinas administrativas de treinamento e desenvolvimento;                                                                                                                                        Compreender e aplicar noções de legislação e marco regulatório (LGPD).","Curiosidade - Ser interessado em ideias e ter paixão por aprender, compreensão e exploração intelectual; uma mentalidade curiosa;
Autoeficácia - A força das crenças dos indivíduos em sua capacidade de executar tarefas e atingir objetivos;
Motivação de realização - Estabelecer padrões elevados para si mesmo e trabalhar muito para alcançá-los;
Tolerância ao estresse - Ter eficácia na modulação da ansiedade e capacidade de resolver problemas com calma;
Persistência - Ser capaz de perseverar em tarefas e atividades até que sejam concluídas;
Empatia - Compreender e preocupar-se com os outros e com o seu bem-estar. Valorizar e investir no relacionamento próximo;
Criatividade - Gerar novas maneiras de fazer ou pensar sobre as coisas por meio da exploração, aprendizagem a partir do fracasso, insight e visão.","Introdução à Administração, Legislação e Pessoas",C1,4,Avaliação de Desempenho e Feedback,,21,Conceito e estrutura da avaliação de desempenho,Aula 4: Avaliação como ferramenta de desenvolvimento,"Compreender o papel da avaliação de desempenho na gestão de pessoas e sua organização em etapas.
",Compreender como a avaliação pode orientar ações de melhoria profissional.,4. Finalidade das avaliações de desempenho
Recomposição da Aprendizagem,,,,,,,,,,,,,,,
Visita Técnica ,,,,,,,,,,,,,,,
,4,T,"Executar atividades de Recursos Humanos, tais como rotinas administrativas de departamento pessoal e rotinas administrativas de treinamento e desenvolvimento;                                                                                                                                        Compreender e aplicar noções de legislação e marco regulatório (LGPD).","Curiosidade - Ser interessado em ideias e ter paixão por aprender, compreensão e exploração intelectual; uma mentalidade curiosa;
Autoeficácia - A força das crenças dos indivíduos em sua capacidade de executar tarefas e atingir objetivos;
Motivação de realização - Estabelecer padrões elevados para si mesmo e trabalhar muito para alcançá-los;
Tolerância ao estresse - Ter eficácia na modulação da ansiedade e capacidade de resolver problemas com calma;
Persistência - Ser capaz de perseverar em tarefas e atividades até que sejam concluídas;
Empatia - Compreender e preocupar-se com os outros e com o seu bem-estar. Valorizar e investir no relacionamento próximo;
Criatividade - Gerar novas maneiras de fazer ou pensar sobre as coisas por meio da exploração, aprendizagem a partir do fracasso, insight e visão.","Introdução à Administração, Legislação e Pessoas",C1,4,Avaliação de Desempenho e Feedback,,22,"Métodos, erros e desafios da avaliação",Aula 1: Métodos de avaliação de desempenho,Compreender métodos e dificuldades na aplicação da avaliação de desempenho nas empresas.,Compreender os diferentes métodos de avaliação utilizados pelas empresas.,1. Tipos de avaliação
,4,T,"Executar atividades de Recursos Humanos, tais como rotinas administrativas de departamento pessoal e rotinas administrativas de treinamento e desenvolvimento;                                                                                                                                        Compreender e aplicar noções de legislação e marco regulatório (LGPD).","Curiosidade - Ser interessado em ideias e ter paixão por aprender, compreensão e exploração intelectual; uma mentalidade curiosa;
Autoeficácia - A força das crenças dos indivíduos em sua capacidade de executar tarefas e atingir objetivos;
Motivação de realização - Estabelecer padrões elevados para si mesmo e trabalhar muito para alcançá-los;
Tolerância ao estresse - Ter eficácia na modulação da ansiedade e capacidade de resolver problemas com calma;
Persistência - Ser capaz de perseverar em tarefas e atividades até que sejam concluídas;
Empatia - Compreender e preocupar-se com os outros e com o seu bem-estar. Valorizar e investir no relacionamento próximo;
Criatividade - Gerar novas maneiras de fazer ou pensar sobre as coisas por meio da exploração, aprendizagem a partir do fracasso, insight e visão.","Introdução à Administração, Legislação e Pessoas",C1,4,Avaliação de Desempenho e Feedback,,22,"Métodos, erros e desafios da avaliação",Aula 2: Erros mais comuns no processo avaliativo,Compreender métodos e dificuldades na aplicação da avaliação de desempenho nas empresas.,Identificar erros recorrentes em avaliações de desempenho.,2. Falhas na aplicação da avaliação de desempenho
,4,T,"Executar atividades de Recursos Humanos, tais como rotinas administrativas de departamento pessoal e rotinas administrativas de treinamento e desenvolvimento;                                                                                                                                        Compreender e aplicar noções de legislação e marco regulatório (LGPD).","Curiosidade - Ser interessado em ideias e ter paixão por aprender, compreensão e exploração intelectual; uma mentalidade curiosa;
Autoeficácia - A força das crenças dos indivíduos em sua capacidade de executar tarefas e atingir objetivos;
Motivação de realização - Estabelecer padrões elevados para si mesmo e trabalhar muito para alcançá-los;
Tolerância ao estresse - Ter eficácia na modulação da ansiedade e capacidade de resolver problemas com calma;
Persistência - Ser capaz de perseverar em tarefas e atividades até que sejam concluídas;
Empatia - Compreender e preocupar-se com os outros e com o seu bem-estar. Valorizar e investir no relacionamento próximo;
Criatividade - Gerar novas maneiras de fazer ou pensar sobre as coisas por meio da exploração, aprendizagem a partir do fracasso, insight e visão.","Introdução à Administração, Legislação e Pessoas",C1,4,Avaliação de Desempenho e Feedback,,22,"Métodos, erros e desafios da avaliação",Aula 3: Desafios culturais e organizacionais,Compreender métodos e dificuldades na aplicação da avaliação de desempenho nas empresas.,Compreender criticamente contextos organizacionais que dificultam a avaliação de desempenho.,3. Barreiras organizacionais
,4,T,"Executar atividades de Recursos Humanos, tais como rotinas administrativas de departamento pessoal e rotinas administrativas de treinamento e desenvolvimento;                                                                                                                                        Compreender e aplicar noções de legislação e marco regulatório (LGPD).","Curiosidade - Ser interessado em ideias e ter paixão por aprender, compreensão e exploração intelectual; uma mentalidade curiosa;
Autoeficácia - A força das crenças dos indivíduos em sua capacidade de executar tarefas e atingir objetivos;
Motivação de realização - Estabelecer padrões elevados para si mesmo e trabalhar muito para alcançá-los;
Tolerância ao estresse - Ter eficácia na modulação da ansiedade e capacidade de resolver problemas com calma;
Persistência - Ser capaz de perseverar em tarefas e atividades até que sejam concluídas;
Empatia - Compreender e preocupar-se com os outros e com o seu bem-estar. Valorizar e investir no relacionamento próximo;
Criatividade - Gerar novas maneiras de fazer ou pensar sobre as coisas por meio da exploração, aprendizagem a partir do fracasso, insight e visão.","Introdução à Administração, Legislação e Pessoas",C1,4,Avaliação de Desempenho e Feedback,,22,"Métodos, erros e desafios da avaliação",Aula 4: Impactos da cultura na eficácia da avaliação,Compreender métodos e dificuldades na aplicação da avaliação de desempenho nas empresas.,Refletir como os valores organizacionais afetam a aceitação e os resultados da avaliação de desempenho.,4. Influência da cultura na avaliação
,4,T,"Executar atividades de Recursos Humanos, tais como rotinas administrativas de departamento pessoal e rotinas administrativas de treinamento e desenvolvimento;                                                                                                                                        Compreender e aplicar noções de legislação e marco regulatório (LGPD).","Curiosidade - Ser interessado em ideias e ter paixão por aprender, compreensão e exploração intelectual; uma mentalidade curiosa;
Autoeficácia - A força das crenças dos indivíduos em sua capacidade de executar tarefas e atingir objetivos;
Motivação de realização - Estabelecer padrões elevados para si mesmo e trabalhar muito para alcançá-los;
Tolerância ao estresse - Ter eficácia na modulação da ansiedade e capacidade de resolver problemas com calma;
Persistência - Ser capaz de perseverar em tarefas e atividades até que sejam concluídas;
Empatia - Compreender e preocupar-se com os outros e com o seu bem-estar. Valorizar e investir no relacionamento próximo;
Criatividade - Gerar novas maneiras de fazer ou pensar sobre as coisas por meio da exploração, aprendizagem a partir do fracasso, insight e visão.","Introdução à Administração, Legislação e Pessoas",C1,4,Avaliação de Desempenho e Feedback,,23,"Competências, metas e feedback",Aula 1: 	Avaliação por competências,"Compreender como competências, metas e feedback são utilizados para apoiar o desempenho.",Compreender o conceito de avaliação por competências e sua aplicação.,1. Modelo por competências
,4,T,"Executar atividades de Recursos Humanos, tais como rotinas administrativas de departamento pessoal e rotinas administrativas de treinamento e desenvolvimento;                                                                                                                                        Compreender e aplicar noções de legislação e marco regulatório (LGPD).","Curiosidade - Ser interessado em ideias e ter paixão por aprender, compreensão e exploração intelectual; uma mentalidade curiosa;
Autoeficácia - A força das crenças dos indivíduos em sua capacidade de executar tarefas e atingir objetivos;
Motivação de realização - Estabelecer padrões elevados para si mesmo e trabalhar muito para alcançá-los;
Tolerância ao estresse - Ter eficácia na modulação da ansiedade e capacidade de resolver problemas com calma;
Persistência - Ser capaz de perseverar em tarefas e atividades até que sejam concluídas;
Empatia - Compreender e preocupar-se com os outros e com o seu bem-estar. Valorizar e investir no relacionamento próximo;
Criatividade - Gerar novas maneiras de fazer ou pensar sobre as coisas por meio da exploração, aprendizagem a partir do fracasso, insight e visão.","Introdução à Administração, Legislação e Pessoas",C1,4,Avaliação de Desempenho e Feedback,,23,"Competências, metas e feedback",Aula 2: Implantação da avaliação por competências,"Compreender como competências, metas e feedback são utilizados para apoiar o desempenho.",Compreender as etapas para implantar um sistema avaliativo eficaz baseado em competências.,2. Estruturação do processo de avaliação por competências
,4,T,"Executar atividades de Recursos Humanos, tais como rotinas administrativas de departamento pessoal e rotinas administrativas de treinamento e desenvolvimento;                                                                                                                                        Compreender e aplicar noções de legislação e marco regulatório (LGPD).","Curiosidade - Ser interessado em ideias e ter paixão por aprender, compreensão e exploração intelectual; uma mentalidade curiosa;
Autoeficácia - A força das crenças dos indivíduos em sua capacidade de executar tarefas e atingir objetivos;
Motivação de realização - Estabelecer padrões elevados para si mesmo e trabalhar muito para alcançá-los;
Tolerância ao estresse - Ter eficácia na modulação da ansiedade e capacidade de resolver problemas com calma;
Persistência - Ser capaz de perseverar em tarefas e atividades até que sejam concluídas;
Empatia - Compreender e preocupar-se com os outros e com o seu bem-estar. Valorizar e investir no relacionamento próximo;
Criatividade - Gerar novas maneiras de fazer ou pensar sobre as coisas por meio da exploração, aprendizagem a partir do fracasso, insight e visão.","Introdução à Administração, Legislação e Pessoas",C1,4,Avaliação de Desempenho e Feedback,,23,"Competências, metas e feedback",Aula 3: Metas e objetivos para avaliação de competências,"Compreender como competências, metas e feedback são utilizados para apoiar o desempenho.",Identificar como estruturar metas claras com base na metodologia SMART para uma avaliação eficaz.,3. Objetivo SMART
,4,T,"Executar atividades de Recursos Humanos, tais como rotinas administrativas de departamento pessoal e rotinas administrativas de treinamento e desenvolvimento;                                                                                                                                        Compreender e aplicar noções de legislação e marco regulatório (LGPD).","Curiosidade - Ser interessado em ideias e ter paixão por aprender, compreensão e exploração intelectual; uma mentalidade curiosa;
Autoeficácia - A força das crenças dos indivíduos em sua capacidade de executar tarefas e atingir objetivos;
Motivação de realização - Estabelecer padrões elevados para si mesmo e trabalhar muito para alcançá-los;
Tolerância ao estresse - Ter eficácia na modulação da ansiedade e capacidade de resolver problemas com calma;
Persistência - Ser capaz de perseverar em tarefas e atividades até que sejam concluídas;
Empatia - Compreender e preocupar-se com os outros e com o seu bem-estar. Valorizar e investir no relacionamento próximo;
Criatividade - Gerar novas maneiras de fazer ou pensar sobre as coisas por meio da exploração, aprendizagem a partir do fracasso, insight e visão.","Introdução à Administração, Legislação e Pessoas",C1,4,Avaliação de Desempenho e Feedback,,23,"Competências, metas e feedback",Aula 4: Feedback como ferramenta de desempenho,"Compreender como competências, metas e feedback são utilizados para apoiar o desempenho.",Compreender os tipos de feedback e sua importância na avaliação.,4. Comunicação avaliativa eficaz.
Recomposição da Aprendizagem,,,,,,,,,,,,,,,
,4,P,"Executar atividades de Recursos Humanos, tais como rotinas administrativas de departamento pessoal e rotinas administrativas de treinamento e desenvolvimento;                                                                                                                                        Compreender e aplicar noções de legislação e marco regulatório (LGPD).","Curiosidade - Ser interessado em ideias e ter paixão por aprender, compreensão e exploração intelectual; uma mentalidade curiosa;
Autoeficácia - A força das crenças dos indivíduos em sua capacidade de executar tarefas e atingir objetivos;
Motivação de realização - Estabelecer padrões elevados para si mesmo e trabalhar muito para alcançá-los;
Tolerância ao estresse - Ter eficácia na modulação da ansiedade e capacidade de resolver problemas com calma;
Persistência - Ser capaz de perseverar em tarefas e atividades até que sejam concluídas;
Empatia - Compreender e preocupar-se com os outros e com o seu bem-estar. Valorizar e investir no relacionamento próximo;
Criatividade - Gerar novas maneiras de fazer ou pensar sobre as coisas por meio da exploração, aprendizagem a partir do fracasso, insight e visão.","Introdução à Administração, Legislação e Pessoas",C1,4,Avaliação de Desempenho e Feedback,,24,Avaliação de desempenho na prática,Aula 1: Construção de metas com base em desempenho,Aplicar modelos e critérios de avaliação de desempenho em situações de gestão e desenvolvimento.,Criar metas SMART para colaboradores com base em uma situação simulada.,1. Planejamento de metas
,4,P,"Executar atividades de Recursos Humanos, tais como rotinas administrativas de departamento pessoal e rotinas administrativas de treinamento e desenvolvimento;                                                                                                                                        Compreender e aplicar noções de legislação e marco regulatório (LGPD).","Curiosidade - Ser interessado em ideias e ter paixão por aprender, compreensão e exploração intelectual; uma mentalidade curiosa;
Autoeficácia - A força das crenças dos indivíduos em sua capacidade de executar tarefas e atingir objetivos;
Motivação de realização - Estabelecer padrões elevados para si mesmo e trabalhar muito para alcançá-los;
Tolerância ao estresse - Ter eficácia na modulação da ansiedade e capacidade de resolver problemas com calma;
Persistência - Ser capaz de perseverar em tarefas e atividades até que sejam concluídas;
Empatia - Compreender e preocupar-se com os outros e com o seu bem-estar. Valorizar e investir no relacionamento próximo;
Criatividade - Gerar novas maneiras de fazer ou pensar sobre as coisas por meio da exploração, aprendizagem a partir do fracasso, insight e visão.","Introdução à Administração, Legislação e Pessoas",C1,4,Avaliação de Desempenho e Feedback,,24,Avaliação de desempenho na prática,Aula 2: Simulação de critérios de avaliação,Aplicar modelos e critérios de avaliação de desempenho em situações de gestão e desenvolvimento.,Aplicar critérios definidos para avaliar perfis profissionais em uma atividade simulada.,2. Aplicação de avaliação
,4,P,"Executar atividades de Recursos Humanos, tais como rotinas administrativas de departamento pessoal e rotinas administrativas de treinamento e desenvolvimento;                                                                                                                                        Compreender e aplicar noções de legislação e marco regulatório (LGPD).","Curiosidade - Ser interessado em ideias e ter paixão por aprender, compreensão e exploração intelectual; uma mentalidade curiosa;
Autoeficácia - A força das crenças dos indivíduos em sua capacidade de executar tarefas e atingir objetivos;
Motivação de realização - Estabelecer padrões elevados para si mesmo e trabalhar muito para alcançá-los;
Tolerância ao estresse - Ter eficácia na modulação da ansiedade e capacidade de resolver problemas com calma;
Persistência - Ser capaz de perseverar em tarefas e atividades até que sejam concluídas;
Empatia - Compreender e preocupar-se com os outros e com o seu bem-estar. Valorizar e investir no relacionamento próximo;
Criatividade - Gerar novas maneiras de fazer ou pensar sobre as coisas por meio da exploração, aprendizagem a partir do fracasso, insight e visão.","Introdução à Administração, Legislação e Pessoas",C1,4,Avaliação de Desempenho e Feedback,,24,Avaliação de desempenho na prática,Aula 3: Simulação de feedback organizacional,Aplicar modelos e critérios de avaliação de desempenho em situações de gestão e desenvolvimento.,Realizar feedback estruturado com base em resultados avaliativos simulados.,3. Comunicação de resultados
,4,P,"Executar atividades de Recursos Humanos, tais como rotinas administrativas de departamento pessoal e rotinas administrativas de treinamento e desenvolvimento;                                                                                                                                        Compreender e aplicar noções de legislação e marco regulatório (LGPD).","Curiosidade - Ser interessado em ideias e ter paixão por aprender, compreensão e exploração intelectual; uma mentalidade curiosa;
Autoeficácia - A força das crenças dos indivíduos em sua capacidade de executar tarefas e atingir objetivos;
Motivação de realização - Estabelecer padrões elevados para si mesmo e trabalhar muito para alcançá-los;
Tolerância ao estresse - Ter eficácia na modulação da ansiedade e capacidade de resolver problemas com calma;
Persistência - Ser capaz de perseverar em tarefas e atividades até que sejam concluídas;
Empatia - Compreender e preocupar-se com os outros e com o seu bem-estar. Valorizar e investir no relacionamento próximo;
Criatividade - Gerar novas maneiras de fazer ou pensar sobre as coisas por meio da exploração, aprendizagem a partir do fracasso, insight e visão.","Introdução à Administração, Legislação e Pessoas",C1,4,Avaliação de Desempenho e Feedback,,24,Avaliação de desempenho na prática,Aula 4: Proposta de melhoria do processo avaliativo,Aplicar modelos e critérios de avaliação de desempenho em situações de gestão e desenvolvimento.,Elaborar sugestões para aperfeiçoar o sistema de avaliação com base nas atividades realizadas.,4. Melhoria no processo de avalição de desempenho
,4,T,"Executar atividades de Recursos Humanos, tais como rotinas administrativas de departamento pessoal e rotinas administrativas de treinamento e desenvolvimento;                                                                                                                                        Compreender e aplicar noções de legislação e marco regulatório (LGPD).","Curiosidade - Ser interessado em ideias e ter paixão por aprender, compreensão e exploração intelectual; uma mentalidade curiosa;
Autoeficácia - A força das crenças dos indivíduos em sua capacidade de executar tarefas e atingir objetivos;
Motivação de realização - Estabelecer padrões elevados para si mesmo e trabalhar muito para alcançá-los;
Tolerância ao estresse - Ter eficácia na modulação da ansiedade e capacidade de resolver problemas com calma;
Persistência - Ser capaz de perseverar em tarefas e atividades até que sejam concluídas;
Empatia - Compreender e preocupar-se com os outros e com o seu bem-estar. Valorizar e investir no relacionamento próximo;
Criatividade - Gerar novas maneiras de fazer ou pensar sobre as coisas por meio da exploração, aprendizagem a partir do fracasso, insight e visão.","Introdução à Administração, Legislação e Pessoas",C1,4,Conceitos de Liderança e Estilos de Liderança,,25,Fundamentos da liderança,Aula 1: Conceito de liderança e papel do líder,Compreender os fundamentos e estilos de liderança para a aplicação em contextos organizacionais.,Compreender o papel da liderança e diferenciar líder de chefe.,1. Conceitos de liderança
,4,T,"Executar atividades de Recursos Humanos, tais como rotinas administrativas de departamento pessoal e rotinas administrativas de treinamento e desenvolvimento;                                                                                                                                        Compreender e aplicar noções de legislação e marco regulatório (LGPD).","Curiosidade - Ser interessado em ideias e ter paixão por aprender, compreensão e exploração intelectual; uma mentalidade curiosa;
Autoeficácia - A força das crenças dos indivíduos em sua capacidade de executar tarefas e atingir objetivos;
Motivação de realização - Estabelecer padrões elevados para si mesmo e trabalhar muito para alcançá-los;
Tolerância ao estresse - Ter eficácia na modulação da ansiedade e capacidade de resolver problemas com calma;
Persistência - Ser capaz de perseverar em tarefas e atividades até que sejam concluídas;
Empatia - Compreender e preocupar-se com os outros e com o seu bem-estar. Valorizar e investir no relacionamento próximo;
Criatividade - Gerar novas maneiras de fazer ou pensar sobre as coisas por meio da exploração, aprendizagem a partir do fracasso, insight e visão.","Introdução à Administração, Legislação e Pessoas",C1,4,Conceitos de Liderança e Estilos de Liderança,,25,Fundamentos da liderança,Aula 2: Estilos clássicos de liderança,Compreender os fundamentos e estilos de liderança para a aplicação em contextos organizacionais.,"Identificar as características dos estilos autocrático, democrático e liberal.",2. Estilos tradicionais de liderança
,4,T,"Executar atividades de Recursos Humanos, tais como rotinas administrativas de departamento pessoal e rotinas administrativas de treinamento e desenvolvimento;                                                                                                                                        Compreender e aplicar noções de legislação e marco regulatório (LGPD).","Curiosidade - Ser interessado em ideias e ter paixão por aprender, compreensão e exploração intelectual; uma mentalidade curiosa;
Autoeficácia - A força das crenças dos indivíduos em sua capacidade de executar tarefas e atingir objetivos;
Motivação de realização - Estabelecer padrões elevados para si mesmo e trabalhar muito para alcançá-los;
Tolerância ao estresse - Ter eficácia na modulação da ansiedade e capacidade de resolver problemas com calma;
Persistência - Ser capaz de perseverar em tarefas e atividades até que sejam concluídas;
Empatia - Compreender e preocupar-se com os outros e com o seu bem-estar. Valorizar e investir no relacionamento próximo;
Criatividade - Gerar novas maneiras de fazer ou pensar sobre as coisas por meio da exploração, aprendizagem a partir do fracasso, insight e visão.","Introdução à Administração, Legislação e Pessoas",C1,4,Conceitos de Liderança e Estilos de Liderança,,25,Fundamentos da liderança,Aula 3: Outros estilos de liderança,Compreender os fundamentos e estilos de liderança para a aplicação em contextos organizacionais.,Compreender outros  estilos de liderança no contexto organizacional.,3. Outros estilos de liderança
,4,T,"Executar atividades de Recursos Humanos, tais como rotinas administrativas de departamento pessoal e rotinas administrativas de treinamento e desenvolvimento;                                                                                                                                        Compreender e aplicar noções de legislação e marco regulatório (LGPD).","Curiosidade - Ser interessado em ideias e ter paixão por aprender, compreensão e exploração intelectual; uma mentalidade curiosa;
Autoeficácia - A força das crenças dos indivíduos em sua capacidade de executar tarefas e atingir objetivos;
Motivação de realização - Estabelecer padrões elevados para si mesmo e trabalhar muito para alcançá-los;
Tolerância ao estresse - Ter eficácia na modulação da ansiedade e capacidade de resolver problemas com calma;
Persistência - Ser capaz de perseverar em tarefas e atividades até que sejam concluídas;
Empatia - Compreender e preocupar-se com os outros e com o seu bem-estar. Valorizar e investir no relacionamento próximo;
Criatividade - Gerar novas maneiras de fazer ou pensar sobre as coisas por meio da exploração, aprendizagem a partir do fracasso, insight e visão.","Introdução à Administração, Legislação e Pessoas",C1,4,Conceitos de Liderança e Estilos de Liderança,,25,Fundamentos da liderança,Aula 4: Liderança estratégica,Compreender os fundamentos e estilos de liderança para a aplicação em contextos organizacionais.,Compreender o conceito de liderança estratégica e sua importância.,4. Alinhamento e visão
,4,T,"Executar atividades de Recursos Humanos, tais como rotinas administrativas de departamento pessoal e rotinas administrativas de treinamento e desenvolvimento;                                                                                                                                        Compreender e aplicar noções de legislação e marco regulatório (LGPD).","Curiosidade - Ser interessado em ideias e ter paixão por aprender, compreensão e exploração intelectual; uma mentalidade curiosa;
Autoeficácia - A força das crenças dos indivíduos em sua capacidade de executar tarefas e atingir objetivos;
Motivação de realização - Estabelecer padrões elevados para si mesmo e trabalhar muito para alcançá-los;
Tolerância ao estresse - Ter eficácia na modulação da ansiedade e capacidade de resolver problemas com calma;
Persistência - Ser capaz de perseverar em tarefas e atividades até que sejam concluídas;
Empatia - Compreender e preocupar-se com os outros e com o seu bem-estar. Valorizar e investir no relacionamento próximo;
Criatividade - Gerar novas maneiras de fazer ou pensar sobre as coisas por meio da exploração, aprendizagem a partir do fracasso, insight e visão.","Introdução à Administração, Legislação e Pessoas",C1,4,Conceitos de Liderança e Estilos de Liderança,,26,Liderança e engajamento,Aula 1: Níveis de liderança e atuação,Compreender a influência da liderança nos diferentes níveis organizacionais e seu impacto no engajamento de equipes.,Compreender os diferentes níveis de liderança e suas responsabilidades.,1. Estrutura da liderança
,4,T,"Executar atividades de Recursos Humanos, tais como rotinas administrativas de departamento pessoal e rotinas administrativas de treinamento e desenvolvimento;                                                                                                                                        Compreender e aplicar noções de legislação e marco regulatório (LGPD).","Curiosidade - Ser interessado em ideias e ter paixão por aprender, compreensão e exploração intelectual; uma mentalidade curiosa;
Autoeficácia - A força das crenças dos indivíduos em sua capacidade de executar tarefas e atingir objetivos;
Motivação de realização - Estabelecer padrões elevados para si mesmo e trabalhar muito para alcançá-los;
Tolerância ao estresse - Ter eficácia na modulação da ansiedade e capacidade de resolver problemas com calma;
Persistência - Ser capaz de perseverar em tarefas e atividades até que sejam concluídas;
Empatia - Compreender e preocupar-se com os outros e com o seu bem-estar. Valorizar e investir no relacionamento próximo;
Criatividade - Gerar novas maneiras de fazer ou pensar sobre as coisas por meio da exploração, aprendizagem a partir do fracasso, insight e visão.","Introdução à Administração, Legislação e Pessoas",C1,4,Conceitos de Liderança e Estilos de Liderança,,26,Liderança e engajamento,Aula 2: Fatores que influenciam o engajamento,Compreender a influência da liderança nos diferentes níveis organizacionais e seu impacto no engajamento de equipes.,Identificar o que influencia o engajamento no ambiente de trabalho.,2. Engajamento da equipe
,4,T,"Executar atividades de Recursos Humanos, tais como rotinas administrativas de departamento pessoal e rotinas administrativas de treinamento e desenvolvimento;                                                                                                                                        Compreender e aplicar noções de legislação e marco regulatório (LGPD).","Curiosidade - Ser interessado em ideias e ter paixão por aprender, compreensão e exploração intelectual; uma mentalidade curiosa;
Autoeficácia - A força das crenças dos indivíduos em sua capacidade de executar tarefas e atingir objetivos;
Motivação de realização - Estabelecer padrões elevados para si mesmo e trabalhar muito para alcançá-los;
Tolerância ao estresse - Ter eficácia na modulação da ansiedade e capacidade de resolver problemas com calma;
Persistência - Ser capaz de perseverar em tarefas e atividades até que sejam concluídas;
Empatia - Compreender e preocupar-se com os outros e com o seu bem-estar. Valorizar e investir no relacionamento próximo;
Criatividade - Gerar novas maneiras de fazer ou pensar sobre as coisas por meio da exploração, aprendizagem a partir do fracasso, insight e visão.","Introdução à Administração, Legislação e Pessoas",C1,4,Conceitos de Liderança e Estilos de Liderança,,26,Liderança e engajamento,Aula 3: Estratégias para promover engajamento,Compreender a influência da liderança nos diferentes níveis organizacionais e seu impacto no engajamento de equipes.,Compreender como o líder pode promover engajamento nas equipes.,3. Ações de liderança
,4,T,"Executar atividades de Recursos Humanos, tais como rotinas administrativas de departamento pessoal e rotinas administrativas de treinamento e desenvolvimento;                                                                                                                                        Compreender e aplicar noções de legislação e marco regulatório (LGPD).","Curiosidade - Ser interessado em ideias e ter paixão por aprender, compreensão e exploração intelectual; uma mentalidade curiosa;
Autoeficácia - A força das crenças dos indivíduos em sua capacidade de executar tarefas e atingir objetivos;
Motivação de realização - Estabelecer padrões elevados para si mesmo e trabalhar muito para alcançá-los;
Tolerância ao estresse - Ter eficácia na modulação da ansiedade e capacidade de resolver problemas com calma;
Persistência - Ser capaz de perseverar em tarefas e atividades até que sejam concluídas;
Empatia - Compreender e preocupar-se com os outros e com o seu bem-estar. Valorizar e investir no relacionamento próximo;
Criatividade - Gerar novas maneiras de fazer ou pensar sobre as coisas por meio da exploração, aprendizagem a partir do fracasso, insight e visão.","Introdução à Administração, Legislação e Pessoas",C1,4,Conceitos de Liderança e Estilos de Liderança,,26,Liderança e engajamento,Aula 4: Como a liderança gera engajamento,Compreender a influência da liderança nos diferentes níveis organizacionais e seu impacto no engajamento de equipes.,"Compreender de que forma o comportamento e as atitudes do líder impactam diretamente no engajamento da equipe.
",4. Comportamentos que engajam
Recomposição da Aprendizagem,,,,,,,,,,,,,,,
Recomposição da Aprendizagem,,,,,,,,,,,,,,,
Visita Técnica ,,,,,,,,,,,,,,,
,1,T,"Resolver problemas de matemática e raciocínio lógico; analisar finanças (matemática financeira básica, receita, custo, lucro, ponto de equilíbrio); Analisar e interpretar dados transformando em informações.","Empatia - Compreender e preocupar-se com os outros e com o seu bem-estar. Valorizar e investir no relacionamento próximo;
Criatividade - Gerar novas maneiras de fazer ou pensar sobre as coisas por meio da exploração, aprendizagem a partir do fracasso, insight e visão;
Motivação de realização - Estabelecer padrões elevados para si mesmo e trabalhar muito para alcançá-los.",Matemática Aplicada à Administração,C2,4,Fundamentos Matemáticos,,1,Operações com Números Naturais,Aula 1: Adição de Números Naturais,"Realizar operações de adição, subtração, multiplicação e divisão com números naturais para a resolução de problemas em administração",Aplicar a adição na resolução de problemas do cotidiano e em situações-problema.,1. Adição com números naturais.
,1,T,"Resolver problemas de matemática e raciocínio lógico; analisar finanças (matemática financeira básica, receita, custo, lucro, ponto de equilíbrio); Analisar e interpretar dados transformando em informações.","Empatia - Compreender e preocupar-se com os outros e com o seu bem-estar. Valorizar e investir no relacionamento próximo;
Criatividade - Gerar novas maneiras de fazer ou pensar sobre as coisas por meio da exploração, aprendizagem a partir do fracasso, insight e visão;
Motivação de realização - Estabelecer padrões elevados para si mesmo e trabalhar muito para alcançá-los.",Matemática Aplicada à Administração,C2,4,Fundamentos Matemáticos,,1,Operações com Números Naturais,Aula 2: Subtração de Números Naturais,"Realizar operações de adição, subtração, multiplicação e divisão com números naturais para a resolução de problemas em administração",Aplicar a subtração na resolução de problemas do cotidiano e em situações-problema.,2. Subtração com números naturais
,1,T,"Resolver problemas de matemática e raciocínio lógico; analisar finanças (matemática financeira básica, receita, custo, lucro, ponto de equilíbrio); Analisar e interpretar dados transformando em informações.","Empatia - Compreender e preocupar-se com os outros e com o seu bem-estar. Valorizar e investir no relacionamento próximo;
Criatividade - Gerar novas maneiras de fazer ou pensar sobre as coisas por meio da exploração, aprendizagem a partir do fracasso, insight e visão;
Motivação de realização - Estabelecer padrões elevados para si mesmo e trabalhar muito para alcançá-los.",Matemática Aplicada à Administração,C2,4,Fundamentos Matemáticos,,1,Operações com Números Naturais,Aula 3: Multiplicação de Números Naturais,"Realizar operações de adição, subtração, multiplicação e divisão com números naturais para a resolução de problemas em administração",Aplicar a multiplicação na resolução de problemas do cotidiano e em situações-problema.,3. Multiplicação com números naturais.
,1,T,"Resolver problemas de matemática e raciocínio lógico; analisar finanças (matemática financeira básica, receita, custo, lucro, ponto de equilíbrio); Analisar e interpretar dados transformando em informações.","Empatia - Compreender e preocupar-se com os outros e com o seu bem-estar. Valorizar e investir no relacionamento próximo;
Criatividade - Gerar novas maneiras de fazer ou pensar sobre as coisas por meio da exploração, aprendizagem a partir do fracasso, insight e visão;
Motivação de realização - Estabelecer padrões elevados para si mesmo e trabalhar muito para alcançá-los.",Matemática Aplicada à Administração,C2,4,Fundamentos Matemáticos,,1,Operações com Números Naturais,Aula 4: Divisão de Números Naturais,"Realizar operações de adição, subtração, multiplicação e divisão com números naturais para a resolução de problemas em administração",Aplicar a divisão na resolução de problemas do cotidiano e em situações-problema.,4.Divisão com números naturais.
,1,T,"Resolver problemas de matemática e raciocínio lógico; analisar finanças (matemática financeira básica, receita, custo, lucro, ponto de equilíbrio); Analisar e interpretar dados transformando em informações.","Empatia - Compreender e preocupar-se com os outros e com o seu bem-estar. Valorizar e investir no relacionamento próximo;
Criatividade - Gerar novas maneiras de fazer ou pensar sobre as coisas por meio da exploração, aprendizagem a partir do fracasso, insight e visão;
Motivação de realização - Estabelecer padrões elevados para si mesmo e trabalhar muito para alcançá-los.",Matemática Aplicada à Administração,C2,4,Fundamentos Matemáticos,,2,Operações com Números Fracionários,Aula 1: Adição de Números Fracionários,Utilizar o software Excel para realizar cálculos com frações aplicando essas operações em situações-problema típicas da administração. ,Aplicar a operação de adição de frações em situações-problema utilizando o excel.,1. Explicar como realizar operação de adição com números fracionários
,1,T,"Resolver problemas de matemática e raciocínio lógico; analisar finanças (matemática financeira básica, receita, custo, lucro, ponto de equilíbrio); Analisar e interpretar dados transformando em informações.","Empatia - Compreender e preocupar-se com os outros e com o seu bem-estar. Valorizar e investir no relacionamento próximo;
Criatividade - Gerar novas maneiras de fazer ou pensar sobre as coisas por meio da exploração, aprendizagem a partir do fracasso, insight e visão;
Motivação de realização - Estabelecer padrões elevados para si mesmo e trabalhar muito para alcançá-los.",Matemática Aplicada à Administração,C2,4,Fundamentos Matemáticos,,2,Operações com Números Fracionários,Aula 2: Subtração de Números Fracionários,Utilizar o software Excel para realizar cálculos com frações aplicando essas operações em situações-problema típicas da administração. ,Aplicar a operação de subtração de frações em situações-problema utilizando o excel.,2. Explicar como realizar operação de subtração com números fracionários
,1,T,"Resolver problemas de matemática e raciocínio lógico; analisar finanças (matemática financeira básica, receita, custo, lucro, ponto de equilíbrio); Analisar e interpretar dados transformando em informações.","Empatia - Compreender e preocupar-se com os outros e com o seu bem-estar. Valorizar e investir no relacionamento próximo;
Criatividade - Gerar novas maneiras de fazer ou pensar sobre as coisas por meio da exploração, aprendizagem a partir do fracasso, insight e visão;
Motivação de realização - Estabelecer padrões elevados para si mesmo e trabalhar muito para alcançá-los.",Matemática Aplicada à Administração,C2,4,Fundamentos Matemáticos,,2,Operações com Números Fracionários,Aula 3: Multiplicação de Números Fracionários,Utilizar o software Excel para realizar cálculos com frações aplicando essas operações em situações-problema típicas da administração. ,Aplicar a operação de multiplicação de frações em situações-problema utilizando o excel.,3. Explicar como realizar operação de multiplicação com números fracionários
,1,T,"Resolver problemas de matemática e raciocínio lógico; analisar finanças (matemática financeira básica, receita, custo, lucro, ponto de equilíbrio); Analisar e interpretar dados transformando em informações.","Empatia - Compreender e preocupar-se com os outros e com o seu bem-estar. Valorizar e investir no relacionamento próximo;
Criatividade - Gerar novas maneiras de fazer ou pensar sobre as coisas por meio da exploração, aprendizagem a partir do fracasso, insight e visão;
Motivação de realização - Estabelecer padrões elevados para si mesmo e trabalhar muito para alcançá-los.",Matemática Aplicada à Administração,C2,4,Fundamentos Matemáticos,,2,Operações com Números Fracionários,Aula 4: Divisão de Números Fracionários,Utilizar o software Excel para realizar cálculos com frações aplicando essas operações em situações-problema típicas da administração. ,Aplicar a operação de divisão de frações em situações-problema utilizando o excel.,4. Explicar como realizar operação de divisão com números fracionários
Recomposição da Aprendizagem,,,,,,,,,,,,,,,
,1,T,"Resolver problemas de matemática e raciocínio lógico; analisar finanças (matemática financeira básica, receita, custo, lucro, ponto de equilíbrio); Analisar e interpretar dados transformando em informações.","Empatia - Compreender e preocupar-se com os outros e com o seu bem-estar. Valorizar e investir no relacionamento próximo;
Criatividade - Gerar novas maneiras de fazer ou pensar sobre as coisas por meio da exploração, aprendizagem a partir do fracasso, insight e visão;
Motivação de realização - Estabelecer padrões elevados para si mesmo e trabalhar muito para alcançá-los.",Matemática Aplicada à Administração,C2,4,Fundamentos Matemáticos,,3,Porcentagens,"Aula 1: Razões, Proporções e Porcentagens",Determinar porcentagens e realizar cálculos com diferentes grandezas.,"Aplicar razões, proporções e porcentagens para resolver problemas.","1. Demonstrar o uso de razões, proporções e porcentagens"
,1,T,"Resolver problemas de matemática e raciocínio lógico; analisar finanças (matemática financeira básica, receita, custo, lucro, ponto de equilíbrio); Analisar e interpretar dados transformando em informações.","Empatia - Compreender e preocupar-se com os outros e com o seu bem-estar. Valorizar e investir no relacionamento próximo;
Criatividade - Gerar novas maneiras de fazer ou pensar sobre as coisas por meio da exploração, aprendizagem a partir do fracasso, insight e visão;
Motivação de realização - Estabelecer padrões elevados para si mesmo e trabalhar muito para alcançá-los.",Matemática Aplicada à Administração,C2,4,Fundamentos Matemáticos,,3,Porcentagens,Aula 2: Análise Percentual,Determinar porcentagens e realizar cálculos com diferentes grandezas.,Compreender o cálculo de capacidade utilizada e ociosa no ambiente organizacional.,2. Demonstrar o uso de razão e proporção para encontrar a capacidade utilizada e ociosa
,1,T,"Resolver problemas de matemática e raciocínio lógico; analisar finanças (matemática financeira básica, receita, custo, lucro, ponto de equilíbrio); Analisar e interpretar dados transformando em informações.","Empatia - Compreender e preocupar-se com os outros e com o seu bem-estar. Valorizar e investir no relacionamento próximo;
Criatividade - Gerar novas maneiras de fazer ou pensar sobre as coisas por meio da exploração, aprendizagem a partir do fracasso, insight e visão;
Motivação de realização - Estabelecer padrões elevados para si mesmo e trabalhar muito para alcançá-los.",Matemática Aplicada à Administração,C2,4,Fundamentos Matemáticos,,3,Porcentagens,Aula 3: Variação Percentual,Determinar porcentagens e realizar cálculos com diferentes grandezas.,Compreender o conceito de variação percentual no contexto administrativo.,3. Explicar como calcular a variação percentual
,1,T,"Resolver problemas de matemática e raciocínio lógico; analisar finanças (matemática financeira básica, receita, custo, lucro, ponto de equilíbrio); Analisar e interpretar dados transformando em informações.","Empatia - Compreender e preocupar-se com os outros e com o seu bem-estar. Valorizar e investir no relacionamento próximo;
Criatividade - Gerar novas maneiras de fazer ou pensar sobre as coisas por meio da exploração, aprendizagem a partir do fracasso, insight e visão;
Motivação de realização - Estabelecer padrões elevados para si mesmo e trabalhar muito para alcançá-los.",Matemática Aplicada à Administração,C2,4,Fundamentos Matemáticos,,3,Porcentagens,Aula 4: Tamanho e participação de mercado,Determinar porcentagens e realizar cálculos com diferentes grandezas.,Compreender o cálculo de participação de mercado no contexto administrativo.,4. Utilizar proporção para encontrar a participação de mercado de uma empresa
X,1,P,"Resolver problemas de matemática e raciocínio lógico; analisar finanças (matemática financeira básica, receita, custo, lucro, ponto de equilíbrio); Analisar e interpretar dados transformando em informações.","Empatia - Compreender e preocupar-se com os outros e com o seu bem-estar. Valorizar e investir no relacionamento próximo;
Criatividade - Gerar novas maneiras de fazer ou pensar sobre as coisas por meio da exploração, aprendizagem a partir do fracasso, insight e visão;
Motivação de realização - Estabelecer padrões elevados para si mesmo e trabalhar muito para alcançá-los.",Matemática Aplicada à Administração,C2,4,Fundamentos Matemáticos,,4,Fundamentos Matemáticos na Prática,Aula 1:  Encontrando os Custos de um Produto,Aplicar operações matemáticas para resolver problemas de negócio.,Aplicar operações de soma e subtração de números naturais no contexto administrativo.,1. Praticar a adição e subtração de valores numéricos relacionados aos custos de um produto.
X,1,P,"Resolver problemas de matemática e raciocínio lógico; analisar finanças (matemática financeira básica, receita, custo, lucro, ponto de equilíbrio); Analisar e interpretar dados transformando em informações.","Empatia - Compreender e preocupar-se com os outros e com o seu bem-estar. Valorizar e investir no relacionamento próximo;
Criatividade - Gerar novas maneiras de fazer ou pensar sobre as coisas por meio da exploração, aprendizagem a partir do fracasso, insight e visão;
Motivação de realização - Estabelecer padrões elevados para si mesmo e trabalhar muito para alcançá-los.",Matemática Aplicada à Administração,C2,4,Fundamentos Matemáticos,,4,Fundamentos Matemáticos na Prática,Aula 2: Dividindo os Lucros ,Aplicar operações matemáticas para resolver problemas de negócio.,Aplicar operações de divisão de números naturais no contexto administrativo.,2. Praticar a operação de divisão para repartir os lucros entre diferentes partes ou indivíduos.
X,1,P,"Resolver problemas de matemática e raciocínio lógico; analisar finanças (matemática financeira básica, receita, custo, lucro, ponto de equilíbrio); Analisar e interpretar dados transformando em informações.","Empatia - Compreender e preocupar-se com os outros e com o seu bem-estar. Valorizar e investir no relacionamento próximo;
Criatividade - Gerar novas maneiras de fazer ou pensar sobre as coisas por meio da exploração, aprendizagem a partir do fracasso, insight e visão;
Motivação de realização - Estabelecer padrões elevados para si mesmo e trabalhar muito para alcançá-los.",Matemática Aplicada à Administração,C2,4,Fundamentos Matemáticos,,4,Fundamentos Matemáticos na Prática,Aula 3: Variação Percentual dos Custos,Aplicar operações matemáticas para resolver problemas de negócio.,Aplicar o cálculo de variação percentual no contexto administrativo.,3. Praticar o cálculo da variação percentual para encontrar a mudança percentual entre dois valores de custo.
X,1,P,"Resolver problemas de matemática e raciocínio lógico; analisar finanças (matemática financeira básica, receita, custo, lucro, ponto de equilíbrio); Analisar e interpretar dados transformando em informações.","Empatia - Compreender e preocupar-se com os outros e com o seu bem-estar. Valorizar e investir no relacionamento próximo;
Criatividade - Gerar novas maneiras de fazer ou pensar sobre as coisas por meio da exploração, aprendizagem a partir do fracasso, insight e visão;
Motivação de realização - Estabelecer padrões elevados para si mesmo e trabalhar muito para alcançá-los.",Matemática Aplicada à Administração,C2,4,Fundamentos Matemáticos,,4,Fundamentos Matemáticos na Prática,Aula 4: Participação no Mercado,Aplicar operações matemáticas para resolver problemas de negócio.,Aplicar o cálculo de participação de mercado no contexto administrativo.,4. Praticar o cálculo de participação de mercado para determinar a posição de uma empresa em um determinado setor.
Recomposição da Aprendizagem,,,,,,,,,,,,,,,
,1,T,"Resolver problemas de matemática e raciocínio lógico; analisar finanças (matemática financeira básica, receita, custo, lucro, ponto de equilíbrio); Analisar e interpretar dados transformando em informações.","Empatia - Compreender e preocupar-se com os outros e com o seu bem-estar. Valorizar e investir no relacionamento próximo;
Criatividade - Gerar novas maneiras de fazer ou pensar sobre as coisas por meio da exploração, aprendizagem a partir do fracasso, insight e visão;
Motivação de realização - Estabelecer padrões elevados para si mesmo e trabalhar muito para alcançá-los.",Matemática Aplicada à Administração,C2,4,Estatística Aplicada – Uso de Planilha Eletrônica (Excel),,5,Estatística Conceitos Básicos,Aula 1: Conceito de População e Amostra,"Identificar corretamente os conceitos de população e amostra em um contexto administrativo, além de classificar as variáveis em diferentes tipos para realizar análises de dados mais precisas.",Compreender os conceitos de população e amostra no contexto administrativo.,1. Diferenciar população e amostra
,1,T,"Resolver problemas de matemática e raciocínio lógico; analisar finanças (matemática financeira básica, receita, custo, lucro, ponto de equilíbrio); Analisar e interpretar dados transformando em informações.","Empatia - Compreender e preocupar-se com os outros e com o seu bem-estar. Valorizar e investir no relacionamento próximo;
Criatividade - Gerar novas maneiras de fazer ou pensar sobre as coisas por meio da exploração, aprendizagem a partir do fracasso, insight e visão;
Motivação de realização - Estabelecer padrões elevados para si mesmo e trabalhar muito para alcançá-los.",Matemática Aplicada à Administração,C2,4,Estatística Aplicada – Uso de Planilha Eletrônica (Excel),,5,Estatística Conceitos Básicos,Aula 2: Tipos de Variáveis,"Identificar corretamente os conceitos de população e amostra em um contexto administrativo, além de classificar as variáveis em diferentes tipos para realizar análises de dados mais precisas.",Compreender e classificar os diferentes tipos de variáveis no contexto administrativo.,2. Diferenciar variáveis qualitativas de quantitativas 
,1,T,"Resolver problemas de matemática e raciocínio lógico; analisar finanças (matemática financeira básica, receita, custo, lucro, ponto de equilíbrio); Analisar e interpretar dados transformando em informações.","Empatia - Compreender e preocupar-se com os outros e com o seu bem-estar. Valorizar e investir no relacionamento próximo;
Criatividade - Gerar novas maneiras de fazer ou pensar sobre as coisas por meio da exploração, aprendizagem a partir do fracasso, insight e visão;
Motivação de realização - Estabelecer padrões elevados para si mesmo e trabalhar muito para alcançá-los.",Matemática Aplicada à Administração,C2,4,Estatística Aplicada – Uso de Planilha Eletrônica (Excel),,5,Estatística Conceitos Básicos,Aula 3: Dados Quantitativos,"Identificar corretamente os conceitos de população e amostra em um contexto administrativo, além de classificar as variáveis em diferentes tipos para realizar análises de dados mais precisas.",Compreender os conceitos de dados quantitativos no contexto administrativo.,3. Diferenciar variável discreta e contínua
,1,T,"Resolver problemas de matemática e raciocínio lógico; analisar finanças (matemática financeira básica, receita, custo, lucro, ponto de equilíbrio); Analisar e interpretar dados transformando em informações.","Empatia - Compreender e preocupar-se com os outros e com o seu bem-estar. Valorizar e investir no relacionamento próximo;
Criatividade - Gerar novas maneiras de fazer ou pensar sobre as coisas por meio da exploração, aprendizagem a partir do fracasso, insight e visão;
Motivação de realização - Estabelecer padrões elevados para si mesmo e trabalhar muito para alcançá-los.",Matemática Aplicada à Administração,C2,4,Estatística Aplicada – Uso de Planilha Eletrônica (Excel),,5,Estatística Conceitos Básicos,Aula 4: Dados Qualitativos,"Identificar corretamente os conceitos de população e amostra em um contexto administrativo, além de classificar as variáveis em diferentes tipos para realizar análises de dados mais precisas.",Compreender o conceito de dados qualitativos no contexto administrativo.,4. Diferenciar variável nominal e ordinal
,1,T,"Resolver problemas de matemática e raciocínio lógico; analisar finanças (matemática financeira básica, receita, custo, lucro, ponto de equilíbrio); Analisar e interpretar dados transformando em informações.","Empatia - Compreender e preocupar-se com os outros e com o seu bem-estar. Valorizar e investir no relacionamento próximo;
Criatividade - Gerar novas maneiras de fazer ou pensar sobre as coisas por meio da exploração, aprendizagem a partir do fracasso, insight e visão;
Motivação de realização - Estabelecer padrões elevados para si mesmo e trabalhar muito para alcançá-los.",Matemática Aplicada à Administração,C2,4,Estatística Aplicada – Uso de Planilha Eletrônica (Excel),,6,Leitura de Dados I,Aula 1: Visualização de Dados com Tabelas,"Organizar dados em tabelas, utilizando o Excel, visando facilitar a análise e a interpretação de informações relevantes para a tomada de decisão em um contexto administrativo. ",Criar tabelas para organizar dados de forma lógica e eficiente,1. Resumir os dados em tabela pela frequência de observações 
,1,T,"Resolver problemas de matemática e raciocínio lógico; analisar finanças (matemática financeira básica, receita, custo, lucro, ponto de equilíbrio); Analisar e interpretar dados transformando em informações.","Empatia - Compreender e preocupar-se com os outros e com o seu bem-estar. Valorizar e investir no relacionamento próximo;
Criatividade - Gerar novas maneiras de fazer ou pensar sobre as coisas por meio da exploração, aprendizagem a partir do fracasso, insight e visão;
Motivação de realização - Estabelecer padrões elevados para si mesmo e trabalhar muito para alcançá-los.",Matemática Aplicada à Administração,C2,4,Estatística Aplicada – Uso de Planilha Eletrônica (Excel),,6,Leitura de Dados I,Aula 2: Tabelas de Porcentagem,"Organizar dados em tabelas, utilizando o Excel, visando facilitar a análise e a interpretação de informações relevantes para a tomada de decisão em um contexto administrativo. ",Analisar percentuais em tabelas no contexto administrativo.,2. Construir uma tabela de frequência relativa
,1,T,"Resolver problemas de matemática e raciocínio lógico; analisar finanças (matemática financeira básica, receita, custo, lucro, ponto de equilíbrio); Analisar e interpretar dados transformando em informações.","Empatia - Compreender e preocupar-se com os outros e com o seu bem-estar. Valorizar e investir no relacionamento próximo;
Criatividade - Gerar novas maneiras de fazer ou pensar sobre as coisas por meio da exploração, aprendizagem a partir do fracasso, insight e visão;
Motivação de realização - Estabelecer padrões elevados para si mesmo e trabalhar muito para alcançá-los.",Matemática Aplicada à Administração,C2,4,Estatística Aplicada – Uso de Planilha Eletrônica (Excel),,6,Leitura de Dados I,Aula 3: Cruzamento de Informações,"Organizar dados em tabelas, utilizando o Excel, visando facilitar a análise e a interpretação de informações relevantes para a tomada de decisão em um contexto administrativo. ",Relacionar dados cruzando diferentes informações no contexto administrativo.,3. Analisar tabela com cruzamento de informações
,1,T,"Resolver problemas de matemática e raciocínio lógico; analisar finanças (matemática financeira básica, receita, custo, lucro, ponto de equilíbrio); Analisar e interpretar dados transformando em informações.","Empatia - Compreender e preocupar-se com os outros e com o seu bem-estar. Valorizar e investir no relacionamento próximo;
Criatividade - Gerar novas maneiras de fazer ou pensar sobre as coisas por meio da exploração, aprendizagem a partir do fracasso, insight e visão;
Motivação de realização - Estabelecer padrões elevados para si mesmo e trabalhar muito para alcançá-los.",Matemática Aplicada à Administração,C2,4,Estatística Aplicada – Uso de Planilha Eletrônica (Excel),,6,Leitura de Dados I,Aula 4: Tabelas com Duas Variáveis,"Organizar dados em tabelas, utilizando o Excel, visando facilitar a análise e a interpretação de informações relevantes para a tomada de decisão em um contexto administrativo. ",Analisar tabela com duas variáveis no contexto administrativo.,4. Analisar tabela com duas variáveis
,1,T,"Resolver problemas de matemática e raciocínio lógico; analisar finanças (matemática financeira básica, receita, custo, lucro, ponto de equilíbrio); Analisar e interpretar dados transformando em informações.","Empatia - Compreender e preocupar-se com os outros e com o seu bem-estar. Valorizar e investir no relacionamento próximo;
Criatividade - Gerar novas maneiras de fazer ou pensar sobre as coisas por meio da exploração, aprendizagem a partir do fracasso, insight e visão;
Motivação de realização - Estabelecer padrões elevados para si mesmo e trabalhar muito para alcançá-los.",Matemática Aplicada à Administração,C2,4,Estatística Aplicada – Uso de Planilha Eletrônica (Excel),,7,Leitura de Dados II,Aula 1: Gráfico de Barras e Pizza,"Organizar dados em tabelas, utilizando o Excel, visando facilitar a análise e a interpretação de informações relevantes para a tomada de decisão em um contexto administrativo. ",Interpretar dados em gráficos de barras e pizza no contexto administrativo.,1. Analisar gráficos de barra e pizza
,1,T,"Resolver problemas de matemática e raciocínio lógico; analisar finanças (matemática financeira básica, receita, custo, lucro, ponto de equilíbrio); Analisar e interpretar dados transformando em informações.","Empatia - Compreender e preocupar-se com os outros e com o seu bem-estar. Valorizar e investir no relacionamento próximo;
Criatividade - Gerar novas maneiras de fazer ou pensar sobre as coisas por meio da exploração, aprendizagem a partir do fracasso, insight e visão;
Motivação de realização - Estabelecer padrões elevados para si mesmo e trabalhar muito para alcançá-los.",Matemática Aplicada à Administração,C2,4,Estatística Aplicada – Uso de Planilha Eletrônica (Excel),,7,Leitura de Dados II,Aula 2: Histograma,"Organizar dados em tabelas, utilizando o Excel, visando facilitar a análise e a interpretação de informações relevantes para a tomada de decisão em um contexto administrativo. ",Analisar distribuições de dados em histogramas no contexto administrativo.,2. Interpretar um histograma
,1,T,"Resolver problemas de matemática e raciocínio lógico; analisar finanças (matemática financeira básica, receita, custo, lucro, ponto de equilíbrio); Analisar e interpretar dados transformando em informações.","Empatia - Compreender e preocupar-se com os outros e com o seu bem-estar. Valorizar e investir no relacionamento próximo;
Criatividade - Gerar novas maneiras de fazer ou pensar sobre as coisas por meio da exploração, aprendizagem a partir do fracasso, insight e visão;
Motivação de realização - Estabelecer padrões elevados para si mesmo e trabalhar muito para alcançá-los.",Matemática Aplicada à Administração,C2,4,Estatística Aplicada – Uso de Planilha Eletrônica (Excel),,7,Leitura de Dados II,Aula 3: Diagrama de Dispersão e Linha de tendência ,"Organizar dados em tabelas, utilizando o Excel, visando facilitar a análise e a interpretação de informações relevantes para a tomada de decisão em um contexto administrativo. ",Analisar a relações entre variáveis em diagramas de dispersão e linhas de tendência no contexto administrativo.,3. Analisar digramas de dispersão
,1,T,"Resolver problemas de matemática e raciocínio lógico; analisar finanças (matemática financeira básica, receita, custo, lucro, ponto de equilíbrio); Analisar e interpretar dados transformando em informações.","Empatia - Compreender e preocupar-se com os outros e com o seu bem-estar. Valorizar e investir no relacionamento próximo;
Criatividade - Gerar novas maneiras de fazer ou pensar sobre as coisas por meio da exploração, aprendizagem a partir do fracasso, insight e visão;
Motivação de realização - Estabelecer padrões elevados para si mesmo e trabalhar muito para alcançá-los.",Matemática Aplicada à Administração,C2,4,Estatística Aplicada – Uso de Planilha Eletrônica (Excel),,7,Leitura de Dados II,Aula 4: Gráficos de Barras Lado a Lado e Empilhadas,"Organizar dados em tabelas, utilizando o Excel, visando facilitar a análise e a interpretação de informações relevantes para a tomada de decisão em um contexto administrativo. ",Comparar dados em gráficos de barras lado a lado e empilhadas no contexto administrativo.,4. Interpretar gráfico de barras empilhadas
Recomposição da Aprendizagem,,,,,,,,,,,,,,,
,2,P,"Resolver problemas de matemática e raciocínio lógico; analisar finanças (matemática financeira básica, receita, custo, lucro, ponto de equilíbrio); Analisar e interpretar dados transformando em informações.","Empatia - Compreender e preocupar-se com os outros e com o seu bem-estar. Valorizar e investir no relacionamento próximo;
Criatividade - Gerar novas maneiras de fazer ou pensar sobre as coisas por meio da exploração, aprendizagem a partir do fracasso, insight e visão;
Motivação de realização - Estabelecer padrões elevados para si mesmo e trabalhar muito para alcançá-los.",Matemática Aplicada à Administração,C2,4,Estatística Aplicada – Uso de Planilha Eletrônica (Excel),,8,Leitura de Dados na Prática,Aula 1: Comparação e Interpretação de Tabelas de Frequência,Comparar tabelas e gráficos em contexto organizacional,Comparar dados em tabelas de frequência em situações organizacionais.,1. Comparar Tabela de Frequência
,2,P,"Resolver problemas de matemática e raciocínio lógico; analisar finanças (matemática financeira básica, receita, custo, lucro, ponto de equilíbrio); Analisar e interpretar dados transformando em informações.","Empatia - Compreender e preocupar-se com os outros e com o seu bem-estar. Valorizar e investir no relacionamento próximo;
Criatividade - Gerar novas maneiras de fazer ou pensar sobre as coisas por meio da exploração, aprendizagem a partir do fracasso, insight e visão;
Motivação de realização - Estabelecer padrões elevados para si mesmo e trabalhar muito para alcançá-los.",Matemática Aplicada à Administração,C2,4,Estatística Aplicada – Uso de Planilha Eletrônica (Excel),,8,Leitura de Dados na Prática,Aula 2: Comparação e Interpretação de Tabulação Cruzada,Comparar tabelas e gráficos em contexto organizacional,Analisar tabelas  cruzadas de dados em contexto organizacional.,2. Analisar Tabela com Informações Cruzadas
,2,P,"Resolver problemas de matemática e raciocínio lógico; analisar finanças (matemática financeira básica, receita, custo, lucro, ponto de equilíbrio); Analisar e interpretar dados transformando em informações.","Empatia - Compreender e preocupar-se com os outros e com o seu bem-estar. Valorizar e investir no relacionamento próximo;
Criatividade - Gerar novas maneiras de fazer ou pensar sobre as coisas por meio da exploração, aprendizagem a partir do fracasso, insight e visão;
Motivação de realização - Estabelecer padrões elevados para si mesmo e trabalhar muito para alcançá-los.",Matemática Aplicada à Administração,C2,4,Estatística Aplicada – Uso de Planilha Eletrônica (Excel),,8,Leitura de Dados na Prática,Aula 3: Interpretação de Diagrama de Dispersão e Linha de Tendência ,Comparar tabelas e gráficos em contexto organizacional,Interpretar digramas de dispersão com linhas de tendência em contexto organizacional.,3. Diagrama de Dispersão e linha de tendência
,2,P,"Resolver problemas de matemática e raciocínio lógico; analisar finanças (matemática financeira básica, receita, custo, lucro, ponto de equilíbrio); Analisar e interpretar dados transformando em informações.","Empatia - Compreender e preocupar-se com os outros e com o seu bem-estar. Valorizar e investir no relacionamento próximo;
Criatividade - Gerar novas maneiras de fazer ou pensar sobre as coisas por meio da exploração, aprendizagem a partir do fracasso, insight e visão;
Motivação de realização - Estabelecer padrões elevados para si mesmo e trabalhar muito para alcançá-los.",Matemática Aplicada à Administração,C2,4,Estatística Aplicada – Uso de Planilha Eletrônica (Excel),,8,Leitura de Dados na Prática,Aula 4: Interpretação de Gráficos de Barras Lado a Lado e Empilhadas,Comparar tabelas e gráficos em contexto organizacional,Analisar gráficos de barras empilhadas em contexto organizacional.,4. Gráfico de Barras
Recomposição da Aprendizagem,,,,,,,,,,,,,,,
,2,T,"Resolver problemas de matemática e raciocínio lógico; analisar finanças (matemática financeira básica, receita, custo, lucro, ponto de equilíbrio); Analisar e interpretar dados transformando em informações.","Empatia - Compreender e preocupar-se com os outros e com o seu bem-estar. Valorizar e investir no relacionamento próximo;
Criatividade - Gerar novas maneiras de fazer ou pensar sobre as coisas por meio da exploração, aprendizagem a partir do fracasso, insight e visão;
Motivação de realização - Estabelecer padrões elevados para si mesmo e trabalhar muito para alcançá-los.",Matemática Aplicada à Administração,C2,4,Estatística Aplicada – Uso de Planilha Eletrônica (Excel),,9,Medidas de Posição,Aula 1: Cálculo e Interpretação da Média,Aplicar medidas de tendência central e de posição para interpretação dados.,Calcular a média em contexto administrativo.,1. Calcular a média de um conjunto de dados
,2,T,"Resolver problemas de matemática e raciocínio lógico; analisar finanças (matemática financeira básica, receita, custo, lucro, ponto de equilíbrio); Analisar e interpretar dados transformando em informações.","Empatia - Compreender e preocupar-se com os outros e com o seu bem-estar. Valorizar e investir no relacionamento próximo;
Criatividade - Gerar novas maneiras de fazer ou pensar sobre as coisas por meio da exploração, aprendizagem a partir do fracasso, insight e visão;
Motivação de realização - Estabelecer padrões elevados para si mesmo e trabalhar muito para alcançá-los.",Matemática Aplicada à Administração,C2,4,Estatística Aplicada – Uso de Planilha Eletrônica (Excel),,9,Medidas de Posição,Aula 2: Mediana – O Valor Central,Aplicar medidas de tendência central e de posição para interpretação dados.,Determinar a mediana em contexto administrativo.,2. Determinar a mediana de um conjunto de dados
,2,T,"Resolver problemas de matemática e raciocínio lógico; analisar finanças (matemática financeira básica, receita, custo, lucro, ponto de equilíbrio); Analisar e interpretar dados transformando em informações.","Empatia - Compreender e preocupar-se com os outros e com o seu bem-estar. Valorizar e investir no relacionamento próximo;
Criatividade - Gerar novas maneiras de fazer ou pensar sobre as coisas por meio da exploração, aprendizagem a partir do fracasso, insight e visão;
Motivação de realização - Estabelecer padrões elevados para si mesmo e trabalhar muito para alcançá-los.",Matemática Aplicada à Administração,C2,4,Estatística Aplicada – Uso de Planilha Eletrônica (Excel),,9,Medidas de Posição,Aula 3: Moda – A Medida Mais Frequente,Aplicar medidas de tendência central e de posição para interpretação dados.,Identificar a moda em contexto administrativo.,3. Identificar a moda em um conjunto de dados
,2,T,"Resolver problemas de matemática e raciocínio lógico; analisar finanças (matemática financeira básica, receita, custo, lucro, ponto de equilíbrio); Analisar e interpretar dados transformando em informações.","Empatia - Compreender e preocupar-se com os outros e com o seu bem-estar. Valorizar e investir no relacionamento próximo;
Criatividade - Gerar novas maneiras de fazer ou pensar sobre as coisas por meio da exploração, aprendizagem a partir do fracasso, insight e visão;
Motivação de realização - Estabelecer padrões elevados para si mesmo e trabalhar muito para alcançá-los.",Matemática Aplicada à Administração,C2,4,Estatística Aplicada – Uso de Planilha Eletrônica (Excel),,9,Medidas de Posição,Aula 4: Quartis – Dividindo os Dados em Partes Iguais,Aplicar medidas de tendência central e de posição para interpretação dados.,Dividir os dados em percentis e quartis em contexto administrativo.,4. Dividir o conjunto de dados em partes
,2,P,"Resolver problemas de matemática e raciocínio lógico; analisar finanças (matemática financeira básica, receita, custo, lucro, ponto de equilíbrio); Analisar e interpretar dados transformando em informações.","Empatia - Compreender e preocupar-se com os outros e com o seu bem-estar. Valorizar e investir no relacionamento próximo;
Criatividade - Gerar novas maneiras de fazer ou pensar sobre as coisas por meio da exploração, aprendizagem a partir do fracasso, insight e visão;
Motivação de realização - Estabelecer padrões elevados para si mesmo e trabalhar muito para alcançá-los.",Matemática Aplicada à Administração,C2,4,Estatística Aplicada – Uso de Planilha Eletrônica (Excel),,10,Utilizando as Medidas de Posição,Aula 1: Calcular a Média em Conjuntos de Dados ,Aplicar medidas de tendência central e de posição para interpretação dados.,Calcular a média em diferentes conjuntos de dados em contexto administrativo.,1. Calcular a média de um conjunto de dados na prática
,2,P,"Resolver problemas de matemática e raciocínio lógico; analisar finanças (matemática financeira básica, receita, custo, lucro, ponto de equilíbrio); Analisar e interpretar dados transformando em informações.","Empatia - Compreender e preocupar-se com os outros e com o seu bem-estar. Valorizar e investir no relacionamento próximo;
Criatividade - Gerar novas maneiras de fazer ou pensar sobre as coisas por meio da exploração, aprendizagem a partir do fracasso, insight e visão;
Motivação de realização - Estabelecer padrões elevados para si mesmo e trabalhar muito para alcançá-los.",Matemática Aplicada à Administração,C2,4,Estatística Aplicada – Uso de Planilha Eletrônica (Excel),,10,Utilizando as Medidas de Posição,Aula 2: Encontrar o Valor Central,Aplicar medidas de tendência central e de posição para interpretação dados.,Determinar o valor central nos dados em contexto administrativo.,2. Determinar a mediana de um conjunto de dados na prática
,2,P,"Resolver problemas de matemática e raciocínio lógico; analisar finanças (matemática financeira básica, receita, custo, lucro, ponto de equilíbrio); Analisar e interpretar dados transformando em informações.","Empatia - Compreender e preocupar-se com os outros e com o seu bem-estar. Valorizar e investir no relacionamento próximo;
Criatividade - Gerar novas maneiras de fazer ou pensar sobre as coisas por meio da exploração, aprendizagem a partir do fracasso, insight e visão;
Motivação de realização - Estabelecer padrões elevados para si mesmo e trabalhar muito para alcançá-los.",Matemática Aplicada à Administração,C2,4,Estatística Aplicada – Uso de Planilha Eletrônica (Excel),,10,Utilizando as Medidas de Posição,Aula 3: Identificar a Frequência Mais Comum,Aplicar medidas de tendência central e de posição para interpretação dados.,Identificar a frequência mais comum em cada conjunto em contexto administrativo.,3. Identificar a moda em um conjunto de dados na prática
,2,P,"Resolver problemas de matemática e raciocínio lógico; analisar finanças (matemática financeira básica, receita, custo, lucro, ponto de equilíbrio); Analisar e interpretar dados transformando em informações.","Empatia - Compreender e preocupar-se com os outros e com o seu bem-estar. Valorizar e investir no relacionamento próximo;
Criatividade - Gerar novas maneiras de fazer ou pensar sobre as coisas por meio da exploração, aprendizagem a partir do fracasso, insight e visão;
Motivação de realização - Estabelecer padrões elevados para si mesmo e trabalhar muito para alcançá-los.",Matemática Aplicada à Administração,C2,4,Estatística Aplicada – Uso de Planilha Eletrônica (Excel),,10,Utilizando as Medidas de Posição,Aula 4: Dividir os Dados em Quartis,Aplicar medidas de tendência central e de posição para interpretação dados.,Dividir os dados em quartis  em contexto administrativo por meio do uso do Excel.,4. Dividir o conjunto de dados em partes na prática
Recomposição da Aprendizagem,,,,,,,,,,,,,,,
,2,T,"Resolver problemas de matemática e raciocínio lógico; analisar finanças (matemática financeira básica, receita, custo, lucro, ponto de equilíbrio); Analisar e interpretar dados transformando em informações.","Empatia - Compreender e preocupar-se com os outros e com o seu bem-estar. Valorizar e investir no relacionamento próximo;
Criatividade - Gerar novas maneiras de fazer ou pensar sobre as coisas por meio da exploração, aprendizagem a partir do fracasso, insight e visão;
Motivação de realização - Estabelecer padrões elevados para si mesmo e trabalhar muito para alcançá-los.",Matemática Aplicada à Administração,C2,4,Estatística Aplicada – Uso de Planilha Eletrônica (Excel),,11,Variação dos Dados,Aula 1: Amplitude,Identificar a variação nos dados em contexto organizacional.,Compreender a amplitude como medida de dispersão dos dados em contexto administrativo.,1. Explicar medidas de dispersão e amplitude
,2,T,"Resolver problemas de matemática e raciocínio lógico; analisar finanças (matemática financeira básica, receita, custo, lucro, ponto de equilíbrio); Analisar e interpretar dados transformando em informações.","Empatia - Compreender e preocupar-se com os outros e com o seu bem-estar. Valorizar e investir no relacionamento próximo;
Criatividade - Gerar novas maneiras de fazer ou pensar sobre as coisas por meio da exploração, aprendizagem a partir do fracasso, insight e visão;
Motivação de realização - Estabelecer padrões elevados para si mesmo e trabalhar muito para alcançá-los.",Matemática Aplicada à Administração,C2,4,Estatística Aplicada – Uso de Planilha Eletrônica (Excel),,11,Variação dos Dados,Aula 2: Amplitude Interquartil ,Identificar a variação nos dados em contexto organizacional.,Interpretar a amplitude interquartil em situações de análise..,2. Explicar a amplitude interquartil
,2,T,"Resolver problemas de matemática e raciocínio lógico; analisar finanças (matemática financeira básica, receita, custo, lucro, ponto de equilíbrio); Analisar e interpretar dados transformando em informações.","Empatia - Compreender e preocupar-se com os outros e com o seu bem-estar. Valorizar e investir no relacionamento próximo;
Criatividade - Gerar novas maneiras de fazer ou pensar sobre as coisas por meio da exploração, aprendizagem a partir do fracasso, insight e visão;
Motivação de realização - Estabelecer padrões elevados para si mesmo e trabalhar muito para alcançá-los.",Matemática Aplicada à Administração,C2,4,Estatística Aplicada – Uso de Planilha Eletrônica (Excel),,11,Variação dos Dados,Aula 3: Variância – Avaliando a Dispersão de Todos os Dados,Identificar a variação nos dados em contexto organizacional.,Compreender a variância como medida de dispersão em contexto administrativo.,3. Calcular a variância 
,2,T,"Resolver problemas de matemática e raciocínio lógico; analisar finanças (matemática financeira básica, receita, custo, lucro, ponto de equilíbrio); Analisar e interpretar dados transformando em informações.","Empatia - Compreender e preocupar-se com os outros e com o seu bem-estar. Valorizar e investir no relacionamento próximo;
Criatividade - Gerar novas maneiras de fazer ou pensar sobre as coisas por meio da exploração, aprendizagem a partir do fracasso, insight e visão;
Motivação de realização - Estabelecer padrões elevados para si mesmo e trabalhar muito para alcançá-los.",Matemática Aplicada à Administração,C2,4,Estatística Aplicada – Uso de Planilha Eletrônica (Excel),,11,Variação dos Dados,Aula 4: Desvio Padrão – Distância em Relação à Média,Identificar a variação nos dados em contexto organizacional.,Entender o desvio padrão como indicador da distância dos valores em relação à média em situações de análise.,4. Explicar o cálculo do Desvio Padrão e sua interpretação
X,2,P,"Resolver problemas de matemática e raciocínio lógico; analisar finanças (matemática financeira básica, receita, custo, lucro, ponto de equilíbrio); Analisar e interpretar dados transformando em informações.","Empatia - Compreender e preocupar-se com os outros e com o seu bem-estar. Valorizar e investir no relacionamento próximo;
Criatividade - Gerar novas maneiras de fazer ou pensar sobre as coisas por meio da exploração, aprendizagem a partir do fracasso, insight e visão;
Motivação de realização - Estabelecer padrões elevados para si mesmo e trabalhar muito para alcançá-los.",Matemática Aplicada à Administração,C2,4,Estatística Aplicada – Uso de Planilha Eletrônica (Excel),,12,Variação dos Dados na Prática,Aula 1: Amplitude em Conjuntos de Dados,Identificar a variação nos dados em contexto organizacional.,Calcular a amplitude em diferentes conjuntos de dados em contexto administrativo.,1. Analisar a amplitude de um conjunto de dados
X,2,P,"Resolver problemas de matemática e raciocínio lógico; analisar finanças (matemática financeira básica, receita, custo, lucro, ponto de equilíbrio); Analisar e interpretar dados transformando em informações.","Empatia - Compreender e preocupar-se com os outros e com o seu bem-estar. Valorizar e investir no relacionamento próximo;
Criatividade - Gerar novas maneiras de fazer ou pensar sobre as coisas por meio da exploração, aprendizagem a partir do fracasso, insight e visão;
Motivação de realização - Estabelecer padrões elevados para si mesmo e trabalhar muito para alcançá-los.",Matemática Aplicada à Administração,C2,4,Estatística Aplicada – Uso de Planilha Eletrônica (Excel),,12,Variação dos Dados na Prática,Aula 2: Análise da Dispersão Central,Identificar a variação nos dados em contexto organizacional.,Determinar a amplitude interquartil em contexto organizacional..,2. Calcular o IQR 
X,2,P,"Resolver problemas de matemática e raciocínio lógico; analisar finanças (matemática financeira básica, receita, custo, lucro, ponto de equilíbrio); Analisar e interpretar dados transformando em informações.","Empatia - Compreender e preocupar-se com os outros e com o seu bem-estar. Valorizar e investir no relacionamento próximo;
Criatividade - Gerar novas maneiras de fazer ou pensar sobre as coisas por meio da exploração, aprendizagem a partir do fracasso, insight e visão;
Motivação de realização - Estabelecer padrões elevados para si mesmo e trabalhar muito para alcançá-los.",Matemática Aplicada à Administração,C2,4,Estatística Aplicada – Uso de Planilha Eletrônica (Excel),,12,Variação dos Dados na Prática,Aula 3: Cálculo da Dispersão Geral dos Dados,Identificar a variação nos dados em contexto organizacional.,Calcular a variância para medir a dispersão geral dos dados em contexto organizacional.,3. Medir a dispersão de um conjunto de dados com a variância
X,2,P,"Resolver problemas de matemática e raciocínio lógico; analisar finanças (matemática financeira básica, receita, custo, lucro, ponto de equilíbrio); Analisar e interpretar dados transformando em informações.","Empatia - Compreender e preocupar-se com os outros e com o seu bem-estar. Valorizar e investir no relacionamento próximo;
Criatividade - Gerar novas maneiras de fazer ou pensar sobre as coisas por meio da exploração, aprendizagem a partir do fracasso, insight e visão;
Motivação de realização - Estabelecer padrões elevados para si mesmo e trabalhar muito para alcançá-los.",Matemática Aplicada à Administração,C2,4,Estatística Aplicada – Uso de Planilha Eletrônica (Excel),,12,Variação dos Dados na Prática,Aula 4: Avaliação da Consistência dos Dados,Identificar a variação nos dados em contexto organizacional.,Avaliar a consistência dos dados usando o desvio padrão em contexto organizacional.,4. Avaliar a consistência dos dados com o desvio padrão
,2,T,"Resolver problemas de matemática e raciocínio lógico; analisar finanças (matemática financeira básica, receita, custo, lucro, ponto de equilíbrio); Analisar e interpretar dados transformando em informações.","Empatia - Compreender e preocupar-se com os outros e com o seu bem-estar. Valorizar e investir no relacionamento próximo;
Criatividade - Gerar novas maneiras de fazer ou pensar sobre as coisas por meio da exploração, aprendizagem a partir do fracasso, insight e visão;
Motivação de realização - Estabelecer padrões elevados para si mesmo e trabalhar muito para alcançá-los.",Matemática Aplicada à Administração,C2,4,Estatística Aplicada – Uso de Planilha Eletrônica (Excel),,13,Probabilidade Conceitos Básicos,Aula 1: Introdução à Probabilidade nos Negócios,Analisar informações probabilísticas  em contexto organizacional.,Compreender como a probabilidade ajuda a lidar com situações de incerteza nos negócios.,1. Explicar o conceito e utilização da propabilidade
,2,T,"Resolver problemas de matemática e raciocínio lógico; analisar finanças (matemática financeira básica, receita, custo, lucro, ponto de equilíbrio); Analisar e interpretar dados transformando em informações.","Empatia - Compreender e preocupar-se com os outros e com o seu bem-estar. Valorizar e investir no relacionamento próximo;
Criatividade - Gerar novas maneiras de fazer ou pensar sobre as coisas por meio da exploração, aprendizagem a partir do fracasso, insight e visão;
Motivação de realização - Estabelecer padrões elevados para si mesmo e trabalhar muito para alcançá-los.",Matemática Aplicada à Administração,C2,4,Estatística Aplicada – Uso de Planilha Eletrônica (Excel),,13,Probabilidade Conceitos Básicos,Aula 2:Decisões e Incerteza,Analisar informações probabilísticas  em contexto organizacional.,Entender como a probabilidade auxilia na tomada de decisões em situações incertas.,2. Demonstrar como utilizar a probabilidade para tomar decisões
,2,T,"Resolver problemas de matemática e raciocínio lógico; analisar finanças (matemática financeira básica, receita, custo, lucro, ponto de equilíbrio); Analisar e interpretar dados transformando em informações.","Empatia - Compreender e preocupar-se com os outros e com o seu bem-estar. Valorizar e investir no relacionamento próximo;
Criatividade - Gerar novas maneiras de fazer ou pensar sobre as coisas por meio da exploração, aprendizagem a partir do fracasso, insight e visão;
Motivação de realização - Estabelecer padrões elevados para si mesmo e trabalhar muito para alcançá-los.",Matemática Aplicada à Administração,C2,4,Estatística Aplicada – Uso de Planilha Eletrônica (Excel),,13,Probabilidade Conceitos Básicos,Aula 3: Riscos em Projetos,Analisar informações probabilísticas  em contexto organizacional.,Identificar o papel da probabilidade na avaliação de riscos em projetos.,3. Explicar como analisar o risco com probabilidades
,2,T,"Resolver problemas de matemática e raciocínio lógico; analisar finanças (matemática financeira básica, receita, custo, lucro, ponto de equilíbrio); Analisar e interpretar dados transformando em informações.","Empatia - Compreender e preocupar-se com os outros e com o seu bem-estar. Valorizar e investir no relacionamento próximo;
Criatividade - Gerar novas maneiras de fazer ou pensar sobre as coisas por meio da exploração, aprendizagem a partir do fracasso, insight e visão;
Motivação de realização - Estabelecer padrões elevados para si mesmo e trabalhar muito para alcançá-los.",Matemática Aplicada à Administração,C2,4,Estatística Aplicada – Uso de Planilha Eletrônica (Excel),,13,Probabilidade Conceitos Básicos,Aula 4: Aplicações de Probabilidade no Ambiente Administrativo,Analisar informações probabilísticas  em contexto organizacional.,Identificar aplicações da probabilidade no ambiente administrativo.,4. Demonstrar a utilização da probabilidade no ambiente administrativo
Recomposição da Aprendizagem,,,,,,,,,,,,,,,
,2,T,"Resolver problemas de matemática e raciocínio lógico; analisar finanças (matemática financeira básica, receita, custo, lucro, ponto de equilíbrio); Analisar e interpretar dados transformando em informações.","Empatia - Compreender e preocupar-se com os outros e com o seu bem-estar. Valorizar e investir no relacionamento próximo;
Criatividade - Gerar novas maneiras de fazer ou pensar sobre as coisas por meio da exploração, aprendizagem a partir do fracasso, insight e visão;
Motivação de realização - Estabelecer padrões elevados para si mesmo e trabalhar muito para alcançá-los.",Matemática Aplicada à Administração,C2,4,Juros Simples e Compostos – Uso de Planilha Eletrônica (Excel),,14,O Valor do Dinheiro no Tempo,Aula 1: Juros,Avaliar a influência do tempo sobre o valor do dinheiro,Compreender os juros e seu impacto no valor do dinheiro no cotidiano.,1. Demonstrar como os juros impactam o valor do dinheiro
,2,T,"Resolver problemas de matemática e raciocínio lógico; analisar finanças (matemática financeira básica, receita, custo, lucro, ponto de equilíbrio); Analisar e interpretar dados transformando em informações.","Empatia - Compreender e preocupar-se com os outros e com o seu bem-estar. Valorizar e investir no relacionamento próximo;
Criatividade - Gerar novas maneiras de fazer ou pensar sobre as coisas por meio da exploração, aprendizagem a partir do fracasso, insight e visão;
Motivação de realização - Estabelecer padrões elevados para si mesmo e trabalhar muito para alcançá-los.",Matemática Aplicada à Administração,C2,4,Juros Simples e Compostos – Uso de Planilha Eletrônica (Excel),,14,O Valor do Dinheiro no Tempo,Aula 2: Valor do Dinheiro no Tempo: Relação entre juros e tempo,Avaliar a influência do tempo sobre o valor do dinheiro,Compreender como o valor do dinheiro muda com o tempo no cotidiano.,2. Explicar o princípio do valor do dinheiro no tempo
,2,T,"Resolver problemas de matemática e raciocínio lógico; analisar finanças (matemática financeira básica, receita, custo, lucro, ponto de equilíbrio); Analisar e interpretar dados transformando em informações.","Empatia - Compreender e preocupar-se com os outros e com o seu bem-estar. Valorizar e investir no relacionamento próximo;
Criatividade - Gerar novas maneiras de fazer ou pensar sobre as coisas por meio da exploração, aprendizagem a partir do fracasso, insight e visão;
Motivação de realização - Estabelecer padrões elevados para si mesmo e trabalhar muito para alcançá-los.",Matemática Aplicada à Administração,C2,4,Juros Simples e Compostos – Uso de Planilha Eletrônica (Excel),,14,O Valor do Dinheiro no Tempo,Aula 3: Diagrama de Fluxo de Caixa,Avaliar a influência do tempo sobre o valor do dinheiro,Entender o diagrama e o fluxo de caixa nos contextos organizacionais.,3. Explicar como identificar entrada e saída de dinheiro no fluxo de caixa
,2,T,"Resolver problemas de matemática e raciocínio lógico; analisar finanças (matemática financeira básica, receita, custo, lucro, ponto de equilíbrio); Analisar e interpretar dados transformando em informações.","Empatia - Compreender e preocupar-se com os outros e com o seu bem-estar. Valorizar e investir no relacionamento próximo;
Criatividade - Gerar novas maneiras de fazer ou pensar sobre as coisas por meio da exploração, aprendizagem a partir do fracasso, insight e visão;
Motivação de realização - Estabelecer padrões elevados para si mesmo e trabalhar muito para alcançá-los.",Matemática Aplicada à Administração,C2,4,Juros Simples e Compostos – Uso de Planilha Eletrônica (Excel),,14,O Valor do Dinheiro no Tempo,Aula 4: Critérios de Capitalização dos Juros,Avaliar a influência do tempo sobre o valor do dinheiro,Conhecer os critérios de capitalização dos juros no cotidiano.,4. Apresentar os critérios de capitalização dos juros
Recomposição da Aprendizagem,,,,,,,,,,,,,,,
,3,T,"Resolver problemas de matemática e raciocínio lógico; analisar finanças (matemática financeira básica, receita, custo, lucro, ponto de equilíbrio); Analisar e interpretar dados transformando em informações.","Empatia - Compreender e preocupar-se com os outros e com o seu bem-estar. Valorizar e investir no relacionamento próximo;
Criatividade - Gerar novas maneiras de fazer ou pensar sobre as coisas por meio da exploração, aprendizagem a partir do fracasso, insight e visão;
Motivação de realização - Estabelecer padrões elevados para si mesmo e trabalhar muito para alcançá-los.",Matemática Aplicada à Administração,C2,4,Juros Simples e Compostos – Uso de Planilha Eletrônica (Excel),,15,Juros Simples,Aula 1: Calculando Juros Simples,"Resolver cálculos básicos envolvendo juros, capital, taxa e tempo",Aplicar a fórmula de juros simples em decisões financeiras,1. Apresentar os conceitos básicos de juros simples e sua aplicação.
,3,T,"Resolver problemas de matemática e raciocínio lógico; analisar finanças (matemática financeira básica, receita, custo, lucro, ponto de equilíbrio); Analisar e interpretar dados transformando em informações.","Empatia - Compreender e preocupar-se com os outros e com o seu bem-estar. Valorizar e investir no relacionamento próximo;
Criatividade - Gerar novas maneiras de fazer ou pensar sobre as coisas por meio da exploração, aprendizagem a partir do fracasso, insight e visão;
Motivação de realização - Estabelecer padrões elevados para si mesmo e trabalhar muito para alcançá-los.",Matemática Aplicada à Administração,C2,4,Juros Simples e Compostos – Uso de Planilha Eletrônica (Excel),,15,Juros Simples,Aula 2: Diferenciando Montante e Capital,"Resolver cálculos básicos envolvendo juros, capital, taxa e tempo",Diferenciar montante e capital em situações financeiras,2. Resolver cálculos relacionados ao montante e capital 
,3,T,"Resolver problemas de matemática e raciocínio lógico; analisar finanças (matemática financeira básica, receita, custo, lucro, ponto de equilíbrio); Analisar e interpretar dados transformando em informações.","Empatia - Compreender e preocupar-se com os outros e com o seu bem-estar. Valorizar e investir no relacionamento próximo;
Criatividade - Gerar novas maneiras de fazer ou pensar sobre as coisas por meio da exploração, aprendizagem a partir do fracasso, insight e visão;
Motivação de realização - Estabelecer padrões elevados para si mesmo e trabalhar muito para alcançá-los.",Matemática Aplicada à Administração,C2,4,Juros Simples e Compostos – Uso de Planilha Eletrônica (Excel),,15,Juros Simples,Aula 3: Situações Envolvendo Juros,"Resolver cálculos básicos envolvendo juros, capital, taxa e tempo",Analisar os juros em situações financeiras,3. Aplicar a fórmula de juros simples para encontrar o valor dos juros
,3,T,"Resolver problemas de matemática e raciocínio lógico; analisar finanças (matemática financeira básica, receita, custo, lucro, ponto de equilíbrio); Analisar e interpretar dados transformando em informações.","Empatia - Compreender e preocupar-se com os outros e com o seu bem-estar. Valorizar e investir no relacionamento próximo;
Criatividade - Gerar novas maneiras de fazer ou pensar sobre as coisas por meio da exploração, aprendizagem a partir do fracasso, insight e visão;
Motivação de realização - Estabelecer padrões elevados para si mesmo e trabalhar muito para alcançá-los.",Matemática Aplicada à Administração,C2,4,Juros Simples e Compostos – Uso de Planilha Eletrônica (Excel),,15,Juros Simples,Aula 4: Situações Envolvendo Prazo,"Resolver cálculos básicos envolvendo juros, capital, taxa e tempo",Analisar a influência do prazo no cálculo de juros simples,4. Resolver problemas relacionados ao cálculo do tempo em situações financeiras
,3,P,"Resolver problemas de matemática e raciocínio lógico; analisar finanças (matemática financeira básica, receita, custo, lucro, ponto de equilíbrio); Analisar e interpretar dados transformando em informações.","Empatia - Compreender e preocupar-se com os outros e com o seu bem-estar. Valorizar e investir no relacionamento próximo;
Criatividade - Gerar novas maneiras de fazer ou pensar sobre as coisas por meio da exploração, aprendizagem a partir do fracasso, insight e visão;
Motivação de realização - Estabelecer padrões elevados para si mesmo e trabalhar muito para alcançá-los.",Matemática Aplicada à Administração,C2,4,Juros Simples e Compostos – Uso de Planilha Eletrônica (Excel),,16,Juros Simples na Prática,Aula 1: Aplicar Fórmulas de Juros Simples,Avaliar a melhor decisão financeira com base em cálculos de juros simples,"Resolver problemas financeiros básicos utilizando os conceitos de capital, taxa e tempo no cotidiano.",1. Aplicar a fórmula de juros simples em diferentes cenários
,3,P,"Resolver problemas de matemática e raciocínio lógico; analisar finanças (matemática financeira básica, receita, custo, lucro, ponto de equilíbrio); Analisar e interpretar dados transformando em informações.","Empatia - Compreender e preocupar-se com os outros e com o seu bem-estar. Valorizar e investir no relacionamento próximo;
Criatividade - Gerar novas maneiras de fazer ou pensar sobre as coisas por meio da exploração, aprendizagem a partir do fracasso, insight e visão;
Motivação de realização - Estabelecer padrões elevados para si mesmo e trabalhar muito para alcançá-los.",Matemática Aplicada à Administração,C2,4,Juros Simples e Compostos – Uso de Planilha Eletrônica (Excel),,16,Juros Simples na Prática,Aula 2: Relacionar Montante e Capital,Avaliar a melhor decisão financeira com base em cálculos de juros simples,Compreender como juros simples impactam no valor total de uma aplicação no cotidiano.,2. Calcular montante e capital em diferentes contextos financeiros
,3,P,"Resolver problemas de matemática e raciocínio lógico; analisar finanças (matemática financeira básica, receita, custo, lucro, ponto de equilíbrio); Analisar e interpretar dados transformando em informações.","Empatia - Compreender e preocupar-se com os outros e com o seu bem-estar. Valorizar e investir no relacionamento próximo;
Criatividade - Gerar novas maneiras de fazer ou pensar sobre as coisas por meio da exploração, aprendizagem a partir do fracasso, insight e visão;
Motivação de realização - Estabelecer padrões elevados para si mesmo e trabalhar muito para alcançá-los.",Matemática Aplicada à Administração,C2,4,Juros Simples e Compostos – Uso de Planilha Eletrônica (Excel),,16,Juros Simples na Prática,Aula 3: Resolver Situações Cotidianas Envolvendo Juros Simples,Avaliar a melhor decisão financeira com base em cálculos de juros simples,Compreender como os juros simples afetam decisões financeiras no cotidiano,3. Resolver problemas financeiros envolvendo juros simples
,3,P,"Resolver problemas de matemática e raciocínio lógico; analisar finanças (matemática financeira básica, receita, custo, lucro, ponto de equilíbrio); Analisar e interpretar dados transformando em informações.","Empatia - Compreender e preocupar-se com os outros e com o seu bem-estar. Valorizar e investir no relacionamento próximo;
Criatividade - Gerar novas maneiras de fazer ou pensar sobre as coisas por meio da exploração, aprendizagem a partir do fracasso, insight e visão;
Motivação de realização - Estabelecer padrões elevados para si mesmo e trabalhar muito para alcançá-los.",Matemática Aplicada à Administração,C2,4,Juros Simples e Compostos – Uso de Planilha Eletrônica (Excel),,16,Juros Simples na Prática,Aula 4: Situações Práticas Envolvendo Decisões Financeiras com Juros Simples,Avaliar a melhor decisão financeira com base em cálculos de juros simples,Analisar cenários financeiros e tomar decisões baseadas em cálculos de juros simples no cotidiano.,"4. Avaliar como diferentes variáveis financeiras (prazo, taxa, capital) impactam no resultado final de uma operação financeira"
Recomposição da Aprendizagem,,,,,,,,,,,,,,,
,3,T,"Resolver problemas de matemática e raciocínio lógico; analisar finanças (matemática financeira básica, receita, custo, lucro, ponto de equilíbrio); Analisar e interpretar dados transformando em informações.","Empatia - Compreender e preocupar-se com os outros e com o seu bem-estar. Valorizar e investir no relacionamento próximo;
Criatividade - Gerar novas maneiras de fazer ou pensar sobre as coisas por meio da exploração, aprendizagem a partir do fracasso, insight e visão;
Motivação de realização - Estabelecer padrões elevados para si mesmo e trabalhar muito para alcançá-los.",Matemática Aplicada à Administração,C2,4,Juros Simples e Compostos – Uso de Planilha Eletrônica (Excel),,17,Juros Compostos,Aula 1: Calculando Juros Compostos,Realizar cálculos financeiros utilizando os juros compostos,Compreender o conceito de juros compostos e como ele difere dos juros simples no cotidiano.,1. Apresentar a fórmula geral de juros compostos e sua aplicação
,3,T,"Resolver problemas de matemática e raciocínio lógico; analisar finanças (matemática financeira básica, receita, custo, lucro, ponto de equilíbrio); Analisar e interpretar dados transformando em informações.","Empatia - Compreender e preocupar-se com os outros e com o seu bem-estar. Valorizar e investir no relacionamento próximo;
Criatividade - Gerar novas maneiras de fazer ou pensar sobre as coisas por meio da exploração, aprendizagem a partir do fracasso, insight e visão;
Motivação de realização - Estabelecer padrões elevados para si mesmo e trabalhar muito para alcançá-los.",Matemática Aplicada à Administração,C2,4,Juros Simples e Compostos – Uso de Planilha Eletrônica (Excel),,17,Juros Compostos,Aula 2: Cálcular o Montante,Realizar cálculos financeiros utilizando os juros compostos,Calcular o montante em juros compostos em situações cotidianas.,2. Excplicar o cálculo do montante em juros compostos
,3,T,"Resolver problemas de matemática e raciocínio lógico; analisar finanças (matemática financeira básica, receita, custo, lucro, ponto de equilíbrio); Analisar e interpretar dados transformando em informações.","Empatia - Compreender e preocupar-se com os outros e com o seu bem-estar. Valorizar e investir no relacionamento próximo;
Criatividade - Gerar novas maneiras de fazer ou pensar sobre as coisas por meio da exploração, aprendizagem a partir do fracasso, insight e visão;
Motivação de realização - Estabelecer padrões elevados para si mesmo e trabalhar muito para alcançá-los.",Matemática Aplicada à Administração,C2,4,Juros Simples e Compostos – Uso de Planilha Eletrônica (Excel),,17,Juros Compostos,Aula 3: Cálcular o Principal,Realizar cálculos financeiros utilizando os juros compostos,Calcular o valor inicial necessário para atingir um montante desejado utilizando juros compostos no dia a dia.,3. Demonstrar como encontar o valor do capital em juros compostos 
,3,T,"Resolver problemas de matemática e raciocínio lógico; analisar finanças (matemática financeira básica, receita, custo, lucro, ponto de equilíbrio); Analisar e interpretar dados transformando em informações.","Empatia - Compreender e preocupar-se com os outros e com o seu bem-estar. Valorizar e investir no relacionamento próximo;
Criatividade - Gerar novas maneiras de fazer ou pensar sobre as coisas por meio da exploração, aprendizagem a partir do fracasso, insight e visão;
Motivação de realização - Estabelecer padrões elevados para si mesmo e trabalhar muito para alcançá-los.",Matemática Aplicada à Administração,C2,4,Juros Simples e Compostos – Uso de Planilha Eletrônica (Excel),,17,Juros Compostos,Aula 4: Cálcular o Prazo e a Taxa,Realizar cálculos financeiros utilizando os juros compostos,Calcular o prazo e a taxa em  juros compostos  em operações financeiras.,4. Demonstrar como encontrar o prazo e a taxa em juros compostos
,3,P,"Resolver problemas de matemática e raciocínio lógico; analisar finanças (matemática financeira básica, receita, custo, lucro, ponto de equilíbrio); Analisar e interpretar dados transformando em informações.","Empatia - Compreender e preocupar-se com os outros e com o seu bem-estar. Valorizar e investir no relacionamento próximo;
Criatividade - Gerar novas maneiras de fazer ou pensar sobre as coisas por meio da exploração, aprendizagem a partir do fracasso, insight e visão;
Motivação de realização - Estabelecer padrões elevados para si mesmo e trabalhar muito para alcançá-los.",Matemática Aplicada à Administração,C2,4,Juros Simples e Compostos – Uso de Planilha Eletrônica (Excel),,18,Juros Compostos na Prática,Aula 1: Aplicar Fórmulas de Juros Compostos,Realizar cálculos  para compreender o impacto dos juros compostos em situações financeiras,Aplicar a fórmula de juros compostos em sitauções financeiras,1.Explicar como utilizar a fórmula de juros compostos de forma prática em em operações financeiras
,3,P,"Resolver problemas de matemática e raciocínio lógico; analisar finanças (matemática financeira básica, receita, custo, lucro, ponto de equilíbrio); Analisar e interpretar dados transformando em informações.","Empatia - Compreender e preocupar-se com os outros e com o seu bem-estar. Valorizar e investir no relacionamento próximo;
Criatividade - Gerar novas maneiras de fazer ou pensar sobre as coisas por meio da exploração, aprendizagem a partir do fracasso, insight e visão;
Motivação de realização - Estabelecer padrões elevados para si mesmo e trabalhar muito para alcançá-los.",Matemática Aplicada à Administração,C2,4,Juros Simples e Compostos – Uso de Planilha Eletrônica (Excel),,18,Juros Compostos na Prática,Aula 2: Cálcular o Montante em Juros Composto,Realizar cálculos  para compreender o impacto dos juros compostos em situações financeiras,Calcular e comparar o montante de diferentes operações financeiras com juros compostos,2. Demonstrar como como o prazo e taxa influenciam no montante de uma operação financeira
,3,P,"Resolver problemas de matemática e raciocínio lógico; analisar finanças (matemática financeira básica, receita, custo, lucro, ponto de equilíbrio); Analisar e interpretar dados transformando em informações.","Empatia - Compreender e preocupar-se com os outros e com o seu bem-estar. Valorizar e investir no relacionamento próximo;
Criatividade - Gerar novas maneiras de fazer ou pensar sobre as coisas por meio da exploração, aprendizagem a partir do fracasso, insight e visão;
Motivação de realização - Estabelecer padrões elevados para si mesmo e trabalhar muito para alcançá-los.",Matemática Aplicada à Administração,C2,4,Juros Simples e Compostos – Uso de Planilha Eletrônica (Excel),,18,Juros Compostos na Prática,Aula 3: Determinar o Principal em Juros Compostos,Realizar cálculos  para compreender o impacto dos juros compostos em situações financeiras,Calcular o capital  necessário para alcançar um montante desejado em juros compostos,3. Resolver problemas financeiros envolvendo juros compostos
,3,P,"Resolver problemas de matemática e raciocínio lógico; analisar finanças (matemática financeira básica, receita, custo, lucro, ponto de equilíbrio); Analisar e interpretar dados transformando em informações.","Empatia - Compreender e preocupar-se com os outros e com o seu bem-estar. Valorizar e investir no relacionamento próximo;
Criatividade - Gerar novas maneiras de fazer ou pensar sobre as coisas por meio da exploração, aprendizagem a partir do fracasso, insight e visão;
Motivação de realização - Estabelecer padrões elevados para si mesmo e trabalhar muito para alcançá-los.",Matemática Aplicada à Administração,C2,4,Juros Simples e Compostos – Uso de Planilha Eletrônica (Excel),,18,Juros Compostos na Prática,Aula 4: Cálcular o Prazo e a Taxa em Juros Compostos,Realizar cálculos  para compreender o impacto dos juros compostos em situações financeiras,Determinar o tempo ou a taxa de juros necessários para alcançar um montante em juros compostos,4. Demonstrar como tempo e taxa influenciam diretamente o montante em juros compostos
,3,P,"Resolver problemas de matemática e raciocínio lógico; analisar finanças (matemática financeira básica, receita, custo, lucro, ponto de equilíbrio); Analisar e interpretar dados transformando em informações.","Empatia - Compreender e preocupar-se com os outros e com o seu bem-estar. Valorizar e investir no relacionamento próximo;
Criatividade - Gerar novas maneiras de fazer ou pensar sobre as coisas por meio da exploração, aprendizagem a partir do fracasso, insight e visão;
Motivação de realização - Estabelecer padrões elevados para si mesmo e trabalhar muito para alcançá-los.",Matemática Aplicada à Administração,C2,4,Juros Simples e Compostos – Uso de Planilha Eletrônica (Excel),,19,Comparando Juros Simples e Compostos,Aula 1: Diferença entre Juros Simples e Compostos,Avaliar o impacto de juros simples e compostos nas operações financeiras,Compreender como as diferenças entre juros simples e composto impactam nas operações financeiras,1. Analisar como o crescimento linear de juros simples e o crescimento exponencial de juros compostos afetam o montante
,3,P,"Resolver problemas de matemática e raciocínio lógico; analisar finanças (matemática financeira básica, receita, custo, lucro, ponto de equilíbrio); Analisar e interpretar dados transformando em informações.","Empatia - Compreender e preocupar-se com os outros e com o seu bem-estar. Valorizar e investir no relacionamento próximo;
Criatividade - Gerar novas maneiras de fazer ou pensar sobre as coisas por meio da exploração, aprendizagem a partir do fracasso, insight e visão;
Motivação de realização - Estabelecer padrões elevados para si mesmo e trabalhar muito para alcançá-los.",Matemática Aplicada à Administração,C2,4,Juros Simples e Compostos – Uso de Planilha Eletrônica (Excel),,19,Comparando Juros Simples e Compostos,Aula 2: Comparar Montante em Juros Simples e Compostos,Avaliar o impacto de juros simples e compostos nas operações financeiras,Analisar os montantes de operações gerados em juros simples e compostos em operações financeiras ,2. Explicar como prazo de aplicação influencia o montante em juros simples e compostos
,3,P,"Resolver problemas de matemática e raciocínio lógico; analisar finanças (matemática financeira básica, receita, custo, lucro, ponto de equilíbrio); Analisar e interpretar dados transformando em informações.","Empatia - Compreender e preocupar-se com os outros e com o seu bem-estar. Valorizar e investir no relacionamento próximo;
Criatividade - Gerar novas maneiras de fazer ou pensar sobre as coisas por meio da exploração, aprendizagem a partir do fracasso, insight e visão;
Motivação de realização - Estabelecer padrões elevados para si mesmo e trabalhar muito para alcançá-los.",Matemática Aplicada à Administração,C2,4,Juros Simples e Compostos – Uso de Planilha Eletrônica (Excel),,19,Comparando Juros Simples e Compostos,Aula 3: Comparar o valor dos juros,Avaliar o impacto de juros simples e compostos nas operações financeiras,Calcular os valores dos juros pagos com juros simples e compostos em operações financeiras.,3. Analisar o impacto financeiro dos dois métodos de cálculo de juros 
,3,P,"Resolver problemas de matemática e raciocínio lógico; analisar finanças (matemática financeira básica, receita, custo, lucro, ponto de equilíbrio); Analisar e interpretar dados transformando em informações.","Empatia - Compreender e preocupar-se com os outros e com o seu bem-estar. Valorizar e investir no relacionamento próximo;
Criatividade - Gerar novas maneiras de fazer ou pensar sobre as coisas por meio da exploração, aprendizagem a partir do fracasso, insight e visão;
Motivação de realização - Estabelecer padrões elevados para si mesmo e trabalhar muito para alcançá-los.",Matemática Aplicada à Administração,C2,4,Juros Simples e Compostos – Uso de Planilha Eletrônica (Excel),,19,Comparando Juros Simples e Compostos,Aula 4: Decisões Financeiras,Avaliar o impacto de juros simples e compostos nas operações financeiras,Avaliar  para tomar decisões conscientes com base nos tipos de juros e seus impactos cenários financeiros.,"4. Identificar a melhor opção financeira com base na análise de prazos, taxas e valores envolvidos"
Recomposição da Aprendizagem,,,,,,,,,,,,,,,
,3,T,"Resolver problemas de matemática e raciocínio lógico; analisar finanças (matemática financeira básica, receita, custo, lucro, ponto de equilíbrio); Analisar e interpretar dados transformando em informações.","Empatia - Compreender e preocupar-se com os outros e com o seu bem-estar. Valorizar e investir no relacionamento próximo;
Criatividade - Gerar novas maneiras de fazer ou pensar sobre as coisas por meio da exploração, aprendizagem a partir do fracasso, insight e visão;
Motivação de realização - Estabelecer padrões elevados para si mesmo e trabalhar muito para alcançá-los.",Matemática Aplicada à Administração,C2,4,"Descontos, Amortizações, Taxa Interna de Retorno – Uso de Planilha Eletrônica (Excel)",,20,Descontos,Aula 1: Introdução aos Descontos,Identificar situações financeiras em que descontos são aplicáveis,Compreender o conceito de desconto e sua aplicação em operações financeiras,1. Apresentar o conceito de desconto em operações financeiras
,3,T,"Resolver problemas de matemática e raciocínio lógico; analisar finanças (matemática financeira básica, receita, custo, lucro, ponto de equilíbrio); Analisar e interpretar dados transformando em informações.","Empatia - Compreender e preocupar-se com os outros e com o seu bem-estar. Valorizar e investir no relacionamento próximo;
Criatividade - Gerar novas maneiras de fazer ou pensar sobre as coisas por meio da exploração, aprendizagem a partir do fracasso, insight e visão;
Motivação de realização - Estabelecer padrões elevados para si mesmo e trabalhar muito para alcançá-los.",Matemática Aplicada à Administração,C2,4,"Descontos, Amortizações, Taxa Interna de Retorno – Uso de Planilha Eletrônica (Excel)",,20,Descontos,Aula 2: Desconto Bancário Simples,Identificar situações financeiras em que descontos são aplicáveis,Entender o desconto bancário simples em operaões financeiras,2. Demonstrar o desconto bancário simples em operações financeiras
,3,T,"Resolver problemas de matemática e raciocínio lógico; analisar finanças (matemática financeira básica, receita, custo, lucro, ponto de equilíbrio); Analisar e interpretar dados transformando em informações.","Empatia - Compreender e preocupar-se com os outros e com o seu bem-estar. Valorizar e investir no relacionamento próximo;
Criatividade - Gerar novas maneiras de fazer ou pensar sobre as coisas por meio da exploração, aprendizagem a partir do fracasso, insight e visão;
Motivação de realização - Estabelecer padrões elevados para si mesmo e trabalhar muito para alcançá-los.",Matemática Aplicada à Administração,C2,4,"Descontos, Amortizações, Taxa Interna de Retorno – Uso de Planilha Eletrônica (Excel)",,20,Descontos,Aula 3: Cálcular o Desconto ,Identificar situações financeiras em que descontos são aplicáveis,Compreender como calcular o desconto em operações financeiras,3. Explicar o cálculo do desconto em operações financeiras
,3,T,"Resolver problemas de matemática e raciocínio lógico; analisar finanças (matemática financeira básica, receita, custo, lucro, ponto de equilíbrio); Analisar e interpretar dados transformando em informações.","Empatia - Compreender e preocupar-se com os outros e com o seu bem-estar. Valorizar e investir no relacionamento próximo;
Criatividade - Gerar novas maneiras de fazer ou pensar sobre as coisas por meio da exploração, aprendizagem a partir do fracasso, insight e visão;
Motivação de realização - Estabelecer padrões elevados para si mesmo e trabalhar muito para alcançá-los.",Matemática Aplicada à Administração,C2,4,"Descontos, Amortizações, Taxa Interna de Retorno – Uso de Planilha Eletrônica (Excel)",,20,Descontos,Aula 4: Cálcular o Valor Descontado ,Identificar situações financeiras em que descontos são aplicáveis,Calcular o valor descontado no desconto bancário simples,4. Demonstrar como encontrar o valor descontado em uma operação de desconto
X,3,P,"Resolver problemas de matemática e raciocínio lógico; analisar finanças (matemática financeira básica, receita, custo, lucro, ponto de equilíbrio); Analisar e interpretar dados transformando em informações.","Empatia - Compreender e preocupar-se com os outros e com o seu bem-estar. Valorizar e investir no relacionamento próximo;
Criatividade - Gerar novas maneiras de fazer ou pensar sobre as coisas por meio da exploração, aprendizagem a partir do fracasso, insight e visão;
Motivação de realização - Estabelecer padrões elevados para si mesmo e trabalhar muito para alcançá-los.",Matemática Aplicada à Administração,C2,4,"Descontos, Amortizações, Taxa Interna de Retorno – Uso de Planilha Eletrônica (Excel)",,21,Descontos na Prática,Aula 1: Analisar Operações de Descontos,Análisar operações financeiras que envolvam desconto,Analisar o desconto em operações financeiras,1. Calcular e analisar operações de desconto
X,3,P,"Resolver problemas de matemática e raciocínio lógico; analisar finanças (matemática financeira básica, receita, custo, lucro, ponto de equilíbrio); Analisar e interpretar dados transformando em informações.","Empatia - Compreender e preocupar-se com os outros e com o seu bem-estar. Valorizar e investir no relacionamento próximo;
Criatividade - Gerar novas maneiras de fazer ou pensar sobre as coisas por meio da exploração, aprendizagem a partir do fracasso, insight e visão;
Motivação de realização - Estabelecer padrões elevados para si mesmo e trabalhar muito para alcançá-los.",Matemática Aplicada à Administração,C2,4,"Descontos, Amortizações, Taxa Interna de Retorno – Uso de Planilha Eletrônica (Excel)",,21,Descontos na Prática,Aula 2: Desconto Simples em Operações Bancárias,Análisar operações financeiras que envolvam desconto,Aplicar o desconto simples em operações financeiras,2. Calcular o valor descontado em operações financeiras
X,3,P,"Resolver problemas de matemática e raciocínio lógico; analisar finanças (matemática financeira básica, receita, custo, lucro, ponto de equilíbrio); Analisar e interpretar dados transformando em informações.","Empatia - Compreender e preocupar-se com os outros e com o seu bem-estar. Valorizar e investir no relacionamento próximo;
Criatividade - Gerar novas maneiras de fazer ou pensar sobre as coisas por meio da exploração, aprendizagem a partir do fracasso, insight e visão;
Motivação de realização - Estabelecer padrões elevados para si mesmo e trabalhar muito para alcançá-los.",Matemática Aplicada à Administração,C2,4,"Descontos, Amortizações, Taxa Interna de Retorno – Uso de Planilha Eletrônica (Excel)",,21,Descontos na Prática,Aula 3: Determinar o Valor do Desconto,Análisar operações financeiras que envolvam desconto,Calcular o valor do desconto em diferentes operações financeiras,3. Resolver problemas de desconto simples em diferentes cenários
X,3,P,"Resolver problemas de matemática e raciocínio lógico; analisar finanças (matemática financeira básica, receita, custo, lucro, ponto de equilíbrio); Analisar e interpretar dados transformando em informações.","Empatia - Compreender e preocupar-se com os outros e com o seu bem-estar. Valorizar e investir no relacionamento próximo;
Criatividade - Gerar novas maneiras de fazer ou pensar sobre as coisas por meio da exploração, aprendizagem a partir do fracasso, insight e visão;
Motivação de realização - Estabelecer padrões elevados para si mesmo e trabalhar muito para alcançá-los.",Matemática Aplicada à Administração,C2,4,"Descontos, Amortizações, Taxa Interna de Retorno – Uso de Planilha Eletrônica (Excel)",,21,Descontos na Prática,Aula 4: Definir o Valor Líquido Após o Desconto,Análisar operações financeiras que envolvam desconto,Determinar o valor líquido recebido após a aplicação do desconto simples em operações financeiras,4. Encontrar o valor descontado em operações financeiras
Recomposição da Aprendizagem,,,,,,,,,,,,,,,
Recomposição da Aprendizagem,,,,,,,,,,,,,,,
,4,T,"Resolver problemas de matemática e raciocínio lógico; analisar finanças (matemática financeira básica, receita, custo, lucro, ponto de equilíbrio); Analisar e interpretar dados transformando em informações.","Empatia - Compreender e preocupar-se com os outros e com o seu bem-estar. Valorizar e investir no relacionamento próximo;
Criatividade - Gerar novas maneiras de fazer ou pensar sobre as coisas por meio da exploração, aprendizagem a partir do fracasso, insight e visão;
Motivação de realização - Estabelecer padrões elevados para si mesmo e trabalhar muito para alcançá-los.",Matemática Aplicada à Administração,C2,4,"Descontos, Amortizações, Taxa Interna de Retorno – Uso de Planilha Eletrônica (Excel)",,22,Sistemas de Amortização,"Aula 1: Empréstimos, Financiamentos e Amortização",Resolver problemas financeiros ao analisar diferentes opções de financiamento e empréstimos,"Compreender como os empréstimos, financiamentos e amortização impactam as decisões financeiras no contexto organizacional.","1. Diferenciar empréstimo, financiamento e amortização"
,4,T,"Resolver problemas de matemática e raciocínio lógico; analisar finanças (matemática financeira básica, receita, custo, lucro, ponto de equilíbrio); Analisar e interpretar dados transformando em informações.","Empatia - Compreender e preocupar-se com os outros e com o seu bem-estar. Valorizar e investir no relacionamento próximo;
Criatividade - Gerar novas maneiras de fazer ou pensar sobre as coisas por meio da exploração, aprendizagem a partir do fracasso, insight e visão;
Motivação de realização - Estabelecer padrões elevados para si mesmo e trabalhar muito para alcançá-los.",Matemática Aplicada à Administração,C2,4,"Descontos, Amortizações, Taxa Interna de Retorno – Uso de Planilha Eletrônica (Excel)",,22,Sistemas de Amortização,Aula 2: Sistema de Amortização Constante (SAC),Resolver problemas financeiros ao analisar diferentes opções de financiamento e empréstimos,Entender o funcionamento do Sistema de Amortização Constante (SAC) e como ele influencia o valor das parcelas de um empréstimo ou  financiamento no contexto organizacional.,2. Apresentar as características do SAC
,4,T,"Resolver problemas de matemática e raciocínio lógico; analisar finanças (matemática financeira básica, receita, custo, lucro, ponto de equilíbrio); Analisar e interpretar dados transformando em informações.","Empatia - Compreender e preocupar-se com os outros e com o seu bem-estar. Valorizar e investir no relacionamento próximo;
Criatividade - Gerar novas maneiras de fazer ou pensar sobre as coisas por meio da exploração, aprendizagem a partir do fracasso, insight e visão;
Motivação de realização - Estabelecer padrões elevados para si mesmo e trabalhar muito para alcançá-los.",Matemática Aplicada à Administração,C2,4,"Descontos, Amortizações, Taxa Interna de Retorno – Uso de Planilha Eletrônica (Excel)",,22,Sistemas de Amortização,Aula 3: Sistema de Prestação Constante (SPC),Resolver problemas financeiros ao analisar diferentes opções de financiamento e empréstimos,Aprender a calcular prestações no Sistema de Prestação Constante (SPC) e entender as diferenças em relação ao SAC no contexto organizacional.,3. Explicar o conceito de SPC e como ele é aplicado em financiamentos
,4,T,"Resolver problemas de matemática e raciocínio lógico; analisar finanças (matemática financeira básica, receita, custo, lucro, ponto de equilíbrio); Analisar e interpretar dados transformando em informações.","Empatia - Compreender e preocupar-se com os outros e com o seu bem-estar. Valorizar e investir no relacionamento próximo;
Criatividade - Gerar novas maneiras de fazer ou pensar sobre as coisas por meio da exploração, aprendizagem a partir do fracasso, insight e visão;
Motivação de realização - Estabelecer padrões elevados para si mesmo e trabalhar muito para alcançá-los.",Matemática Aplicada à Administração,C2,4,"Descontos, Amortizações, Taxa Interna de Retorno – Uso de Planilha Eletrônica (Excel)",,22,Sistemas de Amortização,Aula 4: Construção da Tabela de Amortização no Excel,Resolver problemas financeiros ao analisar diferentes opções de financiamento e empréstimos,"Criar uma tabela de amortização no Excel aplicando os conceitos de SAC e SPC, automatizando cálculos para facilitar a análise financeira no contexto organizacional.",4. Demonstrar a configuração de fórmulas no Excel para o cálculo de SAC e SPC
,4,T,"Resolver problemas de matemática e raciocínio lógico; analisar finanças (matemática financeira básica, receita, custo, lucro, ponto de equilíbrio); Analisar e interpretar dados transformando em informações.","Empatia - Compreender e preocupar-se com os outros e com o seu bem-estar. Valorizar e investir no relacionamento próximo;
Criatividade - Gerar novas maneiras de fazer ou pensar sobre as coisas por meio da exploração, aprendizagem a partir do fracasso, insight e visão;
Motivação de realização - Estabelecer padrões elevados para si mesmo e trabalhar muito para alcançá-los.",Matemática Aplicada à Administração,C2,4,Análise de Dados e Tomada de Decisão – Uso de Planilha Eletrônica (Excel),,23,Introdução ao Fluxo de Caixa,Aula 1: Fluxo de Caixa Modelo-Padrão,Analisar e interpretar informações em um fluxo de caixa,"Entender oconceito de fluxo de caixa modelo-padrão, entradas e saídas financeiras em um período no ambiente administrativo.",1. Apresentar o conceito de fluxo de caixa e sua importância para a gestão financeira
,4,T,"Resolver problemas de matemática e raciocínio lógico; analisar finanças (matemática financeira básica, receita, custo, lucro, ponto de equilíbrio); Analisar e interpretar dados transformando em informações.","Empatia - Compreender e preocupar-se com os outros e com o seu bem-estar. Valorizar e investir no relacionamento próximo;
Criatividade - Gerar novas maneiras de fazer ou pensar sobre as coisas por meio da exploração, aprendizagem a partir do fracasso, insight e visão;
Motivação de realização - Estabelecer padrões elevados para si mesmo e trabalhar muito para alcançá-los.",Matemática Aplicada à Administração,C2,4,Análise de Dados e Tomada de Decisão – Uso de Planilha Eletrônica (Excel),,23,Introdução ao Fluxo de Caixa,Aula 2: Valor Presente,Analisar e interpretar informações em um fluxo de caixa,Compreender a importância do valor presente de um fluxa de caixa na tomada de decisões financeiras no contexto organizacional.,2. Explicar o conceito de valor presente e sua aplicação no cálculo financeiro
,4,T,"Resolver problemas de matemática e raciocínio lógico; analisar finanças (matemática financeira básica, receita, custo, lucro, ponto de equilíbrio); Analisar e interpretar dados transformando em informações.","Empatia - Compreender e preocupar-se com os outros e com o seu bem-estar. Valorizar e investir no relacionamento próximo;
Criatividade - Gerar novas maneiras de fazer ou pensar sobre as coisas por meio da exploração, aprendizagem a partir do fracasso, insight e visão;
Motivação de realização - Estabelecer padrões elevados para si mesmo e trabalhar muito para alcançá-los.",Matemática Aplicada à Administração,C2,4,Análise de Dados e Tomada de Decisão – Uso de Planilha Eletrônica (Excel),,23,Introdução ao Fluxo de Caixa,Aula 3: Valor Futuro,Analisar e interpretar informações em um fluxo de caixa,Compreender a importância do valor futuro de um fluxa de caixa na tomada de decisões financeiras no contexto organizacional.,3. Explicar o conceito de valor futuro e sua aplicação no cálculo financeiro
,4,T,"Resolver problemas de matemática e raciocínio lógico; analisar finanças (matemática financeira básica, receita, custo, lucro, ponto de equilíbrio); Analisar e interpretar dados transformando em informações.","Empatia - Compreender e preocupar-se com os outros e com o seu bem-estar. Valorizar e investir no relacionamento próximo;
Criatividade - Gerar novas maneiras de fazer ou pensar sobre as coisas por meio da exploração, aprendizagem a partir do fracasso, insight e visão;
Motivação de realização - Estabelecer padrões elevados para si mesmo e trabalhar muito para alcançá-los.",Matemática Aplicada à Administração,C2,4,Análise de Dados e Tomada de Decisão – Uso de Planilha Eletrônica (Excel),,23,Introdução ao Fluxo de Caixa,Aula 4: Analisando um Fluxo de Caixa,Analisar e interpretar informações em um fluxo de caixa,Analisar um fluxo de caixa de operações financeiras no ambiente administrativo.,4. Explicar como interpretar os dados de um fluxo de caixa para identificar desequilíbrios financeiros
,4,P,"Resolver problemas de matemática e raciocínio lógico; analisar finanças (matemática financeira básica, receita, custo, lucro, ponto de equilíbrio); Analisar e interpretar dados transformando em informações.","Empatia - Compreender e preocupar-se com os outros e com o seu bem-estar. Valorizar e investir no relacionamento próximo;
Criatividade - Gerar novas maneiras de fazer ou pensar sobre as coisas por meio da exploração, aprendizagem a partir do fracasso, insight e visão;
Motivação de realização - Estabelecer padrões elevados para si mesmo e trabalhar muito para alcançá-los.",Matemática Aplicada à Administração,C2,4,Análise de Dados e Tomada de Decisão – Uso de Planilha Eletrônica (Excel),,24,Fluxo de Caixa  na prática,Aula 1: Analisando Fluxo de Caixa Modelo-Padrão,Analisar e interpretar informações em um fluxo de caixa,Praticar a análise de um fluxo de caixa modelo-padrão no ambiente administrativo,1. Praticar a leitura e interpretação de fluxos de caixa modelo-padrão
,4,P,"Resolver problemas de matemática e raciocínio lógico; analisar finanças (matemática financeira básica, receita, custo, lucro, ponto de equilíbrio); Analisar e interpretar dados transformando em informações.","Empatia - Compreender e preocupar-se com os outros e com o seu bem-estar. Valorizar e investir no relacionamento próximo;
Criatividade - Gerar novas maneiras de fazer ou pensar sobre as coisas por meio da exploração, aprendizagem a partir do fracasso, insight e visão;
Motivação de realização - Estabelecer padrões elevados para si mesmo e trabalhar muito para alcançá-los.",Matemática Aplicada à Administração,C2,4,Análise de Dados e Tomada de Decisão – Uso de Planilha Eletrônica (Excel),,24,Fluxo de Caixa  na prática,Aula 2: Avaliação do Valor Presente de Fluxo de Caixa,Analisar e interpretar informações em um fluxo de caixa,Aplicar cálculos de valor presente para avaliar  fluxos de caixa no contexto organizacional,2. Demonstrar o uso da fórmula do valor presente em fluxos de caixa
,4,P,"Resolver problemas de matemática e raciocínio lógico; analisar finanças (matemática financeira básica, receita, custo, lucro, ponto de equilíbrio); Analisar e interpretar dados transformando em informações.","Empatia - Compreender e preocupar-se com os outros e com o seu bem-estar. Valorizar e investir no relacionamento próximo;
Criatividade - Gerar novas maneiras de fazer ou pensar sobre as coisas por meio da exploração, aprendizagem a partir do fracasso, insight e visão;
Motivação de realização - Estabelecer padrões elevados para si mesmo e trabalhar muito para alcançá-los.",Matemática Aplicada à Administração,C2,4,Análise de Dados e Tomada de Decisão – Uso de Planilha Eletrônica (Excel),,24,Fluxo de Caixa  na prática,Aula 3: Avaliação do Valor Futuro de Financiamentos,Analisar e interpretar informações em um fluxo de caixa,Aplicar cálculos de valor futuro para avaliar fluxos de caixa no contexto organizacional,3. Demonstrar o uso da fórmula do valor futuro em fluxos de caixa
,4,P,"Resolver problemas de matemática e raciocínio lógico; analisar finanças (matemática financeira básica, receita, custo, lucro, ponto de equilíbrio); Analisar e interpretar dados transformando em informações.","Empatia - Compreender e preocupar-se com os outros e com o seu bem-estar. Valorizar e investir no relacionamento próximo;
Criatividade - Gerar novas maneiras de fazer ou pensar sobre as coisas por meio da exploração, aprendizagem a partir do fracasso, insight e visão;
Motivação de realização - Estabelecer padrões elevados para si mesmo e trabalhar muito para alcançá-los.",Matemática Aplicada à Administração,C2,4,Análise de Dados e Tomada de Decisão – Uso de Planilha Eletrônica (Excel),,24,Fluxo de Caixa  na prática,Aula 4: Análise do Fluxo de Caixa Desequilibrado,Analisar e interpretar informações em um fluxo de caixa,Identificar desequilíbrios em um fluxo de caixa e propor soluções simples para melhorar a relação entre entradas e saídas financeiras no ambiente administrativo,4. Analisar o equilíbrio de fluxo de caixa de operçaões financeiras
,4,T,"Resolver problemas de matemática e raciocínio lógico; analisar finanças (matemática financeira básica, receita, custo, lucro, ponto de equilíbrio); Analisar e interpretar dados transformando em informações.","Empatia - Compreender e preocupar-se com os outros e com o seu bem-estar. Valorizar e investir no relacionamento próximo;
Criatividade - Gerar novas maneiras de fazer ou pensar sobre as coisas por meio da exploração, aprendizagem a partir do fracasso, insight e visão;
Motivação de realização - Estabelecer padrões elevados para si mesmo e trabalhar muito para alcançá-los.",Matemática Aplicada à Administração,C2,4,"Descontos, Amortizações, Taxa Interna de Retorno – Uso de Planilha Eletrônica (Excel)",,25,Análise de Investimentos I,Aula 1: Introdução a Análise de Investimentos,"Aplicar conceitos e critérios básicos, como TIR, TMA e VPL, para avaliar a viabilidade de projetos financeiros","Compreender os conceitos básicos de análise de investimentos, identificando critérios e ferramentas para avaliar a viabilidade de um projeto financeiro",1. Explicar o que é análise de investimentos e sua importância na tomada de decisões financeiras
,4,T,"Resolver problemas de matemática e raciocínio lógico; analisar finanças (matemática financeira básica, receita, custo, lucro, ponto de equilíbrio); Analisar e interpretar dados transformando em informações.","Empatia - Compreender e preocupar-se com os outros e com o seu bem-estar. Valorizar e investir no relacionamento próximo;
Criatividade - Gerar novas maneiras de fazer ou pensar sobre as coisas por meio da exploração, aprendizagem a partir do fracasso, insight e visão;
Motivação de realização - Estabelecer padrões elevados para si mesmo e trabalhar muito para alcançá-los.",Matemática Aplicada à Administração,C2,4,"Descontos, Amortizações, Taxa Interna de Retorno – Uso de Planilha Eletrônica (Excel)",,25,Análise de Investimentos I,Aula 2: Taxa Mínima de Atratividade – TMA ,"Aplicar conceitos e critérios básicos, como TIR, TMA e VPL, para avaliar a viabilidade de projetos financeiros",Compreender o conceito de Taxa Mínima de Atratividade (TMA) e seu papel como referência na avaliação de investimentos,2. Apresentar o conceito de TMA e sua importância para definir parâmetros mínimos de rentabilidade
,4,T,"Resolver problemas de matemática e raciocínio lógico; analisar finanças (matemática financeira básica, receita, custo, lucro, ponto de equilíbrio); Analisar e interpretar dados transformando em informações.","Empatia - Compreender e preocupar-se com os outros e com o seu bem-estar. Valorizar e investir no relacionamento próximo;
Criatividade - Gerar novas maneiras de fazer ou pensar sobre as coisas por meio da exploração, aprendizagem a partir do fracasso, insight e visão;
Motivação de realização - Estabelecer padrões elevados para si mesmo e trabalhar muito para alcançá-los.",Matemática Aplicada à Administração,C2,4,"Descontos, Amortizações, Taxa Interna de Retorno – Uso de Planilha Eletrônica (Excel)",,25,Análise de Investimentos I,Aula 3: Taxa Interna de Retorno – TIR,"Aplicar conceitos e critérios básicos, como TIR, TMA e VPL, para avaliar a viabilidade de projetos financeiros",Entender o conceito de Taxa Interna de Retorno (TIR) e como ela é utilizada para avaliar a atratividade de investimentos no contexto organizacional,3. Explicar o que é a TIR e como ela é calculada
,4,T,"Resolver problemas de matemática e raciocínio lógico; analisar finanças (matemática financeira básica, receita, custo, lucro, ponto de equilíbrio); Analisar e interpretar dados transformando em informações.","Empatia - Compreender e preocupar-se com os outros e com o seu bem-estar. Valorizar e investir no relacionamento próximo;
Criatividade - Gerar novas maneiras de fazer ou pensar sobre as coisas por meio da exploração, aprendizagem a partir do fracasso, insight e visão;
Motivação de realização - Estabelecer padrões elevados para si mesmo e trabalhar muito para alcançá-los.",Matemática Aplicada à Administração,C2,4,"Descontos, Amortizações, Taxa Interna de Retorno – Uso de Planilha Eletrônica (Excel)",,25,Análise de Investimentos I,Aula 4: Valor Presente Líquido – VPL	,"Aplicar conceitos e critérios básicos, como TIR, TMA e VPL, para avaliar a viabilidade de projetos financeiros",Aplicar o conceito de Valor Presente Líquido (VPL) e como ele auxilia na análise da viabilidade econômica de um investimento no contexto organizacional,4. Explicar o conceito de VPL e sua fórmula básica
,4,T,"Resolver problemas de matemática e raciocínio lógico; analisar finanças (matemática financeira básica, receita, custo, lucro, ponto de equilíbrio); Analisar e interpretar dados transformando em informações.","Empatia - Compreender e preocupar-se com os outros e com o seu bem-estar. Valorizar e investir no relacionamento próximo;
Criatividade - Gerar novas maneiras de fazer ou pensar sobre as coisas por meio da exploração, aprendizagem a partir do fracasso, insight e visão;
Motivação de realização - Estabelecer padrões elevados para si mesmo e trabalhar muito para alcançá-los.",Matemática Aplicada à Administração,C2,4,"Descontos, Amortizações, Taxa Interna de Retorno – Uso de Planilha Eletrônica (Excel)",,26,Análise de Investimentos II,Aula 1: Método do Payback,"Aplicar conceitos e critérios básicos, como Payback, Lucratividade e Rentabilidade, para avaliar a viabilidade de projetos financeiros",Entender o conceito de Payback tradicional e como ele é usado para determinar o tempo necessário para recuperar um investimento inicial no contexto organizacional,1. Explicar o conceito de Payback e sua aplicação em análises financeiras
,4,T,"Resolver problemas de matemática e raciocínio lógico; analisar finanças (matemática financeira básica, receita, custo, lucro, ponto de equilíbrio); Analisar e interpretar dados transformando em informações.","Empatia - Compreender e preocupar-se com os outros e com o seu bem-estar. Valorizar e investir no relacionamento próximo;
Criatividade - Gerar novas maneiras de fazer ou pensar sobre as coisas por meio da exploração, aprendizagem a partir do fracasso, insight e visão;
Motivação de realização - Estabelecer padrões elevados para si mesmo e trabalhar muito para alcançá-los.",Matemática Aplicada à Administração,C2,4,"Descontos, Amortizações, Taxa Interna de Retorno – Uso de Planilha Eletrônica (Excel)",,26,Análise de Investimentos II,Aula 2: Payback Descontado ,"Aplicar conceitos e critérios básicos, como Payback, Lucratividade e Rentabilidade, para avaliar a viabilidade de projetos financeiros",Compreender o conceito de Payback Descontado e como ele corrige o método tradicional considerando o valor do dinheiro no tempo,2. Explicar as diferenças entre o Payback tradicional e o Payback Descontado
,4,T,"Resolver problemas de matemática e raciocínio lógico; analisar finanças (matemática financeira básica, receita, custo, lucro, ponto de equilíbrio); Analisar e interpretar dados transformando em informações.","Empatia - Compreender e preocupar-se com os outros e com o seu bem-estar. Valorizar e investir no relacionamento próximo;
Criatividade - Gerar novas maneiras de fazer ou pensar sobre as coisas por meio da exploração, aprendizagem a partir do fracasso, insight e visão;
Motivação de realização - Estabelecer padrões elevados para si mesmo e trabalhar muito para alcançá-los.",Matemática Aplicada à Administração,C2,4,"Descontos, Amortizações, Taxa Interna de Retorno – Uso de Planilha Eletrônica (Excel)",,26,Análise de Investimentos II,Aula 3: Índice de Lucratividade - IL,"Aplicar conceitos e critérios básicos, como Payback, Lucratividade e Rentabilidade, para avaliar a viabilidade de projetos financeiros",Compreender o Índice de Lucratividade e sua aplicação para avaliar o retorno proporcional de um investimento no contexto organizacional,3. Explicar o conceito de Índice de Lucratividade e sua fórmula
,4,T,"Resolver problemas de matemática e raciocínio lógico; analisar finanças (matemática financeira básica, receita, custo, lucro, ponto de equilíbrio); Analisar e interpretar dados transformando em informações.","Empatia - Compreender e preocupar-se com os outros e com o seu bem-estar. Valorizar e investir no relacionamento próximo;
Criatividade - Gerar novas maneiras de fazer ou pensar sobre as coisas por meio da exploração, aprendizagem a partir do fracasso, insight e visão;
Motivação de realização - Estabelecer padrões elevados para si mesmo e trabalhar muito para alcançá-los.",Matemática Aplicada à Administração,C2,4,"Descontos, Amortizações, Taxa Interna de Retorno – Uso de Planilha Eletrônica (Excel)",,26,Análise de Investimentos II,Aula 4: Taxa de Rentabilidade - TR,"Aplicar conceitos e critérios básicos, como Payback, Lucratividade e Rentabilidade, para avaliar a viabilidade de projetos financeiros",Aplicar o conceito de Taxa de Rentabilidade e sua aplicação para medir o desempenho de um investimento no contexto organizacional,4. Apresentar o conceito e a fórmula da Taxa de Rentabilidade
,4,P,"Resolver problemas de matemática e raciocínio lógico; analisar finanças (matemática financeira básica, receita, custo, lucro, ponto de equilíbrio); Analisar e interpretar dados transformando em informações.","Empatia - Compreender e preocupar-se com os outros e com o seu bem-estar. Valorizar e investir no relacionamento próximo;
Criatividade - Gerar novas maneiras de fazer ou pensar sobre as coisas por meio da exploração, aprendizagem a partir do fracasso, insight e visão;
Motivação de realização - Estabelecer padrões elevados para si mesmo e trabalhar muito para alcançá-los.",Matemática Aplicada à Administração,C2,4,"Descontos, Amortizações, Taxa Interna de Retorno – Uso de Planilha Eletrônica (Excel)",,27,Amortização e Análise de Investimentos na prática,"Aula 1: Empréstimos, Financiamentos e Amortização","Desenvolver cálculos e análises práticas em financiamentos e investimentos, utilizando ferramentas como Excel","Diferenciar empréstimos e financiamentos, avaliando o impacto de diferentes taxas de juros e prazos sobre o custo total no ambiente administrativo","1. Orientar os alunos na análise prática de casos simples, como aquisição de bens ou pagamento de dívidas"
,4,P,"Resolver problemas de matemática e raciocínio lógico; analisar finanças (matemática financeira básica, receita, custo, lucro, ponto de equilíbrio); Analisar e interpretar dados transformando em informações.","Empatia - Compreender e preocupar-se com os outros e com o seu bem-estar. Valorizar e investir no relacionamento próximo;
Criatividade - Gerar novas maneiras de fazer ou pensar sobre as coisas por meio da exploração, aprendizagem a partir do fracasso, insight e visão;
Motivação de realização - Estabelecer padrões elevados para si mesmo e trabalhar muito para alcançá-los.",Matemática Aplicada à Administração,C2,4,"Descontos, Amortizações, Taxa Interna de Retorno – Uso de Planilha Eletrônica (Excel)",,27,Amortização e Análise de Investimentos na prática,Aula 2: Análise de Financiamentos com SAC e SPC,"Desenvolver cálculos e análises práticas em financiamentos e investimentos, utilizando ferramentas como Excel","Comparar financiamentos nos sistemas SAC e SPC, avaliando o impacto nos valores das parcelas e no custo total no cotidiano",2. Auxiliar os alunos na interpretação dos resultados para decidir qual sistema pode ser mais vantajoso
,4,P,"Resolver problemas de matemática e raciocínio lógico; analisar finanças (matemática financeira básica, receita, custo, lucro, ponto de equilíbrio); Analisar e interpretar dados transformando em informações.","Empatia - Compreender e preocupar-se com os outros e com o seu bem-estar. Valorizar e investir no relacionamento próximo;
Criatividade - Gerar novas maneiras de fazer ou pensar sobre as coisas por meio da exploração, aprendizagem a partir do fracasso, insight e visão;
Motivação de realização - Estabelecer padrões elevados para si mesmo e trabalhar muito para alcançá-los.",Matemática Aplicada à Administração,C2,4,"Descontos, Amortizações, Taxa Interna de Retorno – Uso de Planilha Eletrônica (Excel)",,27,Amortização e Análise de Investimentos na prática,Aula 3: Construção da Tabela de Amortização no Excel,"Desenvolver cálculos e análises práticas em financiamentos e investimentos, utilizando ferramentas como Excel","Criar uma tabela de amortização no Excel, aplicando fórmulas para automatizar cálculos e interpretar os resultados","3. Auxiliar na configuração de fórmulas para cálculos automáticos de parcelas, juros e saldo devedor"
,4,P,"Resolver problemas de matemática e raciocínio lógico; analisar finanças (matemática financeira básica, receita, custo, lucro, ponto de equilíbrio); Analisar e interpretar dados transformando em informações.","Empatia - Compreender e preocupar-se com os outros e com o seu bem-estar. Valorizar e investir no relacionamento próximo;
Criatividade - Gerar novas maneiras de fazer ou pensar sobre as coisas por meio da exploração, aprendizagem a partir do fracasso, insight e visão;
Motivação de realização - Estabelecer padrões elevados para si mesmo e trabalhar muito para alcançá-los.",Matemática Aplicada à Administração,C2,4,"Descontos, Amortizações, Taxa Interna de Retorno – Uso de Planilha Eletrônica (Excel)",,27,Amortização e Análise de Investimentos na prática,Aula 4: Análise de Investimentos,"Desenvolver cálculos e análises práticas em financiamentos e investimentos, utilizando ferramentas como Excel","Aplicar ferramentas básicas para avaliar a viabilidade de um investimento, utilizando TIR, TMA e VPL",4. Auziliar na interpretação dos resultados para decidir sobre a viabilidade de um projeto
X,4,T,"Resolver problemas de matemática e raciocínio lógico; analisar finanças (matemática financeira básica, receita, custo, lucro, ponto de equilíbrio); Analisar e interpretar dados transformando em informações.","Empatia - Compreender e preocupar-se com os outros e com o seu bem-estar. Valorizar e investir no relacionamento próximo;
Criatividade - Gerar novas maneiras de fazer ou pensar sobre as coisas por meio da exploração, aprendizagem a partir do fracasso, insight e visão;
Motivação de realização - Estabelecer padrões elevados para si mesmo e trabalhar muito para alcançá-los.",Matemática Aplicada à Administração,C2,4,Análise de Dados e Tomada de Decisão – Uso de Planilha Eletrônica (Excel),,28,Inflação,Aula 1: Índices de Preços e Taxas de Inflação,"Analisar os efeitos da inflação sobre valores monetários e prazos de pagamento, utilizando índices de preços e cálculos básicos","Entender o que são índices de preços e taxas de inflação, reconhecendo como influenciam as decisões financeiras no ambiente organizacional.",1. Apresentar os principais índices de preços utilizados para medir a inflação
X,4,T,"Resolver problemas de matemática e raciocínio lógico; analisar finanças (matemática financeira básica, receita, custo, lucro, ponto de equilíbrio); Analisar e interpretar dados transformando em informações.","Empatia - Compreender e preocupar-se com os outros e com o seu bem-estar. Valorizar e investir no relacionamento próximo;
Criatividade - Gerar novas maneiras de fazer ou pensar sobre as coisas por meio da exploração, aprendizagem a partir do fracasso, insight e visão;
Motivação de realização - Estabelecer padrões elevados para si mesmo e trabalhar muito para alcançá-los.",Matemática Aplicada à Administração,C2,4,Análise de Dados e Tomada de Decisão – Uso de Planilha Eletrônica (Excel),,28,Inflação,Aula 2: Valores Monetários em Inflação,"Analisar os efeitos da inflação sobre valores monetários e prazos de pagamento, utilizando índices de preços e cálculos básicos",Compreender como a inflação impacta o valor do dinheiro ao longo do tempo no cotidiano.,2. Demonstrar o impacto da inflação sobre o poder de compra do dinheiro em diferentes momentos no tempo
X,4,T,"Resolver problemas de matemática e raciocínio lógico; analisar finanças (matemática financeira básica, receita, custo, lucro, ponto de equilíbrio); Analisar e interpretar dados transformando em informações.","Empatia - Compreender e preocupar-se com os outros e com o seu bem-estar. Valorizar e investir no relacionamento próximo;
Criatividade - Gerar novas maneiras de fazer ou pensar sobre as coisas por meio da exploração, aprendizagem a partir do fracasso, insight e visão;
Motivação de realização - Estabelecer padrões elevados para si mesmo e trabalhar muito para alcançá-los.",Matemática Aplicada à Administração,C2,4,Análise de Dados e Tomada de Decisão – Uso de Planilha Eletrônica (Excel),,28,Inflação,Aula 3: Taxa de Desvalorização da Moeda,"Analisar os efeitos da inflação sobre valores monetários e prazos de pagamento, utilizando índices de preços e cálculos básicos",Entender o conceito de desvalorização da moeda e como calcular a taxa de perda do poder de compra em cenários inflacionários,3. Demonstrar como calcular a taxa de desvalorização da moeda
X,4,T,"Resolver problemas de matemática e raciocínio lógico; analisar finanças (matemática financeira básica, receita, custo, lucro, ponto de equilíbrio); Analisar e interpretar dados transformando em informações.","Empatia - Compreender e preocupar-se com os outros e com o seu bem-estar. Valorizar e investir no relacionamento próximo;
Criatividade - Gerar novas maneiras de fazer ou pensar sobre as coisas por meio da exploração, aprendizagem a partir do fracasso, insight e visão;
Motivação de realização - Estabelecer padrões elevados para si mesmo e trabalhar muito para alcançá-los.",Matemática Aplicada à Administração,C2,4,Análise de Dados e Tomada de Decisão – Uso de Planilha Eletrônica (Excel),,28,Inflação,Aula 4: Inflação e Prazo de Pagamento,"Analisar os efeitos da inflação sobre valores monetários e prazos de pagamento, utilizando índices de preços e cálculos básicos",Consolidar o conhecimento sobre como a inflação influencia na perda do poder de compra das operações vendas a prazo no cotidiano.,4. Demonstrar como a inflação impacta o valor real dos pagamentos ao longo do tempo
,Recomposição da Aprendizagem,,,,,,,,,,,,,,
,Recomposição da Aprendizagem,,,,,,,,,,,,,,

