Aula complementar,Bimestre,CH Teórica/Prática,Competência técnica,Competências socioemocionais,Nome do componente,Código do componente,Componente de 3 ou 4 aulas semanais?,Unidade curricular,Código unidade curricular,Semana,Tema da semana,Título da aula,Habilidades técnicas,Habildades socioemocionais,Objetivo da aula,Objeto de conhecimento 
,1,T,"Apoiar o desenvolvimento de estratégias de marketing para os diferentes produtos e os diferentes tipos de empresa; Pensamento analítico para o apoio no desenvolvimento de estratégias de marketing, visando a identificação de oportunidades de mercado, segmentação de clientes e apoio na criação de planos de ação para a promoção de produtos e serviços; Atitude empreendedora e proativa, estimulando a busca por oportunidades, a iniciativa na criação e no desenvolvimento de projetos e a busca constante por .","Curiosidade - Ser interessado em ideias e ter paixão por aprender, compreensão e exploração intelectual; uma mentalidade curiosa;
Assertividade - Ser capaz de expressar opiniões, necessidades e sentimentos com confiança e exercer influência social;
Cooperação - Viver em harmonia com os outros e valorizar a interconexão entre todas as pessoas;
Autoeficácia - A força das crenças dos indivíduos em sua capacidade de executar tarefas e atingir objetivos.",Marketing Estratégico,C1,3,Introdução ao Marketing,U1,1,Conceitos Básicos de Marketing,Aula 1: Definição e importância do marketing,Reconhecer se uma empresa está orientada para a administração de marketing.,Analisar situações complexas.,Compreender o conceito de marketing e a sua relevância para as empresas.,1. Conceito e importância do marketing
,1,T,"Apoiar o desenvolvimento de estratégias de marketing para os diferentes produtos e os diferentes tipos de empresa; Pensamento analítico para o apoio no desenvolvimento de estratégias de marketing, visando a identificação de oportunidades de mercado, segmentação de clientes e apoio na criação de planos de ação para a promoção de produtos e serviços; Atitude empreendedora e proativa, estimulando a busca por oportunidades, a iniciativa na criação e no desenvolvimento de projetos e a busca constante por .","Curiosidade - Ser interessado em ideias e ter paixão por aprender, compreensão e exploração intelectual; uma mentalidade curiosa;
Assertividade - Ser capaz de expressar opiniões, necessidades e sentimentos com confiança e exercer influência social;
Cooperação - Viver em harmonia com os outros e valorizar a interconexão entre todas as pessoas;
Autoeficácia - A força das crenças dos indivíduos em sua capacidade de executar tarefas e atingir objetivos.",Marketing Estratégico,C1,3,Introdução ao Marketing,U1,1,Conceitos Básicos de Marketing,Aula 2: Tipos de marketing,Reconhecer se uma empresa está orientada para a administração de marketing.,Analisar situações complexas.,Identificar os diferentes tipos de marketing utilizados pelas empresas.,2. Tipos de marketing
,1,T,"Apoiar o desenvolvimento de estratégias de marketing para os diferentes produtos e os diferentes tipos de empresa; Pensamento analítico para o apoio no desenvolvimento de estratégias de marketing, visando a identificação de oportunidades de mercado, segmentação de clientes e apoio na criação de planos de ação para a promoção de produtos e serviços; Atitude empreendedora e proativa, estimulando a busca por oportunidades, a iniciativa na criação e no desenvolvimento de projetos e a busca constante por .","Curiosidade - Ser interessado em ideias e ter paixão por aprender, compreensão e exploração intelectual; uma mentalidade curiosa;
Assertividade - Ser capaz de expressar opiniões, necessidades e sentimentos com confiança e exercer influência social;
Cooperação - Viver em harmonia com os outros e valorizar a interconexão entre todas as pessoas;
Autoeficácia - A força das crenças dos indivíduos em sua capacidade de executar tarefas e atingir objetivos.",Marketing Estratégico,C1,3,Introdução ao Marketing,U1,1,Conceitos Básicos de Marketing,Aula 3: Os Ps do marketing,Reconhecer se uma empresa está orientada para a administração de marketing.,Analisar situações complexas.,Identificar os Ps do marketing em cenários reais.,3. Definição e identificação dos Ps do marketing
,1,T,"Apoiar o desenvolvimento de estratégias de marketing para os diferentes produtos e os diferentes tipos de empresa; Pensamento analítico para o apoio no desenvolvimento de estratégias de marketing, visando a identificação de oportunidades de mercado, segmentação de clientes e apoio na criação de planos de ação para a promoção de produtos e serviços; Atitude empreendedora e proativa, estimulando a busca por oportunidades, a iniciativa na criação e no desenvolvimento de projetos e a busca constante por .","Curiosidade - Ser interessado em ideias e ter paixão por aprender, compreensão e exploração intelectual; uma mentalidade curiosa;
Assertividade - Ser capaz de expressar opiniões, necessidades e sentimentos com confiança e exercer influência social;
Cooperação - Viver em harmonia com os outros e valorizar a interconexão entre todas as pessoas;
Autoeficácia - A força das crenças dos indivíduos em sua capacidade de executar tarefas e atingir objetivos.",Marketing Estratégico,C1,3,Introdução ao Marketing,U1,2,Ambientes de Marketing,Aula 1: Macroambiente – Matriz PESTEL,Empregar o pensamento analítico a fim de obter uma visão clara e precisa das decisões de marketing numa empresa.,Pensar de forma criativa e colaborativa no desenvolvimento da análise de cenários organizacionais.,"Compreender o conceito de macroambiente do marketing.
Entender a aplicação da Matriz Pestel na análise do macroambiente.",1. Compreensão do macroambiente por meio da Matriz Pestel
,1,T,"Apoiar o desenvolvimento de estratégias de marketing para os diferentes produtos e os diferentes tipos de empresa; Pensamento analítico para o apoio no desenvolvimento de estratégias de marketing, visando a identificação de oportunidades de mercado, segmentação de clientes e apoio na criação de planos de ação para a promoção de produtos e serviços; Atitude empreendedora e proativa, estimulando a busca por oportunidades, a iniciativa na criação e no desenvolvimento de projetos e a busca constante por .","Curiosidade - Ser interessado em ideias e ter paixão por aprender, compreensão e exploração intelectual; uma mentalidade curiosa;
Assertividade - Ser capaz de expressar opiniões, necessidades e sentimentos com confiança e exercer influência social;
Cooperação - Viver em harmonia com os outros e valorizar a interconexão entre todas as pessoas;
Autoeficácia - A força das crenças dos indivíduos em sua capacidade de executar tarefas e atingir objetivos.",Marketing Estratégico,C1,3,Introdução ao Marketing,U1,2,Ambientes de Marketing,Aula 2: Microambiente,Empregar o pensamento analítico a fim de obter uma visão clara e precisa das decisões de marketing numa empresa.,Pensar de forma criativa e colaborativa no desenvolvimento da análise de cenários organizacionais.,"Compreender o conceito de microambiente do marketing.
Identificar os seus componentes de forma a auxiliar no desenvolvimento de estratégias mais concisas em relação ao propósito da empresa.",2. Compreensão do microambiente do marketing por meio dos seus principais componentes
,1,T,"Apoiar o desenvolvimento de estratégias de marketing para os diferentes produtos e os diferentes tipos de empresa; Pensamento analítico para o apoio no desenvolvimento de estratégias de marketing, visando a identificação de oportunidades de mercado, segmentação de clientes e apoio na criação de planos de ação para a promoção de produtos e serviços; Atitude empreendedora e proativa, estimulando a busca por oportunidades, a iniciativa na criação e no desenvolvimento de projetos e a busca constante por .","Curiosidade - Ser interessado em ideias e ter paixão por aprender, compreensão e exploração intelectual; uma mentalidade curiosa;
Assertividade - Ser capaz de expressar opiniões, necessidades e sentimentos com confiança e exercer influência social;
Cooperação - Viver em harmonia com os outros e valorizar a interconexão entre todas as pessoas;
Autoeficácia - A força das crenças dos indivíduos em sua capacidade de executar tarefas e atingir objetivos.",Marketing Estratégico,C1,3,Introdução ao Marketing,U1,2,Ambientes de Marketing,Aula 3: Análise SWOT dos ambientes de marketing,Empregar o pensamento analítico a fim de obter uma visão clara e precisa das decisões de marketing numa empresa.,Pensar de forma criativa e colaborativa no desenvolvimento da análise de cenários organizacionais.,"Identificar e analisar as forças, as fraquezas, as oportunidades e as ameaças de uma empresa que influenciam as decisões estratégicas.",3. Análise SWOT como ferramenta de análise dos ambientes do marketing
Recomposição da Aprendizagem,,,,,,,,,,,,,,,,
,1,T,"Apoiar o desenvolvimento de estratégias de marketing para os diferentes produtos e os diferentes tipos de empresa; Pensamento analítico para o apoio no desenvolvimento de estratégias de marketing, visando a identificação de oportunidades de mercado, segmentação de clientes e apoio na criação de planos de ação para a promoção de produtos e serviços; Atitude empreendedora e proativa, estimulando a busca por oportunidades, a iniciativa na criação e no desenvolvimento de projetos e a busca constante por .","Curiosidade - Ser interessado em ideias e ter paixão por aprender, compreensão e exploração intelectual; uma mentalidade curiosa;
Assertividade - Ser capaz de expressar opiniões, necessidades e sentimentos com confiança e exercer influência social;
Cooperação - Viver em harmonia com os outros e valorizar a interconexão entre todas as pessoas;
Autoeficácia - A força das crenças dos indivíduos em sua capacidade de executar tarefas e atingir objetivos.",Marketing Estratégico,C1,3,Introdução ao Marketing,U1,3,Comportamento do Consumidor,Aula 1: Processo de decisão de compra,Identificar dados e informações sobre o mercado e seus segmentos.,"Desenvolver interesse por novas ideias e conceitos.
","Identificar as etapas que compõem o processo de decisão de compra do consumidor, desde o reconhecimento da necessidade até as atividades de pós-compra.",1. Compreensão das etapas que envolvem o processo de decisão de compra do consumidor
,1,T,"Apoiar o desenvolvimento de estratégias de marketing para os diferentes produtos e os diferentes tipos de empresa; Pensamento analítico para o apoio no desenvolvimento de estratégias de marketing, visando a identificação de oportunidades de mercado, segmentação de clientes e apoio na criação de planos de ação para a promoção de produtos e serviços; Atitude empreendedora e proativa, estimulando a busca por oportunidades, a iniciativa na criação e no desenvolvimento de projetos e a busca constante por .","Curiosidade - Ser interessado em ideias e ter paixão por aprender, compreensão e exploração intelectual; uma mentalidade curiosa;
Assertividade - Ser capaz de expressar opiniões, necessidades e sentimentos com confiança e exercer influência social;
Cooperação - Viver em harmonia com os outros e valorizar a interconexão entre todas as pessoas;
Autoeficácia - A força das crenças dos indivíduos em sua capacidade de executar tarefas e atingir objetivos.",Marketing Estratégico,C1,3,Introdução ao Marketing,U1,3,Comportamento do Consumidor,Aula 2: Fatores que influenciam o comportamento do consumidor,Identificar dados e informações sobre o mercado e seus segmentos.,"Desenvolver interesse por novas ideias e conceitos.
","Identificar os fatores que influenciam o comportamento do consumidor, como: culturais, sociais, pessoais e psicológicos. ",2. Fatores que influenciam o comportamento do consumidor
,1,T,"Apoiar o desenvolvimento de estratégias de marketing para os diferentes produtos e os diferentes tipos de empresa; Pensamento analítico para o apoio no desenvolvimento de estratégias de marketing, visando a identificação de oportunidades de mercado, segmentação de clientes e apoio na criação de planos de ação para a promoção de produtos e serviços; Atitude empreendedora e proativa, estimulando a busca por oportunidades, a iniciativa na criação e no desenvolvimento de projetos e a busca constante por .","Curiosidade - Ser interessado em ideias e ter paixão por aprender, compreensão e exploração intelectual; uma mentalidade curiosa;
Assertividade - Ser capaz de expressar opiniões, necessidades e sentimentos com confiança e exercer influência social;
Cooperação - Viver em harmonia com os outros e valorizar a interconexão entre todas as pessoas;
Autoeficácia - A força das crenças dos indivíduos em sua capacidade de executar tarefas e atingir objetivos.",Marketing Estratégico,C1,3,Introdução ao Marketing,U1,3,Comportamento do consumidor,Aula 3: Segmentação de mercado,Identificar dados e informações sobre o mercado e seus segmentos.,"Desenvolver interesse por novas ideias e conceitos.
",Compreender como ocorre a divisão do mercado em segmentos com base nas características e nos comportamentos dos consumidores.,3. Identificação dos métodos de segmentação de mercado e suas estratégias de marketing
X,1,P,"Apoiar o desenvolvimento de estratégias de marketing para os diferentes produtos e os diferentes tipos de empresa; Pensamento analítico para o apoio no desenvolvimento de estratégias de marketing, visando a identificação de oportunidades de mercado, segmentação de clientes e apoio na criação de planos de ação para a promoção de produtos e serviços; Atitude empreendedora e proativa, estimulando a busca por oportunidades, a iniciativa na criação e no desenvolvimento de projetos e a busca constante por .","Curiosidade - Ser interessado em ideias e ter paixão por aprender, compreensão e exploração intelectual; uma mentalidade curiosa;
Assertividade - Ser capaz de expressar opiniões, necessidades e sentimentos com confiança e exercer influência social;
Cooperação - Viver em harmonia com os outros e valorizar a interconexão entre todas as pessoas;
Autoeficácia - A força das crenças dos indivíduos em sua capacidade de executar tarefas e atingir objetivos.",Marketing Estratégico,C1,3,Estratégias e Planejamento de Marketing,U2,4,Estratégias de Marketing Competitivo,Aula 1: Aplicação prática da Matriz PESTEL,"Aplicar as ferramentas PESTEL e SWOT para a análise do ambiente de uma empresa, reconhecendo o impacto do macroambiente e do microambiente nas estratégias de marketing.",Pensar de maneira crítica e inovadora as informações coletadas.,Aplicar a ferramenta PESTEL para análise de macroambiente de uma empresa.,1. Aplicabilidade da Matriz PESTEL
X,1,P,"Apoiar o desenvolvimento de estratégias de marketing para os diferentes produtos e os diferentes tipos de empresa; Pensamento analítico para o apoio no desenvolvimento de estratégias de marketing, visando a identificação de oportunidades de mercado, segmentação de clientes e apoio na criação de planos de ação para a promoção de produtos e serviços; Atitude empreendedora e proativa, estimulando a busca por oportunidades, a iniciativa na criação e no desenvolvimento de projetos e a busca constante por .","Curiosidade - Ser interessado em ideias e ter paixão por aprender, compreensão e exploração intelectual; uma mentalidade curiosa;
Assertividade - Ser capaz de expressar opiniões, necessidades e sentimentos com confiança e exercer influência social;
Cooperação - Viver em harmonia com os outros e valorizar a interconexão entre todas as pessoas;
Autoeficácia - A força das crenças dos indivíduos em sua capacidade de executar tarefas e atingir objetivos.",Marketing Estratégico,C1,3,Estratégias e Planejamento de Marketing,U2,4,Estratégias de Marketing Competitivo,Aula 2: Aplicação prática da Análise SWOT,"Aplicar as ferramentas PESTEL e SWOT para a análise do ambiente de uma empresa, reconhecendo o impacto do macroambiente e do microambiente nas estratégias de marketing.",Pensar de maneira crítica e inovadora as informações coletadas.,Aplicar a ferramenta Análise SWOT para análise de ambiente de uma empresa.,2. Aplicabilidade da Análise SWOT
X,1,P,"Apoiar o desenvolvimento de estratégias de marketing para os diferentes produtos e os diferentes tipos de empresa; Pensamento analítico para o apoio no desenvolvimento de estratégias de marketing, visando a identificação de oportunidades de mercado, segmentação de clientes e apoio na criação de planos de ação para a promoção de produtos e serviços; Atitude empreendedora e proativa, estimulando a busca por oportunidades, a iniciativa na criação e no desenvolvimento de projetos e a busca constante por .","Curiosidade - Ser interessado em ideias e ter paixão por aprender, compreensão e exploração intelectual; uma mentalidade curiosa;
Assertividade - Ser capaz de expressar opiniões, necessidades e sentimentos com confiança e exercer influência social;
Cooperação - Viver em harmonia com os outros e valorizar a interconexão entre todas as pessoas;
Autoeficácia - A força das crenças dos indivíduos em sua capacidade de executar tarefas e atingir objetivos.",Marketing Estratégico,C1,3,Estratégias e Planejamento de Marketing,U2,4,Estratégias de Marketing Competitivo,Aula 3:Análise prática do macroambiente e microambiente,"Aplicar as ferramentas PESTEL e SWOT para a análise do ambiente de uma empresa, reconhecendo o impacto do macroambiente e do microambiente nas estratégias de marketing.",Pensar de maneira crítica e inovadora as informações coletadas.,"Analisar na prática, de forma crítica e a partir das Matrizes PESTEL e SWOT, o impacto do macroambiente e do microambiente nas estratégias de marketing. ",3. Elaboração de documento de análise crítica do macroambiente e do microambiente de uma empresa
,Recomposição da Aprendizagem,,,,,,,,,,,,,,,
,1,T,"Apoiar o desenvolvimento de estratégias de marketing para os diferentes produtos e os diferentes tipos de empresa; Pensamento analítico para o apoio no desenvolvimento de estratégias de marketing, visando a identificação de oportunidades de mercado, segmentação de clientes e apoio na criação de planos de ação para a promoção de produtos e serviços; Atitude empreendedora e proativa, estimulando a busca por oportunidades, a iniciativa na criação e no desenvolvimento de projetos e a busca constante por .","Curiosidade - Ser interessado em ideias e ter paixão por aprender, compreensão e exploração intelectual; uma mentalidade curiosa;
Assertividade - Ser capaz de expressar opiniões, necessidades e sentimentos com confiança e exercer influência social;
Cooperação - Viver em harmonia com os outros e valorizar a interconexão entre todas as pessoas;
Autoeficácia - A força das crenças dos indivíduos em sua capacidade de executar tarefas e atingir objetivos.",Marketing Estratégico,C1,3,Estratégias e Planejamento de Marketing,U2,5,Análise: Posicionamento Estratégico e Vantagem Competitiva,Aula 1: Análise da concorrência,Utilizar ferramentas de análise do mercado.,Persistir diante de desafios e complexidades.,"Identificar os concorrentes diretos e indiretos de uma empresa.
Compreender os métodos de análise dos concorrentes.",1. Identificação dos concorrentes diretos e indiretos de uma empresa
,1,T,"Apoiar o desenvolvimento de estratégias de marketing para os diferentes produtos e os diferentes tipos de empresa; Pensamento analítico para o apoio no desenvolvimento de estratégias de marketing, visando a identificação de oportunidades de mercado, segmentação de clientes e apoio na criação de planos de ação para a promoção de produtos e serviços; Atitude empreendedora e proativa, estimulando a busca por oportunidades, a iniciativa na criação e no desenvolvimento de projetos e a busca constante por .","Curiosidade - Ser interessado em ideias e ter paixão por aprender, compreensão e exploração intelectual; uma mentalidade curiosa;
Assertividade - Ser capaz de expressar opiniões, necessidades e sentimentos com confiança e exercer influência social;
Cooperação - Viver em harmonia com os outros e valorizar a interconexão entre todas as pessoas;
Autoeficácia - A força das crenças dos indivíduos em sua capacidade de executar tarefas e atingir objetivos.",Marketing Estratégico,C1,3,Estratégias e Planejamento de Marketing,U2,5,Análise: Posicionamento Estratégico e Vantagem Competitiva,Aula 2: Estratégias de posicionamento,Utilizar ferramentas de análise do mercado.,Persistir diante de desafios e complexidades.,"Compreender os conceitos de posicionamento de mercado.
Identificar ferramentas e técnicas para auxiliar no posicionamento de mercado.",2. Compreensão das estratégias de posicionamento e direcionamento de mercado 
,1,T,"Apoiar o desenvolvimento de estratégias de marketing para os diferentes produtos e os diferentes tipos de empresa; Pensamento analítico para o apoio no desenvolvimento de estratégias de marketing, visando a identificação de oportunidades de mercado, segmentação de clientes e apoio na criação de planos de ação para a promoção de produtos e serviços; Atitude empreendedora e proativa, estimulando a busca por oportunidades, a iniciativa na criação e no desenvolvimento de projetos e a busca constante por .","Curiosidade - Ser interessado em ideias e ter paixão por aprender, compreensão e exploração intelectual; uma mentalidade curiosa;
Assertividade - Ser capaz de expressar opiniões, necessidades e sentimentos com confiança e exercer influência social;
Cooperação - Viver em harmonia com os outros e valorizar a interconexão entre todas as pessoas;
Autoeficácia - A força das crenças dos indivíduos em sua capacidade de executar tarefas e atingir objetivos.",Marketing Estratégico,C1,3,Estratégias e Planejamento de Marketing,U2,5,Análise: Posicionamento Estratégico e Vantagem Competitiva,Aula 3: Vantagem competitiva,Utilizar ferramentas de análise do mercado.,Persistir diante de desafios e complexidades.,Compreender a aplicação de técnicas e ferramentas de vantagem competitiva no mercado.,3. Técnicas de vantagem competitiva no mercado
,1,T,"Apoiar o desenvolvimento de estratégias de marketing para os diferentes produtos e os diferentes tipos de empresa; Pensamento analítico para o apoio no desenvolvimento de estratégias de marketing, visando a identificação de oportunidades de mercado, segmentação de clientes e apoio na criação de planos de ação para a promoção de produtos e serviços; Atitude empreendedora e proativa, estimulando a busca por oportunidades, a iniciativa na criação e no desenvolvimento de projetos e a busca constante por .","Curiosidade - Ser interessado em ideias e ter paixão por aprender, compreensão e exploração intelectual; uma mentalidade curiosa;
Assertividade - Ser capaz de expressar opiniões, necessidades e sentimentos com confiança e exercer influência social;
Cooperação - Viver em harmonia com os outros e valorizar a interconexão entre todas as pessoas;
Autoeficácia - A força das crenças dos indivíduos em sua capacidade de executar tarefas e atingir objetivos.",Marketing Estratégico,C1,3,Estratégias e Planejamento de Marketing,U2,6,Planejamento de Marketing,Aula 1: Definição e importância do plano de marketing,"Aplicar os conceitos fundamentais de um plano de marketing, destacando sua importância estratégica para a empresa.",Trabalhar de forma colaborativa e harmoniosa com a equipe.,Compreender a importância de um plano de marketing como um guia estratégico para que a empresa consiga alcançar seus objetivos e se destacar no mercado.,1. Plano de marketing: guia estratégico
,1,T,"Apoiar o desenvolvimento de estratégias de marketing para os diferentes produtos e os diferentes tipos de empresa; Pensamento analítico para o apoio no desenvolvimento de estratégias de marketing, visando a identificação de oportunidades de mercado, segmentação de clientes e apoio na criação de planos de ação para a promoção de produtos e serviços; Atitude empreendedora e proativa, estimulando a busca por oportunidades, a iniciativa na criação e no desenvolvimento de projetos e a busca constante por .","Curiosidade - Ser interessado em ideias e ter paixão por aprender, compreensão e exploração intelectual; uma mentalidade curiosa;
Assertividade - Ser capaz de expressar opiniões, necessidades e sentimentos com confiança e exercer influência social;
Cooperação - Viver em harmonia com os outros e valorizar a interconexão entre todas as pessoas;
Autoeficácia - A força das crenças dos indivíduos em sua capacidade de executar tarefas e atingir objetivos.",Marketing Estratégico,C1,3,Estratégias e Planejamento de Marketing,U2,6,Planejamento de Marketing,Aula 2: Elementos de um plano de marketing,"Aplicar os conceitos fundamentais de um plano de marketing, destacando sua importância estratégica para a empresa.",Trabalhar de forma colaborativa e harmoniosa com a equipe.," Compreender os elementos fundamentais de um plano de marketing,  destacando a importância de cada um na formulação e na execução de estratégias de marketing eficazes.",2. Definição dos elementos de um plano de marketing
,1,T,"Apoiar o desenvolvimento de estratégias de marketing para os diferentes produtos e os diferentes tipos de empresa; Pensamento analítico para o apoio no desenvolvimento de estratégias de marketing, visando a identificação de oportunidades de mercado, segmentação de clientes e apoio na criação de planos de ação para a promoção de produtos e serviços; Atitude empreendedora e proativa, estimulando a busca por oportunidades, a iniciativa na criação e no desenvolvimento de projetos e a busca constante por .","Curiosidade - Ser interessado em ideias e ter paixão por aprender, compreensão e exploração intelectual; uma mentalidade curiosa;
Assertividade - Ser capaz de expressar opiniões, necessidades e sentimentos com confiança e exercer influência social;
Cooperação - Viver em harmonia com os outros e valorizar a interconexão entre todas as pessoas;
Autoeficácia - A força das crenças dos indivíduos em sua capacidade de executar tarefas e atingir objetivos.",Marketing Estratégico,C1,3,Estratégias e Planejamento de Marketing,U2,6,Planejamento de Marketing,Aula 3: Processo de desenvolvimento do plano de marketing,"Aplicar os conceitos fundamentais de um plano de marketing, destacando sua importância estratégica para a empresa.",Trabalhar de forma colaborativa e harmoniosa com a equipe.,Compreender as etapas da criação de um plano de marketing eficaz e alinhado aos objetivos de uma empresa.,3. Escopo de um plano de marketing
,Recomposição da Aprendizagem,,,,,,,,,,,,,,,
,1,T,"Apoiar o desenvolvimento de estratégias de marketing para os diferentes produtos e os diferentes tipos de empresa; Pensamento analítico para o apoio no desenvolvimento de estratégias de marketing, visando a identificação de oportunidades de mercado, segmentação de clientes e apoio na criação de planos de ação para a promoção de produtos e serviços; Atitude empreendedora e proativa, estimulando a busca por oportunidades, a iniciativa na criação e no desenvolvimento de projetos e a busca constante por .","Curiosidade - Ser interessado em ideias e ter paixão por aprender, compreensão e exploração intelectual; uma mentalidade curiosa;
Assertividade - Ser capaz de expressar opiniões, necessidades e sentimentos com confiança e exercer influência social;
Cooperação - Viver em harmonia com os outros e valorizar a interconexão entre todas as pessoas;
Autoeficácia - A força das crenças dos indivíduos em sua capacidade de executar tarefas e atingir objetivos.",Marketing Estratégico,C1,3,Estratégias e Planejamento de Marketing,U2,7,Gestão de Produto e Marca,Aula 1: Ciclo de vida do produto,Identificar os elementos-chave e as estratégias para a construção de uma marca forte. ,"Avaliar informações, tomar decisões informadas e justificar suas escolhas de forma lógica e ponderada.","Compreender as diferentes fases do ciclo de vida de um produto e sua aplicação prática no contexto empresarial.

",1. Identificação das fases do ciclo de vida de um produto
,1,T,"Apoiar o desenvolvimento de estratégias de marketing para os diferentes produtos e os diferentes tipos de empresa; Pensamento analítico para o apoio no desenvolvimento de estratégias de marketing, visando a identificação de oportunidades de mercado, segmentação de clientes e apoio na criação de planos de ação para a promoção de produtos e serviços; Atitude empreendedora e proativa, estimulando a busca por oportunidades, a iniciativa na criação e no desenvolvimento de projetos e a busca constante por .","Curiosidade - Ser interessado em ideias e ter paixão por aprender, compreensão e exploração intelectual; uma mentalidade curiosa;
Assertividade - Ser capaz de expressar opiniões, necessidades e sentimentos com confiança e exercer influência social;
Cooperação - Viver em harmonia com os outros e valorizar a interconexão entre todas as pessoas;
Autoeficácia - A força das crenças dos indivíduos em sua capacidade de executar tarefas e atingir objetivos.",Marketing Estratégico,C1,3,Estratégias e Planejamento de Marketing,U2,7,Gestão de Produto e Marca,Aula 2: Desenvolvimento de novos produtos,Identificar os elementos-chave e as estratégias para a construção de uma marca forte. ,"Avaliar informações, tomar decisões informadas e justificar suas escolhas de forma lógica e ponderada.",Compreender os processos de  e lançamento de novos produtos.,2. Processo de  de produtos
,1,T,"Apoiar o desenvolvimento de estratégias de marketing para os diferentes produtos e os diferentes tipos de empresa; Pensamento analítico para o apoio no desenvolvimento de estratégias de marketing, visando a identificação de oportunidades de mercado, segmentação de clientes e apoio na criação de planos de ação para a promoção de produtos e serviços; Atitude empreendedora e proativa, estimulando a busca por oportunidades, a iniciativa na criação e no desenvolvimento de projetos e a busca constante por .","Curiosidade - Ser interessado em ideias e ter paixão por aprender, compreensão e exploração intelectual; uma mentalidade curiosa;
Assertividade - Ser capaz de expressar opiniões, necessidades e sentimentos com confiança e exercer influência social;
Cooperação - Viver em harmonia com os outros e valorizar a interconexão entre todas as pessoas;
Autoeficácia - A força das crenças dos indivíduos em sua capacidade de executar tarefas e atingir objetivos.",Marketing Estratégico,C1,3,Estratégias e Planejamento de Marketing,U2,7,Gestão de Produto e Marca,Aula 3: Gestão de marca,Identificar os elementos-chave e os estratégias para a construção de uma marca forte.,"Avaliar informações, tomar decisões informadas e justificar suas escolhas de forma lógica e ponderada.",Identificar elementos principais que auxiliam na construção de uma marca forte de um produto.,3. Análise crítica de uma marca forte
,2,T,"Apoiar o desenvolvimento de estratégias de marketing para os diferentes produtos e os diferentes tipos de empresa; Pensamento analítico para o apoio no desenvolvimento de estratégias de marketing, visando a identificação de oportunidades de mercado, segmentação de clientes e apoio na criação de planos de ação para a promoção de produtos e serviços; Atitude empreendedora e proativa, estimulando a busca por oportunidades, a iniciativa na criação e no desenvolvimento de projetos e a busca constante por .","Curiosidade - Ser interessado em ideias e ter paixão por aprender, compreensão e exploração intelectual; uma mentalidade curiosa;
Assertividade - Ser capaz de expressar opiniões, necessidades e sentimentos com confiança e exercer influência social;
Cooperação - Viver em harmonia com os outros e valorizar a interconexão entre todas as pessoas;
Autoeficácia - A força das crenças dos indivíduos em sua capacidade de executar tarefas e atingir objetivos.",Marketing Estratégico,C1,3,Estratégias e Planejamento de Marketing,U2,8,Comunicação e Promoção,Aula 1: Mix de comunicação e marketing,"Utilizar as principais ferramentas de comunicação de marketing, reconhecendo estratégias integradas de comunicação nas mídias tradicionais e digitais.",Analisar situações complexas.,Identificar as principais ferramentas de comunicação de marketing como componentes essenciais do mix de comunicação de marketing.,1. Ferramentas de comunicação de marketing
,2,T,"Apoiar o desenvolvimento de estratégias de marketing para os diferentes produtos e os diferentes tipos de empresa; Pensamento analítico para o apoio no desenvolvimento de estratégias de marketing, visando a identificação de oportunidades de mercado, segmentação de clientes e apoio na criação de planos de ação para a promoção de produtos e serviços; Atitude empreendedora e proativa, estimulando a busca por oportunidades, a iniciativa na criação e no desenvolvimento de projetos e a busca constante por .","Curiosidade - Ser interessado em ideias e ter paixão por aprender, compreensão e exploração intelectual; uma mentalidade curiosa;
Assertividade - Ser capaz de expressar opiniões, necessidades e sentimentos com confiança e exercer influência social;
Cooperação - Viver em harmonia com os outros e valorizar a interconexão entre todas as pessoas;
Autoeficácia - A força das crenças dos indivíduos em sua capacidade de executar tarefas e atingir objetivos.",Marketing Estratégico,C1,3,Estratégias e Planejamento de Marketing,U2,8,Comunicação e Promoção,Aula 2: Planejamento de campanhas promocionais,"Utilizar as principais ferramentas de comunicação de marketing, reconhecendo estratégias integradas de comunicação nas mídias tradicionais e digitais.",Analisar situações complexas.,Relacionar o funcionamento de um planejamento e desenvolvimento de uma campanha de marketing com estratégias eficazes.,2. Análise de uma campanha de marketing
,2,T,"Apoiar o desenvolvimento de estratégias de marketing para os diferentes produtos e os diferentes tipos de empresa; Pensamento analítico para o apoio no desenvolvimento de estratégias de marketing, visando a identificação de oportunidades de mercado, segmentação de clientes e apoio na criação de planos de ação para a promoção de produtos e serviços; Atitude empreendedora e proativa, estimulando a busca por oportunidades, a iniciativa na criação e no desenvolvimento de projetos e a busca constante por .","Curiosidade - Ser interessado em ideias e ter paixão por aprender, compreensão e exploração intelectual; uma mentalidade curiosa;
Assertividade - Ser capaz de expressar opiniões, necessidades e sentimentos com confiança e exercer influência social;
Cooperação - Viver em harmonia com os outros e valorizar a interconexão entre todas as pessoas;
Autoeficácia - A força das crenças dos indivíduos em sua capacidade de executar tarefas e atingir objetivos.",Marketing Estratégico,C1,3,Estratégias e Planejamento de Marketing,U2,8,Comunicação e Promoção,Aula 3: Mídias e ferramentas de comunicação,"Utilizar as principais ferramentas de comunicação de marketing, reconhecendo estratégias integradas de comunicação nas mídias tradicionais e digitais.",Analisar situações complexas.,Identificar como as mídias tradicionais e digitais podem ser utilizadas para engajar o público-alvo das campanhas de marketing.,3. Integração de mídias tradicionais e digitais em campanhas de marketing
,2,p,"Apoiar o desenvolvimento de estratégias de marketing para os diferentes produtos e os diferentes tipos de empresa; Pensamento analítico para o apoio no desenvolvimento de estratégias de marketing, visando a identificação de oportunidades de mercado, segmentação de clientes e apoio na criação de planos de ação para a promoção de produtos e serviços; Atitude empreendedora e proativa, estimulando a busca por oportunidades, a iniciativa na criação e no desenvolvimento de projetos e a busca constante por .","Curiosidade - Ser interessado em ideias e ter paixão por aprender, compreensão e exploração intelectual; uma mentalidade curiosa;
Assertividade - Ser capaz de expressar opiniões, necessidades e sentimentos com confiança e exercer influência social;
Cooperação - Viver em harmonia com os outros e valorizar a interconexão entre todas as pessoas;
Autoeficácia - A força das crenças dos indivíduos em sua capacidade de executar tarefas e atingir objetivos.",Marketing Estratégico,C1,3,Estratégias e Planejamento de Marketing,U2,9,Projeto: Planejamento do Plano de Marketing,Aula 1: Escolhendo setor de atuação na prática,Aplicar os conceitos fundamentais na elaboração de um plano de marketing.,"Trabalhar de maneira colaborativa, estratégica e assertiva no desenvolvimento de um plano de marketing.",Debater e escolher o setor de atuação alinhado ao plano de marketing que será desenvolvido durante o ano nas aulas práticas como um projeto contínuo.,1. Escolha do setor de atuação
,2,p,"Apoiar o desenvolvimento de estratégias de marketing para os diferentes produtos e os diferentes tipos de empresa; Pensamento analítico para o apoio no desenvolvimento de estratégias de marketing, visando a identificação de oportunidades de mercado, segmentação de clientes e apoio na criação de planos de ação para a promoção de produtos e serviços; Atitude empreendedora e proativa, estimulando a busca por oportunidades, a iniciativa na criação e no desenvolvimento de projetos e a busca constante por .","Curiosidade - Ser interessado em ideias e ter paixão por aprender, compreensão e exploração intelectual; uma mentalidade curiosa;
Assertividade - Ser capaz de expressar opiniões, necessidades e sentimentos com confiança e exercer influência social;
Cooperação - Viver em harmonia com os outros e valorizar a interconexão entre todas as pessoas;
Autoeficácia - A força das crenças dos indivíduos em sua capacidade de executar tarefas e atingir objetivos.",Marketing Estratégico,C1,3,Estratégias e Planejamento de Marketing,U2,9,Projeto: Planejamento do Plano de Marketing,Aula 2: Objetivos de marketing na prática,Aplicar os conceitos fundamentais na elaboração de um plano de marketing.,"Trabalhar de maneira colaborativa, estratégica e assertiva no desenvolvimento de um plano de marketing.",Elaborar os objetivos de marketing do plano de marketing de acordo com o setor de atuação escolhido.,2. Definição dos objetivos de marketing
,2,p,"Apoiar o desenvolvimento de estratégias de marketing para os diferentes produtos e os diferentes tipos de empresa; Pensamento analítico para o apoio no desenvolvimento de estratégias de marketing, visando a identificação de oportunidades de mercado, segmentação de clientes e apoio na criação de planos de ação para a promoção de produtos e serviços; Atitude empreendedora e proativa, estimulando a busca por oportunidades, a iniciativa na criação e no desenvolvimento de projetos e a busca constante por .","Curiosidade - Ser interessado em ideias e ter paixão por aprender, compreensão e exploração intelectual; uma mentalidade curiosa;
Assertividade - Ser capaz de expressar opiniões, necessidades e sentimentos com confiança e exercer influência social;
Cooperação - Viver em harmonia com os outros e valorizar a interconexão entre todas as pessoas;
Autoeficácia - A força das crenças dos indivíduos em sua capacidade de executar tarefas e atingir objetivos.",Marketing Estratégico,C1,3,Estratégias e Planejamento de Marketing,U2,9,Projeto: Planejamento do Plano de Marketing,Aula 3: Construção do relatório na prática (parte 1),Aplicar os conceitos fundamentais na elaboração de um plano de marketing.,"Trabalhar de maneira colaborativa, estratégica e assertiva no desenvolvimento de um plano de marketing.","Elaborar o relatório do plano de marketing, contendo o setor de atuação e os objetivos de marketing escolhidos pela equipe de trabalho na etapa inicial do planejamento do projeto em desenvolvimento.",3. Relatório do projeto: plano de marketing
,Recomposição da Aprendizagem,,,,,,,,,,,,,,,
,2,T,"Apoiar o desenvolvimento de estratégias de marketing para os diferentes produtos e os diferentes tipos de empresa; Pensamento analítico para o apoio no desenvolvimento de estratégias de marketing, visando a identificação de oportunidades de mercado, segmentação de clientes e apoio na criação de planos de ação para a promoção de produtos e serviços; Atitude empreendedora e proativa, estimulando a busca por oportunidades, a iniciativa na criação e no desenvolvimento de projetos e a busca constante por .","Curiosidade - Ser interessado em ideias e ter paixão por aprender, compreensão e exploração intelectual; uma mentalidade curiosa;
Assertividade - Ser capaz de expressar opiniões, necessidades e sentimentos com confiança e exercer influência social;
Cooperação - Viver em harmonia com os outros e valorizar a interconexão entre todas as pessoas;
Autoeficácia - A força das crenças dos indivíduos em sua capacidade de executar tarefas e atingir objetivos.",Marketing Estratégico,C1,3,Pesquisa de Mercado e Segmentação,U3,10,Introdução à Pesquisa de Mercado,Aula 1: Importância da pesquisa de mercado,"Conhecer as etapas do desenvolvimento de uma pesquisa de mercado, reconhecendo sua importância para melhorar as estratégias de marketing.",Colaborar e comunicar-se efetivamente com colegas para alcançar objetivos comuns.,"Identificar a importância da pesquisa de mercado e das ferramentas e técnicas para auxiliar nas tomadas de decisão, buscando a melhoria das estratégias de marketing e o sucesso da empresa.",1. Importância da pesquisa de mercado no processo de tomada de decisão
,2,T,"Apoiar o desenvolvimento de estratégias de marketing para os diferentes produtos e os diferentes tipos de empresa; Pensamento analítico para o apoio no desenvolvimento de estratégias de marketing, visando a identificação de oportunidades de mercado, segmentação de clientes e apoio na criação de planos de ação para a promoção de produtos e serviços; Atitude empreendedora e proativa, estimulando a busca por oportunidades, a iniciativa na criação e no desenvolvimento de projetos e a busca constante por .","Curiosidade - Ser interessado em ideias e ter paixão por aprender, compreensão e exploração intelectual; uma mentalidade curiosa;
Assertividade - Ser capaz de expressar opiniões, necessidades e sentimentos com confiança e exercer influência social;
Cooperação - Viver em harmonia com os outros e valorizar a interconexão entre todas as pessoas;
Autoeficácia - A força das crenças dos indivíduos em sua capacidade de executar tarefas e atingir objetivos.",Marketing Estratégico,C1,3,Pesquisa de Mercado e Segmentação,U3,10,Introdução à Pesquisa de Mercado,Aula 2: Tipos de pesquisa de mercado,"Conhecer as etapas do desenvolvimento de uma pesquisa de mercado, reconhecendo sua importância para melhorar as estratégias de marketing.",Colaborar e comunicar-se efetivamente com colegas para alcançar objetivos comuns.,Compreender as características da pesquisa qualitativa e quantitativa como métodos essenciais na realização de uma pesquisa de mercado eficaz.,2. Características da pesquisa de mercado qualitativa e quantitativa 
,2,T,"Apoiar o desenvolvimento de estratégias de marketing para os diferentes produtos e os diferentes tipos de empresa; Pensamento analítico para o apoio no desenvolvimento de estratégias de marketing, visando a identificação de oportunidades de mercado, segmentação de clientes e apoio na criação de planos de ação para a promoção de produtos e serviços; Atitude empreendedora e proativa, estimulando a busca por oportunidades, a iniciativa na criação e no desenvolvimento de projetos e a busca constante por .","Curiosidade - Ser interessado em ideias e ter paixão por aprender, compreensão e exploração intelectual; uma mentalidade curiosa;
Assertividade - Ser capaz de expressar opiniões, necessidades e sentimentos com confiança e exercer influência social;
Cooperação - Viver em harmonia com os outros e valorizar a interconexão entre todas as pessoas;
Autoeficácia - A força das crenças dos indivíduos em sua capacidade de executar tarefas e atingir objetivos.",Marketing Estratégico,C1,3,Pesquisa de Mercado e Segmentação,U3,10,Introdução à Pesquisa de Mercado,Aula 3: Processo de pesquisa de mercado,"Conhecer as etapas do desenvolvimento de uma pesquisa de mercado, reconhecendo sua importância para melhorar as estratégias de marketing.",Colaborar e comunicar-se efetivamente com colegas para alcançar objetivos comuns.,"Identificar e demonstrar as etapas do desenvolvimento de uma pesquisa de mercado, desde a definição do problema de pesquisa até a apresentação dos resultados para a empresa.",3. Etapas de uma pesquisa de mercado
X,2,T,"Apoiar o desenvolvimento de estratégias de marketing para os diferentes produtos e os diferentes tipos de empresa; Pensamento analítico para o apoio no desenvolvimento de estratégias de marketing, visando a identificação de oportunidades de mercado, segmentação de clientes e apoio na criação de planos de ação para a promoção de produtos e serviços; Atitude empreendedora e proativa, estimulando a busca por oportunidades, a iniciativa na criação e no desenvolvimento de projetos e a busca constante por .","Curiosidade - Ser interessado em ideias e ter paixão por aprender, compreensão e exploração intelectual; uma mentalidade curiosa;
Assertividade - Ser capaz de expressar opiniões, necessidades e sentimentos com confiança e exercer influência social;
Cooperação - Viver em harmonia com os outros e valorizar a interconexão entre todas as pessoas;
Autoeficácia - A força das crenças dos indivíduos em sua capacidade de executar tarefas e atingir objetivos.",Marketing Estratégico,C1,3,Pesquisa de Mercado e Segmentação,U3,11,Métodos de Coleta de Dados,Aula 1: Pesquisa de campo,"Identificar métodos tradicionais e on-line para coletar dados, reconhecendo a importância dos grupos de consumidores para obter informações úteis para a administração.",Pensar de maneira crítica as informações coletadas e justificar suas escolhas de forma lógica.,"Compreender as técnicas de coleta de dados – entrevistas, questionários e observações diretas – para auxiliar no desenvolvimento de uma pesquisa de campo.",1. Técnicas de pesquisa de campo como método de coleta de dados
X,2,T,"Apoiar o desenvolvimento de estratégias de marketing para os diferentes produtos e os diferentes tipos de empresa; Pensamento analítico para o apoio no desenvolvimento de estratégias de marketing, visando a identificação de oportunidades de mercado, segmentação de clientes e apoio na criação de planos de ação para a promoção de produtos e serviços; Atitude empreendedora e proativa, estimulando a busca por oportunidades, a iniciativa na criação e no desenvolvimento de projetos e a busca constante por .","Curiosidade - Ser interessado em ideias e ter paixão por aprender, compreensão e exploração intelectual; uma mentalidade curiosa;
Assertividade - Ser capaz de expressar opiniões, necessidades e sentimentos com confiança e exercer influência social;
Cooperação - Viver em harmonia com os outros e valorizar a interconexão entre todas as pessoas;
Autoeficácia - A força das crenças dos indivíduos em sua capacidade de executar tarefas e atingir objetivos.",Marketing Estratégico,C1,3,Pesquisa de Mercado e Segmentação,U3,11,Métodos de Coleta de Dados,Aula 2: Pesquisa on-line,"Identificar métodos tradicionais e on-line para coletar dados, reconhecendo a importância dos grupos de consumidores para obter informações úteis para a administração.",Pensar de maneira crítica as informações coletadas e justificar suas escolhas de forma lógica.,Identificar o uso de ferramentas e técnicas para a coleta de dados on-line como forma de auxiliar no desenvolvimento de uma pesquisa de campo.,2. Identificação de ferramentas e técnicas para coleta de dados on-line
X,2,T,"Apoiar o desenvolvimento de estratégias de marketing para os diferentes produtos e os diferentes tipos de empresa; Pensamento analítico para o apoio no desenvolvimento de estratégias de marketing, visando a identificação de oportunidades de mercado, segmentação de clientes e apoio na criação de planos de ação para a promoção de produtos e serviços; Atitude empreendedora e proativa, estimulando a busca por oportunidades, a iniciativa na criação e no desenvolvimento de projetos e a busca constante por .","Curiosidade - Ser interessado em ideias e ter paixão por aprender, compreensão e exploração intelectual; uma mentalidade curiosa;
Assertividade - Ser capaz de expressar opiniões, necessidades e sentimentos com confiança e exercer influência social;
Cooperação - Viver em harmonia com os outros e valorizar a interconexão entre todas as pessoas;
Autoeficácia - A força das crenças dos indivíduos em sua capacidade de executar tarefas e atingir objetivos.",Marketing Estratégico,C1,3,Pesquisa de Mercado e Segmentação,U3,11,Métodos de Coleta de Dados,Aula 3: Painéis de consumidores e Focus Groups,"Identificar métodos tradicionais e on-line para coletar dados, reconhecendo a importância dos grupos de consumidores para obter informações úteis para a administração.",Pensar de maneira crítica as informações coletadas e justificar suas escolhas de forma lógica.,"Compreender a utilização de grupos de consumidores para obter insights detalhados, com o propósito de identificar comportamento e as preferências de mercado.",3. Focus Groups como método de coleta de dados
,Recomposição da Aprendizagem,,,,,,,,,,,,,,,
,2,T,"Apoiar o desenvolvimento de estratégias de marketing para os diferentes produtos e os diferentes tipos de empresa; Pensamento analítico para o apoio no desenvolvimento de estratégias de marketing, visando a identificação de oportunidades de mercado, segmentação de clientes e apoio na criação de planos de ação para a promoção de produtos e serviços; Atitude empreendedora e proativa, estimulando a busca por oportunidades, a iniciativa na criação e no desenvolvimento de projetos e a busca constante por .","Curiosidade - Ser interessado em ideias e ter paixão por aprender, compreensão e exploração intelectual; uma mentalidade curiosa;
Assertividade - Ser capaz de expressar opiniões, necessidades e sentimentos com confiança e exercer influência social;
Cooperação - Viver em harmonia com os outros e valorizar a interconexão entre todas as pessoas;
Autoeficácia - A força das crenças dos indivíduos em sua capacidade de executar tarefas e atingir objetivos.",Marketing Estratégico,C1,3,Pesquisa de Mercado e Segmentação,U3,12,Segmentação de Mercado,Aula 1: Critérios de segmentação,"Identificar segmentos-alvo promissores, apoiando o desenvolvimento de ações de marketing eficazes.",Pensar de maneira crítica e inovadora as informações coletadas.,Identificar os critérios de segmentação de mercado na descrição de diferentes segmentos de consumidores de forma estratégica.,1. Critérios de segmentação de mercado na identificação de diferentes consumidores
,2,T,"Apoiar o desenvolvimento de estratégias de marketing para os diferentes produtos e os diferentes tipos de empresa; Pensamento analítico para o apoio no desenvolvimento de estratégias de marketing, visando a identificação de oportunidades de mercado, segmentação de clientes e apoio na criação de planos de ação para a promoção de produtos e serviços; Atitude empreendedora e proativa, estimulando a busca por oportunidades, a iniciativa na criação e no desenvolvimento de projetos e a busca constante por .","Curiosidade - Ser interessado em ideias e ter paixão por aprender, compreensão e exploração intelectual; uma mentalidade curiosa;
Assertividade - Ser capaz de expressar opiniões, necessidades e sentimentos com confiança e exercer influência social;
Cooperação - Viver em harmonia com os outros e valorizar a interconexão entre todas as pessoas;
Autoeficácia - A força das crenças dos indivíduos em sua capacidade de executar tarefas e atingir objetivos.",Marketing Estratégico,C1,3,Pesquisa de Mercado e Segmentação,U3,12,Segmentação de Mercado,Aula 2: Escolha de segmentos de mercado,"Identificar segmentos-alvo promissores, apoiando o desenvolvimento de ações de marketing eficazes.",Pensar de maneira crítica e inovadora as informações coletadas.,"Compreender como selecionar os segmentos-alvo na segmentação de mercado, para apoiar na escolha dos segmentos promissores no mercado.",2. Seleção de segmentos-alvo de mercado
,2,T,"Apoiar o desenvolvimento de estratégias de marketing para os diferentes produtos e os diferentes tipos de empresa; Pensamento analítico para o apoio no desenvolvimento de estratégias de marketing, visando a identificação de oportunidades de mercado, segmentação de clientes e apoio na criação de planos de ação para a promoção de produtos e serviços; Atitude empreendedora e proativa, estimulando a busca por oportunidades, a iniciativa na criação e no desenvolvimento de projetos e a busca constante por .","Curiosidade - Ser interessado em ideias e ter paixão por aprender, compreensão e exploração intelectual; uma mentalidade curiosa;
Assertividade - Ser capaz de expressar opiniões, necessidades e sentimentos com confiança e exercer influência social;
Cooperação - Viver em harmonia com os outros e valorizar a interconexão entre todas as pessoas;
Autoeficácia - A força das crenças dos indivíduos em sua capacidade de executar tarefas e atingir objetivos.",Marketing Estratégico,C1,3,Pesquisa de Mercado e Segmentação,U3,12,Segmentação de Mercado,Aula 3: Estratégias de segmentação,"Identificar segmentos-alvo promissores, apoiando o desenvolvimento de ações de marketing eficazes.",Pensar de maneira crítica e inovadora as informações coletadas.,Compreender como as estratégias de segmentação de mercado podem auxiliar no desenvolvimento de ações de marketing.,3. Aplicação das estratégias de segmentação de mercado
,2,p,"Apoiar o desenvolvimento de estratégias de marketing para os diferentes produtos e os diferentes tipos de empresa; Pensamento analítico para o apoio no desenvolvimento de estratégias de marketing, visando a identificação de oportunidades de mercado, segmentação de clientes e apoio na criação de planos de ação para a promoção de produtos e serviços; Atitude empreendedora e proativa, estimulando a busca por oportunidades, a iniciativa na criação e no desenvolvimento de projetos e a busca constante por .","Curiosidade - Ser interessado em ideias e ter paixão por aprender, compreensão e exploração intelectual; uma mentalidade curiosa;
Assertividade - Ser capaz de expressar opiniões, necessidades e sentimentos com confiança e exercer influência social;
Cooperação - Viver em harmonia com os outros e valorizar a interconexão entre todas as pessoas;
Autoeficácia - A força das crenças dos indivíduos em sua capacidade de executar tarefas e atingir objetivos.",Marketing Estratégico,C1,3,Pesquisa de Mercado e Segmentação,U3,13,Projeto: Planejamento do Plano de Marketing,Aula 1: Análise de mercado e concorrência na prática,"Analisar mercado e concorrentes utilizando a Matriz SWOT, segmentação do público-alvo e identificação de personas.",Pensar de maneira crítica e inovadora as informações coletadas.,Analisar o mercado e os concorrentes por meio da Matriz SWOT com base no setor escolhido para desenvolvimento do plano de marketing.,1. Análise de mercado e de concorrentes 
,2,p,"Apoiar o desenvolvimento de estratégias de marketing para os diferentes produtos e os diferentes tipos de empresa; Pensamento analítico para o apoio no desenvolvimento de estratégias de marketing, visando a identificação de oportunidades de mercado, segmentação de clientes e apoio na criação de planos de ação para a promoção de produtos e serviços; Atitude empreendedora e proativa, estimulando a busca por oportunidades, a iniciativa na criação e no desenvolvimento de projetos e a busca constante por .","Curiosidade - Ser interessado em ideias e ter paixão por aprender, compreensão e exploração intelectual; uma mentalidade curiosa;
Assertividade - Ser capaz de expressar opiniões, necessidades e sentimentos com confiança e exercer influência social;
Cooperação - Viver em harmonia com os outros e valorizar a interconexão entre todas as pessoas;
Autoeficácia - A força das crenças dos indivíduos em sua capacidade de executar tarefas e atingir objetivos.",Marketing Estratégico,C1,3,Pesquisa de Mercado e Segmentação,U3,13,Projeto: Planejamento do Plano de Marketing,Aula 2: Definição do público-alvo – segmentação na prática,"Analisar mercado e concorrentes utilizando a Matriz SWOT, segmentação do público-alvo e identificação de personas.",Pensar de maneira crítica e inovadora as informações coletadas.,Relacionar e definir a segmentação do público-alvo a partir de seus componentes para desenvolvimento do plano de marketing.,2. Definição da segmentação do público-alvo do plano de marketing
,2,p,"Apoiar o desenvolvimento de estratégias de marketing para os diferentes produtos e os diferentes tipos de empresa; Pensamento analítico para o apoio no desenvolvimento de estratégias de marketing, visando a identificação de oportunidades de mercado, segmentação de clientes e apoio na criação de planos de ação para a promoção de produtos e serviços; Atitude empreendedora e proativa, estimulando a busca por oportunidades, a iniciativa na criação e no desenvolvimento de projetos e a busca constante por .","Curiosidade - Ser interessado em ideias e ter paixão por aprender, compreensão e exploração intelectual; uma mentalidade curiosa;
Assertividade - Ser capaz de expressar opiniões, necessidades e sentimentos com confiança e exercer influência social;
Cooperação - Viver em harmonia com os outros e valorizar a interconexão entre todas as pessoas;
Autoeficácia - A força das crenças dos indivíduos em sua capacidade de executar tarefas e atingir objetivos.",Marketing Estratégico,C1,3,Pesquisa de Mercado e Segmentação,U3,13,Projeto: Planejamento do Plano de Marketing,Aula 3: Definição do público-alvo – criação de personas na prática,"Analisar mercado e concorrentes utilizando a Matriz SWOT, segmentação do público-alvo e identificação de personas.",Pensar de maneira crítica e inovadora as informações coletadas.,Identificar as personas que fazem parte do plano de marketing a partir da análise do mercado e do público-alvo.,3. Identificar as personas (cliente ideal) do plano de marketing
,Recomposição da Aprendizagem,,,,,,,,,,,,,,,
,2,p,"Apoiar o desenvolvimento de estratégias de marketing para os diferentes produtos e os diferentes tipos de empresa; Pensamento analítico para o apoio no desenvolvimento de estratégias de marketing, visando a identificação de oportunidades de mercado, segmentação de clientes e apoio na criação de planos de ação para a promoção de produtos e serviços; Atitude empreendedora e proativa, estimulando a busca por oportunidades, a iniciativa na criação e no desenvolvimento de projetos e a busca constante por .","Curiosidade - Ser interessado em ideias e ter paixão por aprender, compreensão e exploração intelectual; uma mentalidade curiosa;
Assertividade - Ser capaz de expressar opiniões, necessidades e sentimentos com confiança e exercer influência social;
Cooperação - Viver em harmonia com os outros e valorizar a interconexão entre todas as pessoas;
Autoeficácia - A força das crenças dos indivíduos em sua capacidade de executar tarefas e atingir objetivos.",Marketing Estratégico,C1,3,Pesquisa de Mercado e Segmentação,U3,14,Projeto: Planejamento do Plano de Marketing,Aula 1: Estratégias de marketing na prática,"Definir a proposta de valor para o plano de marketing, documentando as informações sobre a análise do posicionamento, os Ps e os canais de divulgação.",Persistir diante de desafios e complexidades.,Analisar o posicionamento por meio do mapa de posicionamento e definir a proposta de valor para o plano de marketing.,1. Análise de posicionamento
,2,p,"Apoiar o desenvolvimento de estratégias de marketing para os diferentes produtos e os diferentes tipos de empresa; Pensamento analítico para o apoio no desenvolvimento de estratégias de marketing, visando a identificação de oportunidades de mercado, segmentação de clientes e apoio na criação de planos de ação para a promoção de produtos e serviços; Atitude empreendedora e proativa, estimulando a busca por oportunidades, a iniciativa na criação e no desenvolvimento de projetos e a busca constante por .","Curiosidade - Ser interessado em ideias e ter paixão por aprender, compreensão e exploração intelectual; uma mentalidade curiosa;
Assertividade - Ser capaz de expressar opiniões, necessidades e sentimentos com confiança e exercer influência social;
Cooperação - Viver em harmonia com os outros e valorizar a interconexão entre todas as pessoas;
Autoeficácia - A força das crenças dos indivíduos em sua capacidade de executar tarefas e atingir objetivos.",Marketing Estratégico,C1,3,Pesquisa de Mercado e Segmentação,U3,14,Projeto: Planejamento do Plano de Marketing,Aula 2:  Definição dos Ps do marketing na prática,"Definir a proposta de valor para o plano de marketing, documentando as informações sobre a análise do posicionamento, os Ps e os canais de divulgação.",Persistir diante de desafios e complexidades.,Definir os Ps e os canais do plano de marketing em desenvolvimento. ,2. Definição dos Ps e canais do plano de marketing
,2,P,"Apoiar o desenvolvimento de estratégias de marketing para os diferentes produtos e os diferentes tipos de empresa; Pensamento analítico para o apoio no desenvolvimento de estratégias de marketing, visando a identificação de oportunidades de mercado, segmentação de clientes e apoio na criação de planos de ação para a promoção de produtos e serviços; Atitude empreendedora e proativa, estimulando a busca por oportunidades, a iniciativa na criação e no desenvolvimento de projetos e a busca constante por .","Curiosidade - Ser interessado em ideias e ter paixão por aprender, compreensão e exploração intelectual; uma mentalidade curiosa;
Assertividade - Ser capaz de expressar opiniões, necessidades e sentimentos com confiança e exercer influência social;
Cooperação - Viver em harmonia com os outros e valorizar a interconexão entre todas as pessoas;
Autoeficácia - A força das crenças dos indivíduos em sua capacidade de executar tarefas e atingir objetivos.",Marketing Estratégico,C1,3,Pesquisa de Mercado e Segmentação,U3,14,Projeto: Planejamento do Plano de Marketing,Aula 3: Construção do relatório na prática (parte 2),"Definir a proposta de valor para o plano de marketing, documentando as informações sobre a análise do posicionamento, os Ps e os canais de divulgação.",Persistir diante de desafios e complexidades.,"Registrar e organizar, no relatório do plano de marketing, as informações sobre a análise do posicionamento, os Ps e os canais de divulgação.",3. Relatório do Projeto: plano de marketing
,3,T,"Apoiar o desenvolvimento de estratégias de marketing para os diferentes produtos e os diferentes tipos de empresa; Pensamento analítico para o apoio no desenvolvimento de estratégias de marketing, visando a identificação de oportunidades de mercado, segmentação de clientes e apoio na criação de planos de ação para a promoção de produtos e serviços; Atitude empreendedora e proativa, estimulando a busca por oportunidades, a iniciativa na criação e no desenvolvimento de projetos e a busca constante por .","Curiosidade - Ser interessado em ideias e ter paixão por aprender, compreensão e exploração intelectual; uma mentalidade curiosa;
Assertividade - Ser capaz de expressar opiniões, necessidades e sentimentos com confiança e exercer influência social;
Cooperação - Viver em harmonia com os outros e valorizar a interconexão entre todas as pessoas;
Autoeficácia - A força das crenças dos indivíduos em sua capacidade de executar tarefas e atingir objetivos.",Marketing Estratégico,C1,3,Marketing Digital,U4,15,Fundamentos do Marketing Digital,Aula 1: Conceitos básicos de marketing digital,Reconhecer princípios fundamentais de marketing digital em diversos cenários.,"
Trabalhar em equipe de forma colaborativa e flexível.",Compreender os conceitos básicos e a importância do marketing digital. ,1. Conceito e importância do marketing digital
,3,T,"Apoiar o desenvolvimento de estratégias de marketing para os diferentes produtos e os diferentes tipos de empresa; Pensamento analítico para o apoio no desenvolvimento de estratégias de marketing, visando a identificação de oportunidades de mercado, segmentação de clientes e apoio na criação de planos de ação para a promoção de produtos e serviços; Atitude empreendedora e proativa, estimulando a busca por oportunidades, a iniciativa na criação e no desenvolvimento de projetos e a busca constante por .","Curiosidade - Ser interessado em ideias e ter paixão por aprender, compreensão e exploração intelectual; uma mentalidade curiosa;
Assertividade - Ser capaz de expressar opiniões, necessidades e sentimentos com confiança e exercer influência social;
Cooperação - Viver em harmonia com os outros e valorizar a interconexão entre todas as pessoas;
Autoeficácia - A força das crenças dos indivíduos em sua capacidade de executar tarefas e atingir objetivos.",Marketing Estratégico,C1,3,Marketing Digital,U4,15,Fundamentos do Marketing Digital,Aula 2: Principais ferramentas de marketing digital,Reconhecer princípios fundamentais de marketing digital em diversos cenários.,"
Trabalhar em equipe de forma colaborativa e flexível.",Identificar as principais ferramentas de marketing digital. ,2. Ferramentas de marketing digital
,3,T,"Apoiar o desenvolvimento de estratégias de marketing para os diferentes produtos e os diferentes tipos de empresa; Pensamento analítico para o apoio no desenvolvimento de estratégias de marketing, visando a identificação de oportunidades de mercado, segmentação de clientes e apoio na criação de planos de ação para a promoção de produtos e serviços; Atitude empreendedora e proativa, estimulando a busca por oportunidades, a iniciativa na criação e no desenvolvimento de projetos e a busca constante por .","Curiosidade - Ser interessado em ideias e ter paixão por aprender, compreensão e exploração intelectual; uma mentalidade curiosa;
Assertividade - Ser capaz de expressar opiniões, necessidades e sentimentos com confiança e exercer influência social;
Cooperação - Viver em harmonia com os outros e valorizar a interconexão entre todas as pessoas;
Autoeficácia - A força das crenças dos indivíduos em sua capacidade de executar tarefas e atingir objetivos.",Marketing Estratégico,C1,3,Marketing Digital,U4,15,Fundamentos do Marketing Digital,Aula 3: Análise das ferramentas de marketing digital,Reconhecer princípios fundamentais de marketing digital em diversos cenários.,"
Trabalhar em equipe de forma colaborativa e flexível.",Analisar o uso das principais ferramentas de marketing digital. ,3. Análise de ferramentas de marketing digital
X,3,T,"Apoiar o desenvolvimento de estratégias de marketing para os diferentes produtos e os diferentes tipos de empresa; Pensamento analítico para o apoio no desenvolvimento de estratégias de marketing, visando a identificação de oportunidades de mercado, segmentação de clientes e apoio na criação de planos de ação para a promoção de produtos e serviços; Atitude empreendedora e proativa, estimulando a busca por oportunidades, a iniciativa na criação e no desenvolvimento de projetos e a busca constante por .","Curiosidade - Ser interessado em ideias e ter paixão por aprender, compreensão e exploração intelectual; uma mentalidade curiosa;
Assertividade - Ser capaz de expressar opiniões, necessidades e sentimentos com confiança e exercer influência social;
Cooperação - Viver em harmonia com os outros e valorizar a interconexão entre todas as pessoas;
Autoeficácia - A força das crenças dos indivíduos em sua capacidade de executar tarefas e atingir objetivos.",Marketing Estratégico,C1,3,Marketing de Varejo e Serviços,U5,16,Fundamentos do Marketing de Varejo,Aula 1: Estratégias de varejo,"Identificar estratégias eficazes de varejo, reconhecendo a importância da gestão de relacionamento com clientes.","
Trabalhar em equipe de forma colaborativa e flexível.",Compreender as principais estratégias de varejo e como podem ser aplicadas para atrair e reter clientes.,1. Estratégias de varejo
X,3,T,"Apoiar o desenvolvimento de estratégias de marketing para os diferentes produtos e os diferentes tipos de empresa; Pensamento analítico para o apoio no desenvolvimento de estratégias de marketing, visando a identificação de oportunidades de mercado, segmentação de clientes e apoio na criação de planos de ação para a promoção de produtos e serviços; Atitude empreendedora e proativa, estimulando a busca por oportunidades, a iniciativa na criação e no desenvolvimento de projetos e a busca constante por .","Curiosidade - Ser interessado em ideias e ter paixão por aprender, compreensão e exploração intelectual; uma mentalidade curiosa;
Assertividade - Ser capaz de expressar opiniões, necessidades e sentimentos com confiança e exercer influência social;
Cooperação - Viver em harmonia com os outros e valorizar a interconexão entre todas as pessoas;
Autoeficácia - A força das crenças dos indivíduos em sua capacidade de executar tarefas e atingir objetivos.",Marketing Estratégico,C1,3,Marketing de Varejo e Serviços,U5,16,Fundamentos do Marketing de Varejo,Aula 2: Gestão de lojas,"Identificar estratégias eficazes de varejo, reconhecendo a importância da gestão de relacionamento com clientes.","
Trabalhar em equipe de forma colaborativa e flexível.","Identificar os aspectos que influenciam a gestão de lojas, como foco em layout, localização e experiência do cliente.",2. Aspectos influenciadores na gestão de lojas
X,3,T,"Apoiar o desenvolvimento de estratégias de marketing para os diferentes produtos e os diferentes tipos de empresa; Pensamento analítico para o apoio no desenvolvimento de estratégias de marketing, visando a identificação de oportunidades de mercado, segmentação de clientes e apoio na criação de planos de ação para a promoção de produtos e serviços; Atitude empreendedora e proativa, estimulando a busca por oportunidades, a iniciativa na criação e no desenvolvimento de projetos e a busca constante por .","Curiosidade - Ser interessado em ideias e ter paixão por aprender, compreensão e exploração intelectual; uma mentalidade curiosa;
Assertividade - Ser capaz de expressar opiniões, necessidades e sentimentos com confiança e exercer influência social;
Cooperação - Viver em harmonia com os outros e valorizar a interconexão entre todas as pessoas;
Autoeficácia - A força das crenças dos indivíduos em sua capacidade de executar tarefas e atingir objetivos.",Marketing Estratégico,C1,3,Marketing de Varejo e Serviços,U5,16,Fundamentos do Marketing de Varejo,Aula 3: Marketing de relacionamento no varejo,"Identificar estratégias eficazes de varejo, reconhecendo a importância da gestão de relacionamento com clientes.","
Trabalhar em equipe de forma colaborativa e flexível.",Compreender como a gestão de relacionamento com clientes pode ser otimizada para atender às necessidades dos consumidores e aumentar a satisfação.,3. Plano básico para um programa de CRM
,3,T,"Apoiar o desenvolvimento de estratégias de marketing para os diferentes produtos e os diferentes tipos de empresa; Pensamento analítico para o apoio no desenvolvimento de estratégias de marketing, visando a identificação de oportunidades de mercado, segmentação de clientes e apoio na criação de planos de ação para a promoção de produtos e serviços; Atitude empreendedora e proativa, estimulando a busca por oportunidades, a iniciativa na criação e no desenvolvimento de projetos e a busca constante por .","Curiosidade - Ser interessado em ideias e ter paixão por aprender, compreensão e exploração intelectual; uma mentalidade curiosa;
Assertividade - Ser capaz de expressar opiniões, necessidades e sentimentos com confiança e exercer influência social;
Cooperação - Viver em harmonia com os outros e valorizar a interconexão entre todas as pessoas;
Autoeficácia - A força das crenças dos indivíduos em sua capacidade de executar tarefas e atingir objetivos.",Marketing Estratégico,C1,3,Marketing Digital,U4,17,Estratégias de Marketing Digital,Aula 1: Desenvolvimento de estratégias digitais,Identificar oportunidades digitais e auxiliar no desenvolvimento de campanhas digitais direcionadas e estratégicas.,Pensar e atuar criticamente.,Desenvolver estratégias digitais alinhadas aos objetivos de negócio e ao público-alvo.,1. Desenvolvimento de estratégias digitais
,3,T,"Apoiar o desenvolvimento de estratégias de marketing para os diferentes produtos e os diferentes tipos de empresa; Pensamento analítico para o apoio no desenvolvimento de estratégias de marketing, visando a identificação de oportunidades de mercado, segmentação de clientes e apoio na criação de planos de ação para a promoção de produtos e serviços; Atitude empreendedora e proativa, estimulando a busca por oportunidades, a iniciativa na criação e no desenvolvimento de projetos e a busca constante por .","Curiosidade - Ser interessado em ideias e ter paixão por aprender, compreensão e exploração intelectual; uma mentalidade curiosa;
Assertividade - Ser capaz de expressar opiniões, necessidades e sentimentos com confiança e exercer influência social;
Cooperação - Viver em harmonia com os outros e valorizar a interconexão entre todas as pessoas;
Autoeficácia - A força das crenças dos indivíduos em sua capacidade de executar tarefas e atingir objetivos.",Marketing Estratégico,C1,3,Marketing Digital,U4,17,Estratégias de Marketing Digital,Aula 2: Inbound Marketing,Identificar oportunidades digitais e auxiliar no desenvolvimento de campanhas digitais direcionadas e estratégicas.,Pensar e atuar criticamente.,Compreender os conceitos fundamentais do Inbound Marketing e suas quatro etapas principais.,2. Etapas do Inbound Marketing
,3,T,"Apoiar o desenvolvimento de estratégias de marketing para os diferentes produtos e os diferentes tipos de empresa; Pensamento analítico para o apoio no desenvolvimento de estratégias de marketing, visando a identificação de oportunidades de mercado, segmentação de clientes e apoio na criação de planos de ação para a promoção de produtos e serviços; Atitude empreendedora e proativa, estimulando a busca por oportunidades, a iniciativa na criação e no desenvolvimento de projetos e a busca constante por .","Curiosidade - Ser interessado em ideias e ter paixão por aprender, compreensão e exploração intelectual; uma mentalidade curiosa;
Assertividade - Ser capaz de expressar opiniões, necessidades e sentimentos com confiança e exercer influência social;
Cooperação - Viver em harmonia com os outros e valorizar a interconexão entre todas as pessoas;
Autoeficácia - A força das crenças dos indivíduos em sua capacidade de executar tarefas e atingir objetivos.",Marketing Estratégico,C1,3,Marketing Digital,U4,17,Estratégias de Marketing Digital,Aula 3: Marketing de conteúdo,Identificar oportunidades digitais e auxiliar no desenvolvimento de campanhas digitais direcionadas e estratégicas.,Pensar e atuar criticamente.,Criar um miniplano de Inbound Marketing para um produto ou serviço.,3. Miniplano de Inbound Marketing
,Recomposição da Aprendizagem,,,,,,,,,,,,,,,
,3,T,"Apoiar o desenvolvimento de estratégias de marketing para os diferentes produtos e os diferentes tipos de empresa; Pensamento analítico para o apoio no desenvolvimento de estratégias de marketing, visando a identificação de oportunidades de mercado, segmentação de clientes e apoio na criação de planos de ação para a promoção de produtos e serviços; Atitude empreendedora e proativa, estimulando a busca por oportunidades, a iniciativa na criação e no desenvolvimento de projetos e a busca constante por .","Curiosidade - Ser interessado em ideias e ter paixão por aprender, compreensão e exploração intelectual; uma mentalidade curiosa;
Assertividade - Ser capaz de expressar opiniões, necessidades e sentimentos com confiança e exercer influência social;
Cooperação - Viver em harmonia com os outros e valorizar a interconexão entre todas as pessoas;
Autoeficácia - A força das crenças dos indivíduos em sua capacidade de executar tarefas e atingir objetivos.",Marketing Estratégico,C1,3,Marketing Digital,U4,18,Redes Sociais e Marketing,Aula 1: Principais plataformas de redes sociais,Reconhecer o uso das plataformas adequadas para diferentes objetivos de marketing.,Analisar situações complexas.,Compreender o uso de plataformas de redes sociais aplicadas ao marketing e estratégias digitais.,1. Plataformas de redes sociais
,3,T,"Apoiar o desenvolvimento de estratégias de marketing para os diferentes produtos e os diferentes tipos de empresa; Pensamento analítico para o apoio no desenvolvimento de estratégias de marketing, visando a identificação de oportunidades de mercado, segmentação de clientes e apoio na criação de planos de ação para a promoção de produtos e serviços; Atitude empreendedora e proativa, estimulando a busca por oportunidades, a iniciativa na criação e no desenvolvimento de projetos e a busca constante por .","Curiosidade - Ser interessado em ideias e ter paixão por aprender, compreensão e exploração intelectual; uma mentalidade curiosa;
Assertividade - Ser capaz de expressar opiniões, necessidades e sentimentos com confiança e exercer influência social;
Cooperação - Viver em harmonia com os outros e valorizar a interconexão entre todas as pessoas;
Autoeficácia - A força das crenças dos indivíduos em sua capacidade de executar tarefas e atingir objetivos.",Marketing Estratégico,C1,3,Marketing Digital,U4,18,Redes Sociais e Marketing,Aula 2: Estratégias de engajamento nas redes sociais,Reconhecer o uso das plataformas adequadas para diferentes objetivos de marketing.,Analisar situações complexas.,Desenvolver estratégias de engajamento nas redes sociais por meio de conteúdo envolvente que proporciona interação com o público-alvo.,2. Estratégias de engajamento nas redes sociais 
,3,T,"Apoiar o desenvolvimento de estratégias de marketing para os diferentes produtos e os diferentes tipos de empresa; Pensamento analítico para o apoio no desenvolvimento de estratégias de marketing, visando a identificação de oportunidades de mercado, segmentação de clientes e apoio na criação de planos de ação para a promoção de produtos e serviços; Atitude empreendedora e proativa, estimulando a busca por oportunidades, a iniciativa na criação e no desenvolvimento de projetos e a busca constante por .","Curiosidade - Ser interessado em ideias e ter paixão por aprender, compreensão e exploração intelectual; uma mentalidade curiosa;
Assertividade - Ser capaz de expressar opiniões, necessidades e sentimentos com confiança e exercer influência social;
Cooperação - Viver em harmonia com os outros e valorizar a interconexão entre todas as pessoas;
Autoeficácia - A força das crenças dos indivíduos em sua capacidade de executar tarefas e atingir objetivos.",Marketing Estratégico,C1,3,Marketing Digital,U4,18,Redes Sociais e Marketing,Aula 3: Medição e análise de desempenho em redes sociais,Reconhecer o uso das plataformas adequadas para diferentes objetivos de marketing.,Analisar situações complexas.,"Compreender o uso de ferramentas e métricas para medir e analisar o desempenho das redes sociais, permitindo avaliação e ajustes das estratégias digitais definidas.",3. Ferramentas e métricas para avaliar as redes sociais
,3,P,"Apoiar o desenvolvimento de estratégias de marketing para os diferentes produtos e os diferentes tipos de empresa; Pensamento analítico para o apoio no desenvolvimento de estratégias de marketing, visando a identificação de oportunidades de mercado, segmentação de clientes e apoio na criação de planos de ação para a promoção de produtos e serviços; Atitude empreendedora e proativa, estimulando a busca por oportunidades, a iniciativa na criação e no desenvolvimento de projetos e a busca constante por .","Curiosidade - Ser interessado em ideias e ter paixão por aprender, compreensão e exploração intelectual; uma mentalidade curiosa;
Assertividade - Ser capaz de expressar opiniões, necessidades e sentimentos com confiança e exercer influência social;
Cooperação - Viver em harmonia com os outros e valorizar a interconexão entre todas as pessoas;
Autoeficácia - A força das crenças dos indivíduos em sua capacidade de executar tarefas e atingir objetivos.",Marketing Estratégico,C1,3,Marketing Digital,U4,19,Projeto: Planejamento do Plano de Marketing,Aula 1: Ferramentas de marketing digital no plano de marketing,Selecionar plataformas de redes sociais adequadas para um plano de marketing.,Persistir diante de desafios e complexidades.,Definir as ferramentas de marketing digital a serem utilizadas no plano de marketing em desenvolvimento.,1. Definição das ferramentas de marketing digital no plano de marketing
,3,P,"Apoiar o desenvolvimento de estratégias de marketing para os diferentes produtos e os diferentes tipos de empresa; Pensamento analítico para o apoio no desenvolvimento de estratégias de marketing, visando a identificação de oportunidades de mercado, segmentação de clientes e apoio na criação de planos de ação para a promoção de produtos e serviços; Atitude empreendedora e proativa, estimulando a busca por oportunidades, a iniciativa na criação e no desenvolvimento de projetos e a busca constante por .","Curiosidade - Ser interessado em ideias e ter paixão por aprender, compreensão e exploração intelectual; uma mentalidade curiosa;
Assertividade - Ser capaz de expressar opiniões, necessidades e sentimentos com confiança e exercer influência social;
Cooperação - Viver em harmonia com os outros e valorizar a interconexão entre todas as pessoas;
Autoeficácia - A força das crenças dos indivíduos em sua capacidade de executar tarefas e atingir objetivos.",Marketing Estratégico,C1,3,Marketing Digital,U4,19,Projeto: Planejamento do Plano de Marketing,Aula 2: Inbound marketing do plano de marketing,Selecionar plataformas de redes sociais adequadas para um plano de marketing.,Persistir diante de desafios e complexidades.,Desenvolver uma estratégia de Inbound Marketing do plano de marketing em desenvolvimento.,2. Estratégia de Inbound Marketing no plano de marketing
,3,P,"Apoiar o desenvolvimento de estratégias de marketing para os diferentes produtos e os diferentes tipos de empresa; Pensamento analítico para o apoio no desenvolvimento de estratégias de marketing, visando a identificação de oportunidades de mercado, segmentação de clientes e apoio na criação de planos de ação para a promoção de produtos e serviços; Atitude empreendedora e proativa, estimulando a busca por oportunidades, a iniciativa na criação e no desenvolvimento de projetos e a busca constante por .","Curiosidade - Ser interessado em ideias e ter paixão por aprender, compreensão e exploração intelectual; uma mentalidade curiosa;
Assertividade - Ser capaz de expressar opiniões, necessidades e sentimentos com confiança e exercer influência social;
Cooperação - Viver em harmonia com os outros e valorizar a interconexão entre todas as pessoas;
Autoeficácia - A força das crenças dos indivíduos em sua capacidade de executar tarefas e atingir objetivos.",Marketing Estratégico,C1,3,Marketing Digital,U4,19,Projeto: Planejamento do Plano de Marketing,Aula 3: Plataforma de rede social do plano de marketing,Selecionar plataformas de redes sociais adequadas para um plano de marketing.,Persistir diante de desafios e complexidades.,Definir plataformas de redes sociais para serem utilizadas no plano de marketing de acordo com seu objetivo.,3. Definição de redes sociais para o plano de marketing 
,Recomposição da Aprendizagem,,,,,,,,,,,,,,,
,3,T,"Apoiar o desenvolvimento de estratégias de marketing para os diferentes produtos e os diferentes tipos de empresa; Pensamento analítico para o apoio no desenvolvimento de estratégias de marketing, visando a identificação de oportunidades de mercado, segmentação de clientes e apoio na criação de planos de ação para a promoção de produtos e serviços; Atitude empreendedora e proativa, estimulando a busca por oportunidades, a iniciativa na criação e no desenvolvimento de projetos e a busca constante por .","Curiosidade - Ser interessado em ideias e ter paixão por aprender, compreensão e exploração intelectual; uma mentalidade curiosa;
Assertividade - Ser capaz de expressar opiniões, necessidades e sentimentos com confiança e exercer influência social;
Cooperação - Viver em harmonia com os outros e valorizar a interconexão entre todas as pessoas;
Autoeficácia - A força das crenças dos indivíduos em sua capacidade de executar tarefas e atingir objetivos.",Marketing Estratégico,C1,3,Marketing de Varejo e Serviços,U5,20,Comportamento do Consumidor no Varejo,Aula 1: Padrões de compra no varejo,"Compreender os fatores que influenciam a decisão de compra dos consumidores, por meio da criação de um esboço de estratégia de merchandising e promoção para uma loja fictícia.","Avaliar informações, tomar decisões informadas e justificar suas escolhas de forma lógica e ponderada.",Compreender as tendências e os fatores que influenciam a decisão de compra dos consumidores e as estratégias de marketing do setor de varejista.,1. Tendências e fatores que influenciam a decisão de compra
,3,T,"Apoiar o desenvolvimento de estratégias de marketing para os diferentes produtos e os diferentes tipos de empresa; Pensamento analítico para o apoio no desenvolvimento de estratégias de marketing, visando a identificação de oportunidades de mercado, segmentação de clientes e apoio na criação de planos de ação para a promoção de produtos e serviços; Atitude empreendedora e proativa, estimulando a busca por oportunidades, a iniciativa na criação e no desenvolvimento de projetos e a busca constante por .","Curiosidade - Ser interessado em ideias e ter paixão por aprender, compreensão e exploração intelectual; uma mentalidade curiosa;
Assertividade - Ser capaz de expressar opiniões, necessidades e sentimentos com confiança e exercer influência social;
Cooperação - Viver em harmonia com os outros e valorizar a interconexão entre todas as pessoas;
Autoeficácia - A força das crenças dos indivíduos em sua capacidade de executar tarefas e atingir objetivos.",Marketing Estratégico,C1,3,Marketing de Varejo e Serviços,U5,20,Comportamento do Consumidor no Varejo,Aula 2: Análise do ponto de venda (PDV),"Compreender os fatores que influenciam a decisão de compra dos consumidores, por meio da criação de um esboço de estratégia de merchandising e promoção para uma loja fictícia.","Avaliar informações, tomar decisões informadas e justificar suas escolhas de forma lógica e ponderada.",Identificar as técnicas de merchandising e promoção no ponto de venda (PDV).,2. Técnicas de merchandising e promoção no PDV
,3,T,"Apoiar o desenvolvimento de estratégias de marketing para os diferentes produtos e os diferentes tipos de empresa; Pensamento analítico para o apoio no desenvolvimento de estratégias de marketing, visando a identificação de oportunidades de mercado, segmentação de clientes e apoio na criação de planos de ação para a promoção de produtos e serviços; Atitude empreendedora e proativa, estimulando a busca por oportunidades, a iniciativa na criação e no desenvolvimento de projetos e a busca constante por .","Curiosidade - Ser interessado em ideias e ter paixão por aprender, compreensão e exploração intelectual; uma mentalidade curiosa;
Assertividade - Ser capaz de expressar opiniões, necessidades e sentimentos com confiança e exercer influência social;
Cooperação - Viver em harmonia com os outros e valorizar a interconexão entre todas as pessoas;
Autoeficácia - A força das crenças dos indivíduos em sua capacidade de executar tarefas e atingir objetivos.",Marketing Estratégico,C1,3,Marketing de Varejo e Serviços,U5,20,Comportamento do Consumidor no Varejo,Aula 3: Experiência de compra,"Compreender os fatores que influenciam a decisão de compra dos consumidores, por meio da criação de um esboço de estratégia de merchandising e promoção para uma loja fictícia.","Avaliar informações, tomar decisões informadas e justificar suas escolhas de forma lógica e ponderada.",Criar um esboço de estratégia de merchandising e promoção para uma loja fictícia.,3. Criação de esboço de merchandising e PDV
,Recomposição da Aprendizagem,,,,,,,,,,,,,,,
,3,T,"Apoiar o desenvolvimento de estratégias de marketing para os diferentes produtos e os diferentes tipos de empresa; Pensamento analítico para o apoio no desenvolvimento de estratégias de marketing, visando a identificação de oportunidades de mercado, segmentação de clientes e apoio na criação de planos de ação para a promoção de produtos e serviços; Atitude empreendedora e proativa, estimulando a busca por oportunidades, a iniciativa na criação e no desenvolvimento de projetos e a busca constante por .","Curiosidade - Ser interessado em ideias e ter paixão por aprender, compreensão e exploração intelectual; uma mentalidade curiosa;
Assertividade - Ser capaz de expressar opiniões, necessidades e sentimentos com confiança e exercer influência social;
Cooperação - Viver em harmonia com os outros e valorizar a interconexão entre todas as pessoas;
Autoeficácia - A força das crenças dos indivíduos em sua capacidade de executar tarefas e atingir objetivos.",Marketing Estratégico,C1,3,Marketing Digital,U4,21,E-commerce e Publicidade On-line,Aula 1: Fundamentos do e-commerce,Compreender os processos de vendas on-line.,"Enfrentar e superar desafios durante a aplicação prática, aprendendo com erros e persistindo.",Compreender a estrutura e o funcionamento do e-commerce para o sucesso do comércio eletrônico.,1. Estruturas e funcionamento do e-commerce
,3,T,"Apoiar o desenvolvimento de estratégias de marketing para os diferentes produtos e os diferentes tipos de empresa; Pensamento analítico para o apoio no desenvolvimento de estratégias de marketing, visando a identificação de oportunidades de mercado, segmentação de clientes e apoio na criação de planos de ação para a promoção de produtos e serviços; Atitude empreendedora e proativa, estimulando a busca por oportunidades, a iniciativa na criação e no desenvolvimento de projetos e a busca constante por .","Curiosidade - Ser interessado em ideias e ter paixão por aprender, compreensão e exploração intelectual; uma mentalidade curiosa;
Assertividade - Ser capaz de expressar opiniões, necessidades e sentimentos com confiança e exercer influência social;
Cooperação - Viver em harmonia com os outros e valorizar a interconexão entre todas as pessoas;
Autoeficácia - A força das crenças dos indivíduos em sua capacidade de executar tarefas e atingir objetivos.",Marketing Estratégico,C1,3,Marketing Digital,U4,21,E-commerce e Publicidade On-line,Aula 2: Plataformas de e-commerce,Compreender os processos de vendas on-line.,"Enfrentar e superar desafios durante a aplicação prática, aprendendo com erros e persistindo.","Analisar as características, as vantagens e as desvantagens de diferentes plataformas de venda on-line.",2. Características das plataformas de vendas on-line
,3,T,"Apoiar o desenvolvimento de estratégias de marketing para os diferentes produtos e os diferentes tipos de empresa; Pensamento analítico para o apoio no desenvolvimento de estratégias de marketing, visando a identificação de oportunidades de mercado, segmentação de clientes e apoio na criação de planos de ação para a promoção de produtos e serviços; Atitude empreendedora e proativa, estimulando a busca por oportunidades, a iniciativa na criação e no desenvolvimento de projetos e a busca constante por .","Curiosidade - Ser interessado em ideias e ter paixão por aprender, compreensão e exploração intelectual; uma mentalidade curiosa;
Assertividade - Ser capaz de expressar opiniões, necessidades e sentimentos com confiança e exercer influência social;
Cooperação - Viver em harmonia com os outros e valorizar a interconexão entre todas as pessoas;
Autoeficácia - A força das crenças dos indivíduos em sua capacidade de executar tarefas e atingir objetivos.",Marketing Estratégico,C1,3,Marketing Digital,U4,21,E-commerce e Publicidade On-line,Aula 3: Publicidade on-line,Compreender os processos de vendas on-line.,"Enfrentar e superar desafios durante a aplicação prática, aprendendo com erros e persistindo.",Compreender a utilização de ferramentas publicitárias on-line para auxiliar na criação e na gestão de campanhas digitais.,3. Utilização de ferramentas publicitárias on-line
,4,T,"Apoiar o desenvolvimento de estratégias de marketing para os diferentes produtos e os diferentes tipos de empresa; Pensamento analítico para o apoio no desenvolvimento de estratégias de marketing, visando a identificação de oportunidades de mercado, segmentação de clientes e apoio na criação de planos de ação para a promoção de produtos e serviços; Atitude empreendedora e proativa, estimulando a busca por oportunidades, a iniciativa na criação e no desenvolvimento de projetos e a busca constante por .","Curiosidade - Ser interessado em ideias e ter paixão por aprender, compreensão e exploração intelectual; uma mentalidade curiosa;
Assertividade - Ser capaz de expressar opiniões, necessidades e sentimentos com confiança e exercer influência social;
Cooperação - Viver em harmonia com os outros e valorizar a interconexão entre todas as pessoas;
Autoeficácia - A força das crenças dos indivíduos em sua capacidade de executar tarefas e atingir objetivos.",Marketing Estratégico,C1,3,Marketing Digital,U4,22,Métricas e Análise de Dados Digitais,Aula 1: Importância das métricas no marketing digital,Avaliar pontos fortes e áreas de melhoria nas campanhas. ,"Avaliar informações, tomar decisões informadas e justificar suas escolhas de forma lógica e ponderada.",Compreender a importância das métricas no marketing digital como forma de apoiar na análise do sucesso das campanhas.,1. Importância das métricas no marketing digital
,4,T,"Apoiar o desenvolvimento de estratégias de marketing para os diferentes produtos e os diferentes tipos de empresa; Pensamento analítico para o apoio no desenvolvimento de estratégias de marketing, visando a identificação de oportunidades de mercado, segmentação de clientes e apoio na criação de planos de ação para a promoção de produtos e serviços; Atitude empreendedora e proativa, estimulando a busca por oportunidades, a iniciativa na criação e no desenvolvimento de projetos e a busca constante por .","Curiosidade - Ser interessado em ideias e ter paixão por aprender, compreensão e exploração intelectual; uma mentalidade curiosa;
Assertividade - Ser capaz de expressar opiniões, necessidades e sentimentos com confiança e exercer influência social;
Cooperação - Viver em harmonia com os outros e valorizar a interconexão entre todas as pessoas;
Autoeficácia - A força das crenças dos indivíduos em sua capacidade de executar tarefas e atingir objetivos.",Marketing Estratégico,C1,3,Marketing Digital,U4,22,Métricas e Análise de Dados Digitais,Aula 2: Principais métricas de marketing digital,Avaliar pontos fortes e áreas de melhoria nas campanhas. ,"Avaliar informações, tomar decisões informadas e justificar suas escolhas de forma lógica e ponderada.",Conhecer as principais métricas utilizadas no marketing digital para apoiar na análise do sucesso das campanhas.,2. Principais métricas do marketing digital
,4,T,"Apoiar o desenvolvimento de estratégias de marketing para os diferentes produtos e os diferentes tipos de empresa; Pensamento analítico para o apoio no desenvolvimento de estratégias de marketing, visando a identificação de oportunidades de mercado, segmentação de clientes e apoio na criação de planos de ação para a promoção de produtos e serviços; Atitude empreendedora e proativa, estimulando a busca por oportunidades, a iniciativa na criação e no desenvolvimento de projetos e a busca constante por .","Curiosidade - Ser interessado em ideias e ter paixão por aprender, compreensão e exploração intelectual; uma mentalidade curiosa;
Assertividade - Ser capaz de expressar opiniões, necessidades e sentimentos com confiança e exercer influência social;
Cooperação - Viver em harmonia com os outros e valorizar a interconexão entre todas as pessoas;
Autoeficácia - A força das crenças dos indivíduos em sua capacidade de executar tarefas e atingir objetivos.",Marketing Estratégico,C1,3,Marketing Digital,U4,22,Métricas e Análise de Dados Digitais,Aula 3: Ferramentas de análise de dados,Avaliar pontos fortes e áreas de melhoria nas campanhas. ,"Avaliar informações, tomar decisões informadas e justificar suas escolhas de forma lógica e ponderada.",Identificar as principais ferramentas de análise de dados no marketing digital para analisar o sucesso das campanhas.,3. Principais ferramentas de análise de dados no marketing digital
,4,T,"Apoiar o desenvolvimento de estratégias de marketing para os diferentes produtos e os diferentes tipos de empresa; Pensamento analítico para o apoio no desenvolvimento de estratégias de marketing, visando a identificação de oportunidades de mercado, segmentação de clientes e apoio na criação de planos de ação para a promoção de produtos e serviços; Atitude empreendedora e proativa, estimulando a busca por oportunidades, a iniciativa na criação e no desenvolvimento de projetos e a busca constante por .","Curiosidade - Ser interessado em ideias e ter paixão por aprender, compreensão e exploração intelectual; uma mentalidade curiosa;
Assertividade - Ser capaz de expressar opiniões, necessidades e sentimentos com confiança e exercer influência social;
Cooperação - Viver em harmonia com os outros e valorizar a interconexão entre todas as pessoas;
Autoeficácia - A força das crenças dos indivíduos em sua capacidade de executar tarefas e atingir objetivos.",Marketing Estratégico,C1,3,Marketing Digital,U4,23,UX e UI no Marketing Digital,Aula 1: Experiência do Usuário (UX),Contribuir na análise dos princípios fundamentais e das boas práticas da experiência do usuário. ,Colaborar e comunicar-se efetivamente com colegas para alcançar objetivos comuns.,Compreender os princípios fundamentais da Experiência do Usuário (UX) e sua importância no contexto do marketing digital.,1. Princípios fundamentais da Experiência do Usuário (UX)
,4,T,"Apoiar o desenvolvimento de estratégias de marketing para os diferentes produtos e os diferentes tipos de empresa; Pensamento analítico para o apoio no desenvolvimento de estratégias de marketing, visando a identificação de oportunidades de mercado, segmentação de clientes e apoio na criação de planos de ação para a promoção de produtos e serviços; Atitude empreendedora e proativa, estimulando a busca por oportunidades, a iniciativa na criação e no desenvolvimento de projetos e a busca constante por .","Curiosidade - Ser interessado em ideias e ter paixão por aprender, compreensão e exploração intelectual; uma mentalidade curiosa;
Assertividade - Ser capaz de expressar opiniões, necessidades e sentimentos com confiança e exercer influência social;
Cooperação - Viver em harmonia com os outros e valorizar a interconexão entre todas as pessoas;
Autoeficácia - A força das crenças dos indivíduos em sua capacidade de executar tarefas e atingir objetivos.",Marketing Estratégico,C1,3,Marketing Digital,U4,23,UX e UI no Marketing Digital,Aula 2: Design de Interface do Usuário (UI),Contribuir na análise dos princípios fundamentais e das boas práticas da experiência do usuário. ,Colaborar e comunicar-se efetivamente com colegas para alcançar objetivos comuns.,Identificar boas práticas e tendências atuais em Design de Interface do Usuário (UI) no contexto do marketing digital.,2. Boas práticas e tendências em Design de Interface do Usuário (UI)
,4,T,"Apoiar o desenvolvimento de estratégias de marketing para os diferentes produtos e os diferentes tipos de empresa; Pensamento analítico para o apoio no desenvolvimento de estratégias de marketing, visando a identificação de oportunidades de mercado, segmentação de clientes e apoio na criação de planos de ação para a promoção de produtos e serviços; Atitude empreendedora e proativa, estimulando a busca por oportunidades, a iniciativa na criação e no desenvolvimento de projetos e a busca constante por .","Curiosidade - Ser interessado em ideias e ter paixão por aprender, compreensão e exploração intelectual; uma mentalidade curiosa;
Assertividade - Ser capaz de expressar opiniões, necessidades e sentimentos com confiança e exercer influência social;
Cooperação - Viver em harmonia com os outros e valorizar a interconexão entre todas as pessoas;
Autoeficácia - A força das crenças dos indivíduos em sua capacidade de executar tarefas e atingir objetivos.",Marketing Estratégico,C1,3,Marketing Digital,U4,23,UX e UI no Marketing Digital,Aula 3: Criação de uma landing page,Contribuir na análise dos princípios fundamentais e das boas práticas da experiência do usuário. ,Colaborar e comunicar-se efetivamente com colegas para alcançar objetivos comuns.,"Aplicar conceitos de UX e UI para criar uma landing page eficaz para uma campanha de marketing digital, levando em conta boas práticas e tendências atuais.",3. Criação de uma landing page de uma campanha
,Recomposição da Aprendizagem,,,,,,,,,,,,,,,
X,4,T,"Apoiar o desenvolvimento de estratégias de marketing para os diferentes produtos e os diferentes tipos de empresa; Pensamento analítico para o apoio no desenvolvimento de estratégias de marketing, visando a identificação de oportunidades de mercado, segmentação de clientes e apoio na criação de planos de ação para a promoção de produtos e serviços; Atitude empreendedora e proativa, estimulando a busca por oportunidades, a iniciativa na criação e no desenvolvimento de projetos e a busca constante por .","Curiosidade - Ser interessado em ideias e ter paixão por aprender, compreensão e exploração intelectual; uma mentalidade curiosa;
Assertividade - Ser capaz de expressar opiniões, necessidades e sentimentos com confiança e exercer influência social;
Cooperação - Viver em harmonia com os outros e valorizar a interconexão entre todas as pessoas;
Autoeficácia - A força das crenças dos indivíduos em sua capacidade de executar tarefas e atingir objetivos.",Marketing Estratégico,C1,3,Marketing de Varejo e Serviços,U5,24,Marketing de Serviços,Aula 1: Características dos serviços,"Aplicar conceitos de características dos serviços, criando uma proposta de valor para um serviço que atenda às necessidades dos clientes e crie vantagem competitiva no mercado.",Superar desafios e alcançar objetivos.,Compreender as características do marketing de serviços e como elas afetam a oferta de serviços e a satisfação do cliente.,1. Características do marketing de serviços
X,4,T,"Apoiar o desenvolvimento de estratégias de marketing para os diferentes produtos e os diferentes tipos de empresa; Pensamento analítico para o apoio no desenvolvimento de estratégias de marketing, visando a identificação de oportunidades de mercado, segmentação de clientes e apoio na criação de planos de ação para a promoção de produtos e serviços; Atitude empreendedora e proativa, estimulando a busca por oportunidades, a iniciativa na criação e no desenvolvimento de projetos e a busca constante por .","Curiosidade - Ser interessado em ideias e ter paixão por aprender, compreensão e exploração intelectual; uma mentalidade curiosa;
Assertividade - Ser capaz de expressar opiniões, necessidades e sentimentos com confiança e exercer influência social;
Cooperação - Viver em harmonia com os outros e valorizar a interconexão entre todas as pessoas;
Autoeficácia - A força das crenças dos indivíduos em sua capacidade de executar tarefas e atingir objetivos.",Marketing Estratégico,C1,3,Marketing de Varejo e Serviços,U5,24,Marketing de Serviços,Aula 2: Estratégias de marketing de serviços,"Aplicar conceitos de características dos serviços, criando uma proposta de valor para um serviço que atenda às necessidades dos clientes e crie vantagem competitiva no mercado.",Superar desafios e alcançar objetivos.,Discutir estratégias de personalização e diferenciação e como aplicá-las para criar valor para o cliente e vantagem competitiva.,2. Estratégias de personalização e diferenciação
X,4,T,"Apoiar o desenvolvimento de estratégias de marketing para os diferentes produtos e os diferentes tipos de empresa; Pensamento analítico para o apoio no desenvolvimento de estratégias de marketing, visando a identificação de oportunidades de mercado, segmentação de clientes e apoio na criação de planos de ação para a promoção de produtos e serviços; Atitude empreendedora e proativa, estimulando a busca por oportunidades, a iniciativa na criação e no desenvolvimento de projetos e a busca constante por .","Curiosidade - Ser interessado em ideias e ter paixão por aprender, compreensão e exploração intelectual; uma mentalidade curiosa;
Assertividade - Ser capaz de expressar opiniões, necessidades e sentimentos com confiança e exercer influência social;
Cooperação - Viver em harmonia com os outros e valorizar a interconexão entre todas as pessoas;
Autoeficácia - A força das crenças dos indivíduos em sua capacidade de executar tarefas e atingir objetivos.",Marketing Estratégico,C1,3,Marketing de Varejo e Serviços,U5,24,Marketing de Serviços,Aula 3: Criação de um plano estratégico,"Aplicar conceitos de características dos serviços, criando uma proposta de valor para um serviço que atenda às necessidades dos clientes e crie vantagem competitiva no mercado.",Superar desafios e alcançar objetivos.,"Aplicar os conceitos de características dos serviços e estratégias de personalização e diferenciação para criar uma proposta de valor para um serviço,  considerando as necessidades dos clientes e a competição no mercado.",3. Plano estratégico de serviços
,4,P,"Apoiar o desenvolvimento de estratégias de marketing para os diferentes produtos e os diferentes tipos de empresa; Pensamento analítico para o apoio no desenvolvimento de estratégias de marketing, visando a identificação de oportunidades de mercado, segmentação de clientes e apoio na criação de planos de ação para a promoção de produtos e serviços; Atitude empreendedora e proativa, estimulando a busca por oportunidades, a iniciativa na criação e no desenvolvimento de projetos e a busca constante por .","Curiosidade - Ser interessado em ideias e ter paixão por aprender, compreensão e exploração intelectual; uma mentalidade curiosa;
Assertividade - Ser capaz de expressar opiniões, necessidades e sentimentos com confiança e exercer influência social;
Cooperação - Viver em harmonia com os outros e valorizar a interconexão entre todas as pessoas;
Autoeficácia - A força das crenças dos indivíduos em sua capacidade de executar tarefas e atingir objetivos.",Marketing Estratégico,C1,3,Marketing Digital,U4,25,Projeto: Planejamento do Plano de Marketing,Aula 1: Landing page para o plano de marketing,Desenvolver estratégias de marketing digital de um plano de marketing.,Trabalhar em equipe.,Desenvolver uma landing page para o plano de marketing de acordo com o seu objetivo e as estratégias já definidas.,1. Criação de uma landing page para o plano de marketing
,4,P,"Apoiar o desenvolvimento de estratégias de marketing para os diferentes produtos e os diferentes tipos de empresa; Pensamento analítico para o apoio no desenvolvimento de estratégias de marketing, visando a identificação de oportunidades de mercado, segmentação de clientes e apoio na criação de planos de ação para a promoção de produtos e serviços; Atitude empreendedora e proativa, estimulando a busca por oportunidades, a iniciativa na criação e no desenvolvimento de projetos e a busca constante por .","Curiosidade - Ser interessado em ideias e ter paixão por aprender, compreensão e exploração intelectual; uma mentalidade curiosa;
Assertividade - Ser capaz de expressar opiniões, necessidades e sentimentos com confiança e exercer influência social;
Cooperação - Viver em harmonia com os outros e valorizar a interconexão entre todas as pessoas;
Autoeficácia - A força das crenças dos indivíduos em sua capacidade de executar tarefas e atingir objetivos.",Marketing Estratégico,C1,3,Marketing Digital,U4,25,Projeto: Planejamento do Plano de Marketing,Aula 2: Plano de serviços para o plano de marketing,Desenvolver estratégias de marketing digital de um plano de marketing.,Trabalhar em equipe.,Desenvolver um plano básico de serviços para o plano de marketing utilizando a personalização e diferenciação para ter vantagem competitiva e satisfazer os clientes.,2. Plano básico de serviços para o plano de marketing
,4,P,"Apoiar o desenvolvimento de estratégias de marketing para os diferentes produtos e os diferentes tipos de empresa; Pensamento analítico para o apoio no desenvolvimento de estratégias de marketing, visando a identificação de oportunidades de mercado, segmentação de clientes e apoio na criação de planos de ação para a promoção de produtos e serviços; Atitude empreendedora e proativa, estimulando a busca por oportunidades, a iniciativa na criação e no desenvolvimento de projetos e a busca constante por .","Curiosidade - Ser interessado em ideias e ter paixão por aprender, compreensão e exploração intelectual; uma mentalidade curiosa;
Assertividade - Ser capaz de expressar opiniões, necessidades e sentimentos com confiança e exercer influência social;
Cooperação - Viver em harmonia com os outros e valorizar a interconexão entre todas as pessoas;
Autoeficácia - A força das crenças dos indivíduos em sua capacidade de executar tarefas e atingir objetivos.",Marketing Estratégico,C1,3,Marketing Digital,U4,25,Projeto: Planejamento do Plano de Marketing,Aula 3: Ajustes e entrega do plano de marketing,Desenvolver estratégias de marketing digital de um plano de marketing.,Trabalhar em equipe.,Realizar os últimos ajustes no plano de marketing desenvolvido durante o ano e realizar a entrega ao professor.,3. Ajustes e finalização do plano de marketing
,Recomposição da Aprendizagem,,,,,,,,,,,,,,,
,4,T,"Apoiar o desenvolvimento de estratégias de marketing para os diferentes produtos e os diferentes tipos de empresa; Pensamento analítico para o apoio no desenvolvimento de estratégias de marketing, visando a identificação de oportunidades de mercado, segmentação de clientes e apoio na criação de planos de ação para a promoção de produtos e serviços; Atitude empreendedora e proativa, estimulando a busca por oportunidades, a iniciativa na criação e no desenvolvimento de projetos e a busca constante por .","Curiosidade - Ser interessado em ideias e ter paixão por aprender, compreensão e exploração intelectual; uma mentalidade curiosa;
Assertividade - Ser capaz de expressar opiniões, necessidades e sentimentos com confiança e exercer influência social;
Cooperação - Viver em harmonia com os outros e valorizar a interconexão entre todas as pessoas;
Autoeficácia - A força das crenças dos indivíduos em sua capacidade de executar tarefas e atingir objetivos.",Marketing Estratégico,C1,3,Marketing Digital,U4,26,Tendências em Marketing Digital,Aula 1: Inteligência Artificial e automação,Utilizar ferramentas de Inteligência Artificial e automação. ,Demonstrar interesse por novas ideias e conhecimentos.,Compreender como a Inteligência Artificial e a automação podem ser utilizadas no marketing digital.,1. Uso da Inteligência Artificial e automação no marketing digital
,4,T,"Apoiar o desenvolvimento de estratégias de marketing para os diferentes produtos e os diferentes tipos de empresa; Pensamento analítico para o apoio no desenvolvimento de estratégias de marketing, visando a identificação de oportunidades de mercado, segmentação de clientes e apoio na criação de planos de ação para a promoção de produtos e serviços; Atitude empreendedora e proativa, estimulando a busca por oportunidades, a iniciativa na criação e no desenvolvimento de projetos e a busca constante por .","Curiosidade - Ser interessado em ideias e ter paixão por aprender, compreensão e exploração intelectual; uma mentalidade curiosa;
Assertividade - Ser capaz de expressar opiniões, necessidades e sentimentos com confiança e exercer influência social;
Cooperação - Viver em harmonia com os outros e valorizar a interconexão entre todas as pessoas;
Autoeficácia - A força das crenças dos indivíduos em sua capacidade de executar tarefas e atingir objetivos.",Marketing Estratégico,C1,3,Marketing Digital,U4,26,Tendências em Marketing Digital,Aula 2: Marketing de influência,Utilizar ferramentas de Inteligência Artificial e automação. ,Demonstrar interesse por novas ideias e conhecimentos.,Compreender o papel dos influenciadores digitais no marketing de influência e no sucesso das marcas.,2. Papel dos influenciadores digitais no marketing
,4,T,"Apoiar o desenvolvimento de estratégias de marketing para os diferentes produtos e os diferentes tipos de empresa; Pensamento analítico para o apoio no desenvolvimento de estratégias de marketing, visando a identificação de oportunidades de mercado, segmentação de clientes e apoio na criação de planos de ação para a promoção de produtos e serviços; Atitude empreendedora e proativa, estimulando a busca por oportunidades, a iniciativa na criação e no desenvolvimento de projetos e a busca constante por .","Curiosidade - Ser interessado em ideias e ter paixão por aprender, compreensão e exploração intelectual; uma mentalidade curiosa;
Assertividade - Ser capaz de expressar opiniões, necessidades e sentimentos com confiança e exercer influência social;
Cooperação - Viver em harmonia com os outros e valorizar a interconexão entre todas as pessoas;
Autoeficácia - A força das crenças dos indivíduos em sua capacidade de executar tarefas e atingir objetivos.",Marketing Estratégico,C1,3,Marketing Digital,U4,26,Tendências em Marketing Digital,Aula 3: Realidade aumentada e virtual,Utilizar ferramentas de Inteligência Artificial e automação. ,Demonstrar interesse por novas ideias e conhecimentos.,Identificar o uso da realidade aumentada e virtual no marketing.,3. Uso da realidade aumentada e virtual no marketing
,4,T,"Apoiar o desenvolvimento de estratégias de marketing para os diferentes produtos e os diferentes tipos de empresa; Pensamento analítico para o apoio no desenvolvimento de estratégias de marketing, visando a identificação de oportunidades de mercado, segmentação de clientes e apoio na criação de planos de ação para a promoção de produtos e serviços; Atitude empreendedora e proativa, estimulando a busca por oportunidades, a iniciativa na criação e no desenvolvimento de projetos e a busca constante por .","Curiosidade - Ser interessado em ideias e ter paixão por aprender, compreensão e exploração intelectual; uma mentalidade curiosa;
Assertividade - Ser capaz de expressar opiniões, necessidades e sentimentos com confiança e exercer influência social;
Cooperação - Viver em harmonia com os outros e valorizar a interconexão entre todas as pessoas;
Autoeficácia - A força das crenças dos indivíduos em sua capacidade de executar tarefas e atingir objetivos.",Marketing Estratégico,C1,3,Marketing de Varejo e Serviços,U5,27,Tendências em Marketing de Varejo e Serviços,Aula 1: Omnichannel,Contribuir no planejamento e na implementação de estratégias tecnológicas integradas e sustentáveis.,Demonstrar interesse por novas ideias e conhecimentos.,Definir o conceito de omnichannel e a importância dessa implementação para empresas e consumidores.,1. Definição e importância de omnichannel
,4,T,"Apoiar o desenvolvimento de estratégias de marketing para os diferentes produtos e os diferentes tipos de empresa; Pensamento analítico para o apoio no desenvolvimento de estratégias de marketing, visando a identificação de oportunidades de mercado, segmentação de clientes e apoio na criação de planos de ação para a promoção de produtos e serviços; Atitude empreendedora e proativa, estimulando a busca por oportunidades, a iniciativa na criação e no desenvolvimento de projetos e a busca constante por .","Curiosidade - Ser interessado em ideias e ter paixão por aprender, compreensão e exploração intelectual; uma mentalidade curiosa;
Assertividade - Ser capaz de expressar opiniões, necessidades e sentimentos com confiança e exercer influência social;
Cooperação - Viver em harmonia com os outros e valorizar a interconexão entre todas as pessoas;
Autoeficácia - A força das crenças dos indivíduos em sua capacidade de executar tarefas e atingir objetivos.",Marketing Estratégico,C1,3,Marketing de Varejo e Serviços,U5,27,Tendências em Marketing de Varejo e Serviços,Aula 2: Tecnologia no varejo,Contribuir no planejamento e na implementação de estratégias tecnológicas integradas e sustentáveis.,Demonstrar interesse por novas ideias e conhecimentos.,Compreender como a tecnologia pode ser aplicada no varejo para aprimorar a experiência do cliente e aumentar a eficiência operacional.,2. O uso da tecnologia no varejo
,4,T,"Apoiar o desenvolvimento de estratégias de marketing para os diferentes produtos e os diferentes tipos de empresa; Pensamento analítico para o apoio no desenvolvimento de estratégias de marketing, visando a identificação de oportunidades de mercado, segmentação de clientes e apoio na criação de planos de ação para a promoção de produtos e serviços; Atitude empreendedora e proativa, estimulando a busca por oportunidades, a iniciativa na criação e no desenvolvimento de projetos e a busca constante por .","Curiosidade - Ser interessado em ideias e ter paixão por aprender, compreensão e exploração intelectual; uma mentalidade curiosa;
Assertividade - Ser capaz de expressar opiniões, necessidades e sentimentos com confiança e exercer influência social;
Cooperação - Viver em harmonia com os outros e valorizar a interconexão entre todas as pessoas;
Autoeficácia - A força das crenças dos indivíduos em sua capacidade de executar tarefas e atingir objetivos.",Marketing Estratégico,C1,3,Marketing de Varejo e Serviços,U5,27,Tendências em Marketing de Varejo e Serviços,Aula 3: Sustentabilidade e responsabilidade social,Contribuir no planejamento e na implementação de estratégias tecnológicas integradas e sustentáveis.,Demonstrar interesse por novas ideias e conhecimentos.,Reconhecer práticas sustentáveis e socialmente responsáveis que podem ser implementadas em empresas de varejo e serviços.,3. Práticas sustentáveis e socialmente responsáveis no varejo e serviços
,Recomposição da Aprendizagem,,,,,,,,,,,,,,,
,4,P,"Apoiar o desenvolvimento de estratégias de marketing para os diferentes produtos e os diferentes tipos de empresa; Pensamento analítico para o apoio no desenvolvimento de estratégias de marketing, visando a identificação de oportunidades de mercado, segmentação de clientes e apoio na criação de planos de ação para a promoção de produtos e serviços; Atitude empreendedora e proativa, estimulando a busca por oportunidades, a iniciativa na criação e no desenvolvimento de projetos e a busca constante por .","Curiosidade - Ser interessado em ideias e ter paixão por aprender, compreensão e exploração intelectual; uma mentalidade curiosa;
Assertividade - Ser capaz de expressar opiniões, necessidades e sentimentos com confiança e exercer influência social;
Cooperação - Viver em harmonia com os outros e valorizar a interconexão entre todas as pessoas;
Autoeficácia - A força das crenças dos indivíduos em sua capacidade de executar tarefas e atingir objetivos.",Marketing Estratégico,C1,3,Marketing de Varejo e Serviços,U5,28,Projeto: Planejamento do Plano de Marketing,Aula 1: Apresentação do plano de marketing,Estruturar e praticar técnicas de apresentação em público.,"
Colaborar e comunicar-se efetivamente com colegas para alcançar objetivos comuns.",Apresentar o plano de marketing desenvolvido durante o ano após todo o conhecimento adquirido.,1. Apresentação do plano de marketing
,4,P,"Apoiar o desenvolvimento de estratégias de marketing para os diferentes produtos e os diferentes tipos de empresa; Pensamento analítico para o apoio no desenvolvimento de estratégias de marketing, visando a identificação de oportunidades de mercado, segmentação de clientes e apoio na criação de planos de ação para a promoção de produtos e serviços; Atitude empreendedora e proativa, estimulando a busca por oportunidades, a iniciativa na criação e no desenvolvimento de projetos e a busca constante por .","Curiosidade - Ser interessado em ideias e ter paixão por aprender, compreensão e exploração intelectual; uma mentalidade curiosa;
Assertividade - Ser capaz de expressar opiniões, necessidades e sentimentos com confiança e exercer influência social;
Cooperação - Viver em harmonia com os outros e valorizar a interconexão entre todas as pessoas;
Autoeficácia - A força das crenças dos indivíduos em sua capacidade de executar tarefas e atingir objetivos.",Marketing Estratégico,C1,3,Marketing de Varejo e Serviços,U5,28,Projeto: Planejamento do Plano de Marketing,Aula 2: Apresentação do plano de marketing,Estruturar e praticar técnicas de apresentação em público.,"
Colaborar e comunicar-se efetivamente com colegas para alcançar objetivos comuns.",Apresentar o plano de marketing desenvolvido durante o ano após todo o conhecimento adquirido.,2. Apresentação do plano de marketing
,4,P,"Apoiar o desenvolvimento de estratégias de marketing para os diferentes produtos e os diferentes tipos de empresa; Pensamento analítico para o apoio no desenvolvimento de estratégias de marketing, visando a identificação de oportunidades de mercado, segmentação de clientes e apoio na criação de planos de ação para a promoção de produtos e serviços; Atitude empreendedora e proativa, estimulando a busca por oportunidades, a iniciativa na criação e no desenvolvimento de projetos e a busca constante por .","Curiosidade - Ser interessado em ideias e ter paixão por aprender, compreensão e exploração intelectual; uma mentalidade curiosa;
Assertividade - Ser capaz de expressar opiniões, necessidades e sentimentos com confiança e exercer influência social;
Cooperação - Viver em harmonia com os outros e valorizar a interconexão entre todas as pessoas;
Autoeficácia - A força das crenças dos indivíduos em sua capacidade de executar tarefas e atingir objetivos.",Marketing Estratégico,C1,3,Marketing de Varejo e Serviços,U5,28,Projeto: Planejamento do Plano de Marketing,Aula 3: Feedback do plano de marketing,Estruturar e praticar técnicas de apresentação em público.,"
Colaborar e comunicar-se efetivamente com colegas para alcançar objetivos comuns.",Compreender o feedback do plano de marketing e da apresentação e identificar pontos de destaque e de melhorias. ,3. Feedback do plano de marketing
,1,T,"Interpretar balanços patrimoniais, identificando ativos, passivos e o patrimônio líquido de uma empresa; Reconhecer e aplicar princípios contábeis para a correta avaliação e apresentação das informações financeiras; Utilizar técnicas de análise financeira, como índices de liquidez, rentabilidade e endividamento, para avaliar a saúde financeira de uma empresa por meio de seus demonstrativos contábeis; Compreender orçamentos empresariais e aplicar técnicas de controle orçamentário para otimizar recursos e maximizar resultados; Identificar e avaliar riscos financeiros e aplicar conhecimentos em finanças para tomar decisões de investimento baseadas em análise de risco-retorno.","Adaptabilidade - Ser capaz de modificar o próprio comportamento e ter estratégias para enfrentar novas condições ou superar obstáculos;
Assertividade - Ser capaz de expressar opiniões, necessidades e sentimentos com confiança e exercer influência social;
Criatividade - Gerar novas maneiras de fazer ou pensar sobre as coisas por meio de exploração, aprendizagem a partir do fracasso, insight e visão.",Gestão Financeira e Contabilidade,C2,3,Princípios Contábeis,U1,1,Conceitos Fundamentais da Contabilidade,Aula 1: A função da contabilidade,Reconhecer princípios contábeis e a importância das demonstrações contábeis.,Pensar de maneira crítica sobre a importância da contabilidade para as empresas.,Identificar a importância da contabilidade na gestão empresarial.,1. Função e aplicação da contabilidade
,1,T,"Interpretar balanços patrimoniais, identificando ativos, passivos e o patrimônio líquido de uma empresa; Reconhecer e aplicar princípios contábeis para a correta avaliação e apresentação das informações financeiras; Utilizar técnicas de análise financeira, como índices de liquidez, rentabilidade e endividamento, para avaliar a saúde financeira de uma empresa por meio de seus demonstrativos contábeis; Compreender orçamentos empresariais e aplicar técnicas de controle orçamentário para otimizar recursos e maximizar resultados; Identificar e avaliar riscos financeiros e aplicar conhecimentos em finanças para tomar decisões de investimento baseadas em análise de risco-retorno.","Adaptabilidade - Ser capaz de modificar o próprio comportamento e ter estratégias para enfrentar novas condições ou superar obstáculos;
Assertividade - Ser capaz de expressar opiniões, necessidades e sentimentos com confiança e exercer influência social;
Criatividade - Gerar novas maneiras de fazer ou pensar sobre as coisas por meio de exploração, aprendizagem a partir do fracasso, insight e visão.",Gestão Financeira e Contabilidade,C2,3,Princípios Contábeis,U1,1,Conceitos Fundamentais da Contabilidade,Aula 2: Objetivos e importância da contabilidade,Reconhecer princípios contábeis e a importância das demonstrações contábeis.,Pensar de maneira crítica sobre a importância da contabilidade para as empresas.,"Identificar os principais objetivos da contabilidade.
Reconhecer a importância das demonstrações contábeis.",2. Importância e objetivos da contabilidade
,1,T,"Interpretar balanços patrimoniais, identificando ativos, passivos e o patrimônio líquido de uma empresa; Reconhecer e aplicar princípios contábeis para a correta avaliação e apresentação das informações financeiras; Utilizar técnicas de análise financeira, como índices de liquidez, rentabilidade e endividamento, para avaliar a saúde financeira de uma empresa por meio de seus demonstrativos contábeis; Compreender orçamentos empresariais e aplicar técnicas de controle orçamentário para otimizar recursos e maximizar resultados; Identificar e avaliar riscos financeiros e aplicar conhecimentos em finanças para tomar decisões de investimento baseadas em análise de risco-retorno.","Adaptabilidade - Ser capaz de modificar o próprio comportamento e ter estratégias para enfrentar novas condições ou superar obstáculos;
Assertividade - Ser capaz de expressar opiniões, necessidades e sentimentos com confiança e exercer influência social;
Criatividade - Gerar novas maneiras de fazer ou pensar sobre as coisas por meio de exploração, aprendizagem a partir do fracasso, insight e visão.",Gestão Financeira e Contabilidade,C2,3,Princípios Contábeis,U1,1,Conceitos Fundamentais da Contabilidade,Aula 3: Normas e princípios contábeis,Reconhecer princípios contábeis e a importância das demonstrações contábeis.,Pensar de maneira crítica sobre a importância da contabilidade para as empresas.,Identificar as principais normas contábeis.,3. Normas e princípios contábeis
,1,T,"Interpretar balanços patrimoniais, identificando ativos, passivos e o patrimônio líquido de uma empresa; Reconhecer e aplicar princípios contábeis para a correta avaliação e apresentação das informações financeiras; Utilizar técnicas de análise financeira, como índices de liquidez, rentabilidade e endividamento, para avaliar a saúde financeira de uma empresa por meio de seus demonstrativos contábeis; Compreender orçamentos empresariais e aplicar técnicas de controle orçamentário para otimizar recursos e maximizar resultados; Identificar e avaliar riscos financeiros e aplicar conhecimentos em finanças para tomar decisões de investimento baseadas em análise de risco-retorno.","Adaptabilidade - Ser capaz de modificar o próprio comportamento e ter estratégias para enfrentar novas condições ou superar obstáculos;
Assertividade - Ser capaz de expressar opiniões, necessidades e sentimentos com confiança e exercer influência social;
Criatividade - Gerar novas maneiras de fazer ou pensar sobre as coisas por meio de exploração, aprendizagem a partir do fracasso, insight e visão.",Gestão Financeira e Contabilidade,C2,3,Princípios Contábeis,U1,2,Princípios Contábeis Geralmente Aceitos (GAAP),Aula 1: Princípios de continuidade e entidade,Identificar os princípios contábeis.,"Comunicar ideias de maneira clara, confiante e eficaz durante argumentação sobre princípios contábeis.",Compreender a importância do Princípio de Continuidade e da Entidade.,1. Princípios de Continuidade e da Entidade
,1,T,"Interpretar balanços patrimoniais, identificando ativos, passivos e o patrimônio líquido de uma empresa; Reconhecer e aplicar princípios contábeis para a correta avaliação e apresentação das informações financeiras; Utilizar técnicas de análise financeira, como índices de liquidez, rentabilidade e endividamento, para avaliar a saúde financeira de uma empresa por meio de seus demonstrativos contábeis; Compreender orçamentos empresariais e aplicar técnicas de controle orçamentário para otimizar recursos e maximizar resultados; Identificar e avaliar riscos financeiros e aplicar conhecimentos em finanças para tomar decisões de investimento baseadas em análise de risco-retorno.","Adaptabilidade - Ser capaz de modificar o próprio comportamento e ter estratégias para enfrentar novas condições ou superar obstáculos;
Assertividade - Ser capaz de expressar opiniões, necessidades e sentimentos com confiança e exercer influência social;
Criatividade - Gerar novas maneiras de fazer ou pensar sobre as coisas por meio de exploração, aprendizagem a partir do fracasso, insight e visão.",Gestão Financeira e Contabilidade,C2,3,Princípios Contábeis,U1,2,Princípios Contábeis Geralmente Aceitos (GAAP),Aula 2: Princípios de custo e realização da receita,Identificar os princípios contábeis.,"Comunicar ideias de maneira clara, confiante e eficaz durante argumentação sobre princípios contábeis.","Compreender a importância do Princípio do Custo na contabilidade.
Identificar quando uma receita deve ser reconhecida de acordo com o Princípio da Realização.",2. Princípios de Custo e da Realização da Receita
,1,T,"Interpretar balanços patrimoniais, identificando ativos, passivos e o patrimônio líquido de uma empresa; Reconhecer e aplicar princípios contábeis para a correta avaliação e apresentação das informações financeiras; Utilizar técnicas de análise financeira, como índices de liquidez, rentabilidade e endividamento, para avaliar a saúde financeira de uma empresa por meio de seus demonstrativos contábeis; Compreender orçamentos empresariais e aplicar técnicas de controle orçamentário para otimizar recursos e maximizar resultados; Identificar e avaliar riscos financeiros e aplicar conhecimentos em finanças para tomar decisões de investimento baseadas em análise de risco-retorno.","Adaptabilidade - Ser capaz de modificar o próprio comportamento e ter estratégias para enfrentar novas condições ou superar obstáculos;
Assertividade - Ser capaz de expressar opiniões, necessidades e sentimentos com confiança e exercer influência social;
Criatividade - Gerar novas maneiras de fazer ou pensar sobre as coisas por meio de exploração, aprendizagem a partir do fracasso, insight e visão.",Gestão Financeira e Contabilidade,C2,3,Princípios Contábeis,U1,2,Princípios Contábeis Geralmente Aceitos (GAAP),Aula 3: Princípios de competência e prudência,Identificar os princípios contábeis.,"Comunicar ideias de maneira clara, confiante e eficaz durante argumentação sobre princípios contábeis.","Compreender a importância do Princípio da Competência na contabilidade.
Entender a aplicação do Princípio da Prudência na contabilidade.",3. Princípios da Competência e da Prudência
,1,T,"Interpretar balanços patrimoniais, identificando ativos, passivos e o patrimônio líquido de uma empresa; Reconhecer e aplicar princípios contábeis para a correta avaliação e apresentação das informações financeiras; Utilizar técnicas de análise financeira, como índices de liquidez, rentabilidade e endividamento, para avaliar a saúde financeira de uma empresa por meio de seus demonstrativos contábeis; Compreender orçamentos empresariais e aplicar técnicas de controle orçamentário para otimizar recursos e maximizar resultados; Identificar e avaliar riscos financeiros e aplicar conhecimentos em finanças para tomar decisões de investimento baseadas em análise de risco-retorno.","Adaptabilidade - Ser capaz de modificar o próprio comportamento e ter estratégias para enfrentar novas condições ou superar obstáculos;
Assertividade - Ser capaz de expressar opiniões, necessidades e sentimentos com confiança e exercer influência social;
Criatividade - Gerar novas maneiras de fazer ou pensar sobre as coisas por meio de exploração, aprendizagem a partir do fracasso, insight e visão.",Gestão Financeira e Contabilidade,C2,3,Balanço Patrimonial,U2,3,Estrutura do Balanço Patrimonial,Aula 1: Ativos: definição e classificação,Reconhecer os componentes do balanço patrimonial.,Apoiar a adaptação de abordagens e estratégias ao enfrentar desafios contábeis ou mudanças normativas.,"Identificar a importância dos ativos no balanço patrimonial.
Identificar e classificar os diferentes tipos de ativo.",1. Identificar e classificar ativos
,1,T,"Interpretar balanços patrimoniais, identificando ativos, passivos e o patrimônio líquido de uma empresa; Reconhecer e aplicar princípios contábeis para a correta avaliação e apresentação das informações financeiras; Utilizar técnicas de análise financeira, como índices de liquidez, rentabilidade e endividamento, para avaliar a saúde financeira de uma empresa por meio de seus demonstrativos contábeis; Compreender orçamentos empresariais e aplicar técnicas de controle orçamentário para otimizar recursos e maximizar resultados; Identificar e avaliar riscos financeiros e aplicar conhecimentos em finanças para tomar decisões de investimento baseadas em análise de risco-retorno.","Adaptabilidade - Ser capaz de modificar o próprio comportamento e ter estratégias para enfrentar novas condições ou superar obstáculos;
Assertividade - Ser capaz de expressar opiniões, necessidades e sentimentos com confiança e exercer influência social;
Criatividade - Gerar novas maneiras de fazer ou pensar sobre as coisas por meio de exploração, aprendizagem a partir do fracasso, insight e visão.",Gestão Financeira e Contabilidade,C2,3,Balanço Patrimonial,U2,3,Estrutura do Balanço Patrimonial,Aula 2: Passivos: definição e classificação,Reconhecer os componentes do balanço patrimonial.,Apoiar a adaptação de abordagens e estratégias ao enfrentar desafios contábeis ou mudanças normativas.,"Identificar a importância dos passivos no balanço patrimonial.
Identificar e classificar os diferentes tipos de passivo.",2. Identificar e classificar passivos
,1,T,"Interpretar balanços patrimoniais, identificando ativos, passivos e o patrimônio líquido de uma empresa; Reconhecer e aplicar princípios contábeis para a correta avaliação e apresentação das informações financeiras; Utilizar técnicas de análise financeira, como índices de liquidez, rentabilidade e endividamento, para avaliar a saúde financeira de uma empresa por meio de seus demonstrativos contábeis; Compreender orçamentos empresariais e aplicar técnicas de controle orçamentário para otimizar recursos e maximizar resultados; Identificar e avaliar riscos financeiros e aplicar conhecimentos em finanças para tomar decisões de investimento baseadas em análise de risco-retorno.","Adaptabilidade - Ser capaz de modificar o próprio comportamento e ter estratégias para enfrentar novas condições ou superar obstáculos;
Assertividade - Ser capaz de expressar opiniões, necessidades e sentimentos com confiança e exercer influência social;
Criatividade - Gerar novas maneiras de fazer ou pensar sobre as coisas por meio de exploração, aprendizagem a partir do fracasso, insight e visão.",Gestão Financeira e Contabilidade,C2,3,Balanço Patrimonial,U2,3,Estrutura do Balanço Patrimonial,Aula 3: Patrimônio líquido: composição e importância,Reconhecer os componentes do balanço patrimonial.,Apoiar a adaptação de abordagens e estratégias ao enfrentar desafios contábeis ou mudanças normativas.,Identificar a composição do patrimônio líquido e sua importância no balanço patrimonial.,3. Identificar a composição do patrimônio líquido
,1,T,"Interpretar balanços patrimoniais, identificando ativos, passivos e o patrimônio líquido de uma empresa; Reconhecer e aplicar princípios contábeis para a correta avaliação e apresentação das informações financeiras; Utilizar técnicas de análise financeira, como índices de liquidez, rentabilidade e endividamento, para avaliar a saúde financeira de uma empresa por meio de seus demonstrativos contábeis; Compreender orçamentos empresariais e aplicar técnicas de controle orçamentário para otimizar recursos e maximizar resultados; Identificar e avaliar riscos financeiros e aplicar conhecimentos em finanças para tomar decisões de investimento baseadas em análise de risco-retorno.","Adaptabilidade - Ser capaz de modificar o próprio comportamento e ter estratégias para enfrentar novas condições ou superar obstáculos;
Assertividade - Ser capaz de expressar opiniões, necessidades e sentimentos com confiança e exercer influência social;
Criatividade - Gerar novas maneiras de fazer ou pensar sobre as coisas por meio de exploração, aprendizagem a partir do fracasso, insight e visão.",Gestão Financeira e Contabilidade,C2,3,Balanço Patrimonial,U2,4,Elaboração do Balanço Patrimonial,Aula 1: Conhecendo o plano de contas,Aplicar procedimentos de plano de contas e registro das transações para garantir a integridade das informações financeiras.,Explorar novas abordagens e ideias para melhorar processos e resolver questões.,"Conhecer a importância do plano de contas na contabilidade.
Identificar e classificar as diferentes contas dentro de um plano de contas.",1. Plano de contas
,1,T,"Interpretar balanços patrimoniais, identificando ativos, passivos e o patrimônio líquido de uma empresa; Reconhecer e aplicar princípios contábeis para a correta avaliação e apresentação das informações financeiras; Utilizar técnicas de análise financeira, como índices de liquidez, rentabilidade e endividamento, para avaliar a saúde financeira de uma empresa por meio de seus demonstrativos contábeis; Compreender orçamentos empresariais e aplicar técnicas de controle orçamentário para otimizar recursos e maximizar resultados; Identificar e avaliar riscos financeiros e aplicar conhecimentos em finanças para tomar decisões de investimento baseadas em análise de risco-retorno.","Adaptabilidade - Ser capaz de modificar o próprio comportamento e ter estratégias para enfrentar novas condições ou superar obstáculos;
Assertividade - Ser capaz de expressar opiniões, necessidades e sentimentos com confiança e exercer influência social;
Criatividade - Gerar novas maneiras de fazer ou pensar sobre as coisas por meio de exploração, aprendizagem a partir do fracasso, insight e visão.",Gestão Financeira e Contabilidade,C2,3,Balanço Patrimonial,U2,4,Elaboração do Balanço Patrimonial,Aula 2: Processo de escrituração contábil,Aplicar procedimentos de plano de contas e registro das transações para garantir a integridade das informações financeiras.,Explorar novas abordagens e ideias para melhorar processos e resolver questões.,"Registrar as transações utilizando o método de partidas dobradas.
Desenvolver a capacidade de identificar e corrigir erros comuns em lançamentos contábeis.",2. Escrituração contábil
,1,T,"Interpretar balanços patrimoniais, identificando ativos, passivos e o patrimônio líquido de uma empresa; Reconhecer e aplicar princípios contábeis para a correta avaliação e apresentação das informações financeiras; Utilizar técnicas de análise financeira, como índices de liquidez, rentabilidade e endividamento, para avaliar a saúde financeira de uma empresa por meio de seus demonstrativos contábeis; Compreender orçamentos empresariais e aplicar técnicas de controle orçamentário para otimizar recursos e maximizar resultados; Identificar e avaliar riscos financeiros e aplicar conhecimentos em finanças para tomar decisões de investimento baseadas em análise de risco-retorno.","Adaptabilidade - Ser capaz de modificar o próprio comportamento e ter estratégias para enfrentar novas condições ou superar obstáculos;
Assertividade - Ser capaz de expressar opiniões, necessidades e sentimentos com confiança e exercer influência social;
Criatividade - Gerar novas maneiras de fazer ou pensar sobre as coisas por meio de exploração, aprendizagem a partir do fracasso, insight e visão.",Gestão Financeira e Contabilidade,C2,3,Balanço Patrimonial,U2,4,Elaboração do Balanço Patrimonial,Aula 3: Demonstração de saldos e balancetes,Aplicar procedimentos de plano de contas e registro das transações para garantir a integridade das informações financeiras.,Explorar novas abordagens e ideias para melhorar processos e resolver questões.,"Preparar balancetes de verificação a partir dos registros contábeis.
Analisar saldos de contas e identificar inconsistências.",3. Balancetes de verificação
,Recomposição da Aprendizagem,,,,,,,,,,,,,,,
,1,T,"Interpretar balanços patrimoniais, identificando ativos, passivos e o patrimônio líquido de uma empresa; Reconhecer e aplicar princípios contábeis para a correta avaliação e apresentação das informações financeiras; Utilizar técnicas de análise financeira, como índices de liquidez, rentabilidade e endividamento, para avaliar a saúde financeira de uma empresa por meio de seus demonstrativos contábeis; Compreender orçamentos empresariais e aplicar técnicas de controle orçamentário para otimizar recursos e maximizar resultados; Identificar e avaliar riscos financeiros e aplicar conhecimentos em finanças para tomar decisões de investimento baseadas em análise de risco-retorno.","Adaptabilidade - Ser capaz de modificar o próprio comportamento e ter estratégias para enfrentar novas condições ou superar obstáculos;
Assertividade - Ser capaz de expressar opiniões, necessidades e sentimentos com confiança e exercer influência social;
Criatividade - Gerar novas maneiras de fazer ou pensar sobre as coisas por meio de exploração, aprendizagem a partir do fracasso, insight e visão.",Gestão Financeira e Contabilidade,C2,3,Balanço Patrimonial,U2,5,Saúde econômico-financeira da empresa,Aula 1: Introdução à saúde financeira empresarial,Utilizar princípios contábeis para avaliação e apresentação das informações financeiras.,"Apoiar a adaptação de planos de ação com base em novos conhecimentos contábeis, demonstrando flexibilidade e capacidade de resposta rápida.","Analisar a estrutura de capital de empresas.
Identificar situação financeira de organizações.",1. Saúde financeira empresarial
,1,T,"Interpretar balanços patrimoniais, identificando ativos, passivos e o patrimônio líquido de uma empresa; Reconhecer e aplicar princípios contábeis para a correta avaliação e apresentação das informações financeiras; Utilizar técnicas de análise financeira, como índices de liquidez, rentabilidade e endividamento, para avaliar a saúde financeira de uma empresa por meio de seus demonstrativos contábeis; Compreender orçamentos empresariais e aplicar técnicas de controle orçamentário para otimizar recursos e maximizar resultados; Identificar e avaliar riscos financeiros e aplicar conhecimentos em finanças para tomar decisões de investimento baseadas em análise de risco-retorno.","Adaptabilidade - Ser capaz de modificar o próprio comportamento e ter estratégias para enfrentar novas condições ou superar obstáculos;
Assertividade - Ser capaz de expressar opiniões, necessidades e sentimentos com confiança e exercer influência social;
Criatividade - Gerar novas maneiras de fazer ou pensar sobre as coisas por meio de exploração, aprendizagem a partir do fracasso, insight e visão.",Gestão Financeira e Contabilidade,C2,3,Balanço Patrimonial,U2,5,Saúde econômico-financeira da empresa,Aula 2: Entendendo a liquidez e a solvência empresarial,Utilizar princípios contábeis para avaliação e apresentação das informações financeiras.,"Apoiar a adaptação de planos de ação com base em novos conhecimentos contábeis, demonstrando flexibilidade e capacidade de resposta rápida.","Avaliar a liquidez de uma empresa por meio de índices financeiros.
Analisar a solvência empresarial considerando a estrutura de capital.",2. Liquidez e solvência empresarial
,1,T,"Interpretar balanços patrimoniais, identificando ativos, passivos e o patrimônio líquido de uma empresa; Reconhecer e aplicar princípios contábeis para a correta avaliação e apresentação das informações financeiras; Utilizar técnicas de análise financeira, como índices de liquidez, rentabilidade e endividamento, para avaliar a saúde financeira de uma empresa por meio de seus demonstrativos contábeis; Compreender orçamentos empresariais e aplicar técnicas de controle orçamentário para otimizar recursos e maximizar resultados; Identificar e avaliar riscos financeiros e aplicar conhecimentos em finanças para tomar decisões de investimento baseadas em análise de risco-retorno.","Adaptabilidade - Ser capaz de modificar o próprio comportamento e ter estratégias para enfrentar novas condições ou superar obstáculos;
Assertividade - Ser capaz de expressar opiniões, necessidades e sentimentos com confiança e exercer influência social;
Criatividade - Gerar novas maneiras de fazer ou pensar sobre as coisas por meio de exploração, aprendizagem a partir do fracasso, insight e visão.",Gestão Financeira e Contabilidade,C2,3,Balanço Patrimonial,U2,5,Saúde econômico-financeira da empresa,Aula 3: Análise de balanço e gestão de endividamento,Utilizar princípios contábeis para avaliação e apresentação das informações financeiras.,"Apoiar a adaptação de planos de ação com base em novos conhecimentos contábeis, demonstrando flexibilidade e capacidade de resposta rápida.","Utilizar técnicas de análises de balanços patrimoniais.
Conhecer estratégias de gestão de endividamento corporativo.",3. Análise de balanço e gestão estratégica de endividamento
X,1,P,"Interpretar balanços patrimoniais, identificando ativos, passivos e o patrimônio líquido de uma empresa; Reconhecer e aplicar princípios contábeis para a correta avaliação e apresentação das informações financeiras; Utilizar técnicas de análise financeira, como índices de liquidez, rentabilidade e endividamento, para avaliar a saúde financeira de uma empresa por meio de seus demonstrativos contábeis; Compreender orçamentos empresariais e aplicar técnicas de controle orçamentário para otimizar recursos e maximizar resultados; Identificar e avaliar riscos financeiros e aplicar conhecimentos em finanças para tomar decisões de investimento baseadas em análise de risco-retorno.","Adaptabilidade - Ser capaz de modificar o próprio comportamento e ter estratégias para enfrentar novas condições ou superar obstáculos;
Assertividade - Ser capaz de expressar opiniões, necessidades e sentimentos com confiança e exercer influência social;
Criatividade - Gerar novas maneiras de fazer ou pensar sobre as coisas por meio de exploração, aprendizagem a partir do fracasso, insight e visão.",Gestão Financeira e Contabilidade,C2,3,Balanço Patrimonial,U2,6,Leitura Crítica do Balanço na Prática,Aula 1: Construção do balanço patrimonial no Excel,Utilizar fórmulas e funções do Excel para automatizar cálculos e análises financeiras.,Comunicar eficazmente sobre a aplicação de princípios contábeis em situações práticas.,Desenvolver habilidades práticas na construção de um balanço patrimonial utilizando o Excel.,1. Construção do balanço patrimonial no Excel
X,1,P,"Interpretar balanços patrimoniais, identificando ativos, passivos e o patrimônio líquido de uma empresa; Reconhecer e aplicar princípios contábeis para a correta avaliação e apresentação das informações financeiras; Utilizar técnicas de análise financeira, como índices de liquidez, rentabilidade e endividamento, para avaliar a saúde financeira de uma empresa por meio de seus demonstrativos contábeis; Compreender orçamentos empresariais e aplicar técnicas de controle orçamentário para otimizar recursos e maximizar resultados; Identificar e avaliar riscos financeiros e aplicar conhecimentos em finanças para tomar decisões de investimento baseadas em análise de risco-retorno.","Adaptabilidade - Ser capaz de modificar o próprio comportamento e ter estratégias para enfrentar novas condições ou superar obstáculos;
Assertividade - Ser capaz de expressar opiniões, necessidades e sentimentos com confiança e exercer influência social;
Criatividade - Gerar novas maneiras de fazer ou pensar sobre as coisas por meio de exploração, aprendizagem a partir do fracasso, insight e visão.",Gestão Financeira e Contabilidade,C2,3,Balanço Patrimonial,U2,6,Leitura Crítica do Balanço na Prática,Aula 2: Cálculo dos índices de liquidez e solvência com Excel,Utilizar fórmulas e funções do Excel para automatizar cálculos e análises financeiras.,Comunicar eficazmente sobre a aplicação de princípios contábeis em situações práticas.,"Calcular índices de liquidez e solvência utilizando o Excel, a partir dos dados de um balanço patrimonial.","2 Revisar os índices de liquidez e solvência na análise financeira empresarial
2.1 Explicar como utilizar fórmulas e funções do Excel para automatizar os cálculos desses índices
"
X,1,P,"Interpretar balanços patrimoniais, identificando ativos, passivos e o patrimônio líquido de uma empresa; Reconhecer e aplicar princípios contábeis para a correta avaliação e apresentação das informações financeiras; Utilizar técnicas de análise financeira, como índices de liquidez, rentabilidade e endividamento, para avaliar a saúde financeira de uma empresa por meio de seus demonstrativos contábeis; Compreender orçamentos empresariais e aplicar técnicas de controle orçamentário para otimizar recursos e maximizar resultados; Identificar e avaliar riscos financeiros e aplicar conhecimentos em finanças para tomar decisões de investimento baseadas em análise de risco-retorno.","Adaptabilidade - Ser capaz de modificar o próprio comportamento e ter estratégias para enfrentar novas condições ou superar obstáculos;
Assertividade - Ser capaz de expressar opiniões, necessidades e sentimentos com confiança e exercer influência social;
Criatividade - Gerar novas maneiras de fazer ou pensar sobre as coisas por meio de exploração, aprendizagem a partir do fracasso, insight e visão.",Gestão Financeira e Contabilidade,C2,3,Balanço Patrimonial,U2,6,Leitura Crítica do Balanço na Prática,Aula 3: Analisando a saúde financeira da empresa na prática,Utilizar fórmulas e funções do Excel para automatizar cálculos e análises financeiras.,Comunicar eficazmente sobre a aplicação de princípios contábeis em situações práticas.,Analisar a saúde financeira de empresas na prática com base nos indicadores de liquidez e solvência.,3. Utilizar os índices para tomar decisões informadas sobre a saúde financeira de uma empresa na prática
,Recomposição da Aprendizagem,,,,,,,,,,,,,,,
,Recomposição da Aprendizagem,,,,,,,,,,,,,,,
,1,T,"Interpretar balanços patrimoniais, identificando ativos, passivos e o patrimônio líquido de uma empresa; Reconhecer e aplicar princípios contábeis para a correta avaliação e apresentação das informações financeiras; Utilizar técnicas de análise financeira, como índices de liquidez, rentabilidade e endividamento, para avaliar a saúde financeira de uma empresa por meio de seus demonstrativos contábeis; Compreender orçamentos empresariais e aplicar técnicas de controle orçamentário para otimizar recursos e maximizar resultados; Identificar e avaliar riscos financeiros e aplicar conhecimentos em finanças para tomar decisões de investimento baseadas em análise de risco-retorno.","Adaptabilidade - Ser capaz de modificar o próprio comportamento e ter estratégias para enfrentar novas condições ou superar obstáculos;
Assertividade - Ser capaz de expressar opiniões, necessidades e sentimentos com confiança e exercer influência social;
Criatividade - Gerar novas maneiras de fazer ou pensar sobre as coisas por meio de exploração, aprendizagem a partir do fracasso, insight e visão.",Gestão Financeira e Contabilidade,C2,3,Demonstração do Resultado do Exercício,U3,7,Estrutura da DRE,"Aula 1: Receitas brutas, líquidas, impostos e despesas operacionais","Interpretar lucro como indicador de eficiência operacional, medida de rentabilidade da operação e resultado final.",Explorar novas abordagens para resolver problemas contábeis.,Compreender os princípios contábeis relacionados à contabilização de receitas e despesas operacionais.,"1. Receitas, impostos e despesas operacionais"
,1,T,"Interpretar balanços patrimoniais, identificando ativos, passivos e o patrimônio líquido de uma empresa; Reconhecer e aplicar princípios contábeis para a correta avaliação e apresentação das informações financeiras; Utilizar técnicas de análise financeira, como índices de liquidez, rentabilidade e endividamento, para avaliar a saúde financeira de uma empresa por meio de seus demonstrativos contábeis; Compreender orçamentos empresariais e aplicar técnicas de controle orçamentário para otimizar recursos e maximizar resultados; Identificar e avaliar riscos financeiros e aplicar conhecimentos em finanças para tomar decisões de investimento baseadas em análise de risco-retorno.","Adaptabilidade - Ser capaz de modificar o próprio comportamento e ter estratégias para enfrentar novas condições ou superar obstáculos;
Assertividade - Ser capaz de expressar opiniões, necessidades e sentimentos com confiança e exercer influência social;
Criatividade - Gerar novas maneiras de fazer ou pensar sobre as coisas por meio de exploração, aprendizagem a partir do fracasso, insight e visão.",Gestão Financeira e Contabilidade,C2,3,Demonstração do Resultado do Exercício,U3,7,Estrutura da DRE,Aula 2: Receitas e despesas financeiras e não operacionais,"Interpretar lucro como indicador de eficiência operacional, medida de rentabilidade da operação e resultado final.",Explorar novas abordagens para resolver problemas contábeis.,Interpretar receitas e despesas financeiras e não operacionais.,2. Receitas e despesas financeiras e não operacionais
,1,T,"Interpretar balanços patrimoniais, identificando ativos, passivos e o patrimônio líquido de uma empresa; Reconhecer e aplicar princípios contábeis para a correta avaliação e apresentação das informações financeiras; Utilizar técnicas de análise financeira, como índices de liquidez, rentabilidade e endividamento, para avaliar a saúde financeira de uma empresa por meio de seus demonstrativos contábeis; Compreender orçamentos empresariais e aplicar técnicas de controle orçamentário para otimizar recursos e maximizar resultados; Identificar e avaliar riscos financeiros e aplicar conhecimentos em finanças para tomar decisões de investimento baseadas em análise de risco-retorno.","Adaptabilidade - Ser capaz de modificar o próprio comportamento e ter estratégias para enfrentar novas condições ou superar obstáculos;
Assertividade - Ser capaz de expressar opiniões, necessidades e sentimentos com confiança e exercer influência social;
Criatividade - Gerar novas maneiras de fazer ou pensar sobre as coisas por meio de exploração, aprendizagem a partir do fracasso, insight e visão.",Gestão Financeira e Contabilidade,C2,3,Demonstração do Resultado do Exercício,U3,7,Estrutura da DRE,"Aula 3: Lucro bruto, lucro operacional e lucro líquido","Interpretar lucro como indicador de eficiência operacional, medida de rentabilidade da operação e resultado final.",Explorar novas abordagens para resolver problemas contábeis.,"Relacionar os conceitos de lucro bruto, lucro operacional e lucro líquido e sua aplicação na avaliação do desempenho financeiro de uma empresa.","3. Lucro bruto, lucro operacional e lucro líquido"
,2,T,"Interpretar balanços patrimoniais, identificando ativos, passivos e o patrimônio líquido de uma empresa; Reconhecer e aplicar princípios contábeis para a correta avaliação e apresentação das informações financeiras; Utilizar técnicas de análise financeira, como índices de liquidez, rentabilidade e endividamento, para avaliar a saúde financeira de uma empresa por meio de seus demonstrativos contábeis; Compreender orçamentos empresariais e aplicar técnicas de controle orçamentário para otimizar recursos e maximizar resultados; Identificar e avaliar riscos financeiros e aplicar conhecimentos em finanças para tomar decisões de investimento baseadas em análise de risco-retorno.","Adaptabilidade - Ser capaz de modificar o próprio comportamento e ter estratégias para enfrentar novas condições ou superar obstáculos;
Assertividade - Ser capaz de expressar opiniões, necessidades e sentimentos com confiança e exercer influência social;
Criatividade - Gerar novas maneiras de fazer ou pensar sobre as coisas por meio de exploração, aprendizagem a partir do fracasso, insight e visão.",Gestão Financeira e Contabilidade,C2,3,Demonstração do Resultado do Exercício,U3,8,Processos de Apuração do Resultado,Aula 1: Reconhecimento de receitas e despesas,Identificar a diferença entre ajustes fiscais e ajustes contábeis.,Explorar novas abordagens para resolver problemas contábeis.,"Identificar os diferentes tipos de receita e despesa.
Registrar receitas e despesas para composição da Demonstração do Resultado do Exercício.",1. Classificação das receitas e das despesas
,2,T,"Interpretar balanços patrimoniais, identificando ativos, passivos e o patrimônio líquido de uma empresa; Reconhecer e aplicar princípios contábeis para a correta avaliação e apresentação das informações financeiras; Utilizar técnicas de análise financeira, como índices de liquidez, rentabilidade e endividamento, para avaliar a saúde financeira de uma empresa por meio de seus demonstrativos contábeis; Compreender orçamentos empresariais e aplicar técnicas de controle orçamentário para otimizar recursos e maximizar resultados; Identificar e avaliar riscos financeiros e aplicar conhecimentos em finanças para tomar decisões de investimento baseadas em análise de risco-retorno.","Adaptabilidade - Ser capaz de modificar o próprio comportamento e ter estratégias para enfrentar novas condições ou superar obstáculos;
Assertividade - Ser capaz de expressar opiniões, necessidades e sentimentos com confiança e exercer influência social;
Criatividade - Gerar novas maneiras de fazer ou pensar sobre as coisas por meio de exploração, aprendizagem a partir do fracasso, insight e visão.",Gestão Financeira e Contabilidade,C2,3,Demonstração do Resultado do Exercício,U3,8,Processos de Apuração do Resultado,Aula 2: Regime de competência e regime de caixa,Identificar a diferença entre ajustes fiscais e ajustes contábeis.,Explorar novas abordagens para resolver problemas contábeis.,Compreender as características do regime de competência e o regime de caixa.,2. Regimes contábeis nas demonstrações financeiras
,2,T,"Interpretar balanços patrimoniais, identificando ativos, passivos e o patrimônio líquido de uma empresa; Reconhecer e aplicar princípios contábeis para a correta avaliação e apresentação das informações financeiras; Utilizar técnicas de análise financeira, como índices de liquidez, rentabilidade e endividamento, para avaliar a saúde financeira de uma empresa por meio de seus demonstrativos contábeis; Compreender orçamentos empresariais e aplicar técnicas de controle orçamentário para otimizar recursos e maximizar resultados; Identificar e avaliar riscos financeiros e aplicar conhecimentos em finanças para tomar decisões de investimento baseadas em análise de risco-retorno.","Adaptabilidade - Ser capaz de modificar o próprio comportamento e ter estratégias para enfrentar novas condições ou superar obstáculos;
Assertividade - Ser capaz de expressar opiniões, necessidades e sentimentos com confiança e exercer influência social;
Criatividade - Gerar novas maneiras de fazer ou pensar sobre as coisas por meio de exploração, aprendizagem a partir do fracasso, insight e visão.",Gestão Financeira e Contabilidade,C2,3,Demonstração do Resultado do Exercício,U3,8,Processos de Apuração do Resultado,Aula 3: Ajustes fiscais e ajustes contábeis,Identificar a diferença entre ajustes fiscais e ajustes contábeis.,Explorar novas abordagens para resolver problemas contábeis.,Identificar os principais tipos de ajuste fiscal e contábil.,3. Conformidade nas demonstrações financeiras
,Recomposição da Aprendizagem,,,,,,,,,,,,,,,
,2,T,"Interpretar balanços patrimoniais, identificando ativos, passivos e o patrimônio líquido de uma empresa; Reconhecer e aplicar princípios contábeis para a correta avaliação e apresentação das informações financeiras; Utilizar técnicas de análise financeira, como índices de liquidez, rentabilidade e endividamento, para avaliar a saúde financeira de uma empresa por meio de seus demonstrativos contábeis; Compreender orçamentos empresariais e aplicar técnicas de controle orçamentário para otimizar recursos e maximizar resultados; Identificar e avaliar riscos financeiros e aplicar conhecimentos em finanças para tomar decisões de investimento baseadas em análise de risco-retorno.","Adaptabilidade - Ser capaz de modificar o próprio comportamento e ter estratégias para enfrentar novas condições ou superar obstáculos;
Assertividade - Ser capaz de expressar opiniões, necessidades e sentimentos com confiança e exercer influência social;
Criatividade - Gerar novas maneiras de fazer ou pensar sobre as coisas por meio de exploração, aprendizagem a partir do fracasso, insight e visão.",Gestão Financeira e Contabilidade,C2,3,Demonstração do Resultado do Exercício,U3,9,Análise da DRE,"Aula 1: Margem bruta, margem líquida e índice de lucratividade",Reconhecer a diferença entre eficiência e eficácia nas avaliações financeiras.,Pensar de maneira crítica sobre a análise das demonstrações contábeis.,Identificar os componentes que formam a margem bruta e a margem líquida.,1. Interpretação dos indicadores de lucratividade
,2,T,"Interpretar balanços patrimoniais, identificando ativos, passivos e o patrimônio líquido de uma empresa; Reconhecer e aplicar princípios contábeis para a correta avaliação e apresentação das informações financeiras; Utilizar técnicas de análise financeira, como índices de liquidez, rentabilidade e endividamento, para avaliar a saúde financeira de uma empresa por meio de seus demonstrativos contábeis; Compreender orçamentos empresariais e aplicar técnicas de controle orçamentário para otimizar recursos e maximizar resultados; Identificar e avaliar riscos financeiros e aplicar conhecimentos em finanças para tomar decisões de investimento baseadas em análise de risco-retorno.","Adaptabilidade - Ser capaz de modificar o próprio comportamento e ter estratégias para enfrentar novas condições ou superar obstáculos;
Assertividade - Ser capaz de expressar opiniões, necessidades e sentimentos com confiança e exercer influência social;
Criatividade - Gerar novas maneiras de fazer ou pensar sobre as coisas por meio de exploração, aprendizagem a partir do fracasso, insight e visão.",Gestão Financeira e Contabilidade,C2,3,Demonstração do Resultado do Exercício,U3,9,Análise da DRE,Aula 2: Ebitda (LAJIRDA) e Ebit (LAJIR),Reconhecer a diferença entre eficiência e eficácia nas avaliações financeiras.,Pensar de maneira crítica sobre a análise das demonstrações contábeis.,Relacionar a importância do EBITDA e do EBIT para a avaliação do desempenho financeiro de uma empresa.,2. Interpretação do EBIT e EBITDA
,2,T,"Interpretar balanços patrimoniais, identificando ativos, passivos e o patrimônio líquido de uma empresa; Reconhecer e aplicar princípios contábeis para a correta avaliação e apresentação das informações financeiras; Utilizar técnicas de análise financeira, como índices de liquidez, rentabilidade e endividamento, para avaliar a saúde financeira de uma empresa por meio de seus demonstrativos contábeis; Compreender orçamentos empresariais e aplicar técnicas de controle orçamentário para otimizar recursos e maximizar resultados; Identificar e avaliar riscos financeiros e aplicar conhecimentos em finanças para tomar decisões de investimento baseadas em análise de risco-retorno.","Adaptabilidade - Ser capaz de modificar o próprio comportamento e ter estratégias para enfrentar novas condições ou superar obstáculos;
Assertividade - Ser capaz de expressar opiniões, necessidades e sentimentos com confiança e exercer influência social;
Criatividade - Gerar novas maneiras de fazer ou pensar sobre as coisas por meio de exploração, aprendizagem a partir do fracasso, insight e visão.",Gestão Financeira e Contabilidade,C2,3,Demonstração do Resultado do Exercício,U3,9,Análise da DRE,Aula 3: Conceitos de eficiência e eficácia no resultado,Reconhecer a diferença entre eficiência e eficácia nas avaliações financeiras.,Pensar de maneira crítica sobre a análise das demonstrações contábeis.,Compreender como a eficiência e a eficácia afetam o desempenho.,3. Desempenho empresarial: eficiência e eficácia
,2,T,"Interpretar balanços patrimoniais, identificando ativos, passivos e o patrimônio líquido de uma empresa; Reconhecer e aplicar princípios contábeis para a correta avaliação e apresentação das informações financeiras; Utilizar técnicas de análise financeira, como índices de liquidez, rentabilidade e endividamento, para avaliar a saúde financeira de uma empresa por meio de seus demonstrativos contábeis; Compreender orçamentos empresariais e aplicar técnicas de controle orçamentário para otimizar recursos e maximizar resultados; Identificar e avaliar riscos financeiros e aplicar conhecimentos em finanças para tomar decisões de investimento baseadas em análise de risco-retorno.","Adaptabilidade - Ser capaz de modificar o próprio comportamento e ter estratégias para enfrentar novas condições ou superar obstáculos;
Assertividade - Ser capaz de expressar opiniões, necessidades e sentimentos com confiança e exercer influência social;
Criatividade - Gerar novas maneiras de fazer ou pensar sobre as coisas por meio de exploração, aprendizagem a partir do fracasso, insight e visão.",Gestão Financeira e Contabilidade,C2,3,Demonstração do Resultado do Exercício,U3,10,Interpretação de Resultados,Aula 1: Indicadores de atividade ,"Compreender a função dos indicadores de atividade e a análise comparativa entre empresa, concorrência e setor.",Comunicar de forma eficaz os resultados das análises financeiras.,"Compreender a função dos indicadores de atividade.
",1. Interpretação dos indicadores de atividade
,2,T,"Interpretar balanços patrimoniais, identificando ativos, passivos e o patrimônio líquido de uma empresa; Reconhecer e aplicar princípios contábeis para a correta avaliação e apresentação das informações financeiras; Utilizar técnicas de análise financeira, como índices de liquidez, rentabilidade e endividamento, para avaliar a saúde financeira de uma empresa por meio de seus demonstrativos contábeis; Compreender orçamentos empresariais e aplicar técnicas de controle orçamentário para otimizar recursos e maximizar resultados; Identificar e avaliar riscos financeiros e aplicar conhecimentos em finanças para tomar decisões de investimento baseadas em análise de risco-retorno.","Adaptabilidade - Ser capaz de modificar o próprio comportamento e ter estratégias para enfrentar novas condições ou superar obstáculos;
Assertividade - Ser capaz de expressar opiniões, necessidades e sentimentos com confiança e exercer influência social;
Criatividade - Gerar novas maneiras de fazer ou pensar sobre as coisas por meio de exploração, aprendizagem a partir do fracasso, insight e visão.",Gestão Financeira e Contabilidade,C2,3,Demonstração do Resultado do Exercício,U3,10,Interpretação de Resultados,Aula 2: Comparativo – empresa x concorrentes ,"Compreender a função dos indicadores de atividade e a análise comparativa entre empresa, concorrência e setor.",Comunicar de forma eficaz os resultados das análises financeiras.,"Compreender a avaliação de desempenho em relação aos concorrentes.
",2. Introdução da avaliação de desempenho em relação aos concorrentes
,2,T,"Interpretar balanços patrimoniais, identificando ativos, passivos e o patrimônio líquido de uma empresa; Reconhecer e aplicar princípios contábeis para a correta avaliação e apresentação das informações financeiras; Utilizar técnicas de análise financeira, como índices de liquidez, rentabilidade e endividamento, para avaliar a saúde financeira de uma empresa por meio de seus demonstrativos contábeis; Compreender orçamentos empresariais e aplicar técnicas de controle orçamentário para otimizar recursos e maximizar resultados; Identificar e avaliar riscos financeiros e aplicar conhecimentos em finanças para tomar decisões de investimento baseadas em análise de risco-retorno.","Adaptabilidade - Ser capaz de modificar o próprio comportamento e ter estratégias para enfrentar novas condições ou superar obstáculos;
Assertividade - Ser capaz de expressar opiniões, necessidades e sentimentos com confiança e exercer influência social;
Criatividade - Gerar novas maneiras de fazer ou pensar sobre as coisas por meio de exploração, aprendizagem a partir do fracasso, insight e visão.",Gestão Financeira e Contabilidade,C2,3,Demonstração do Resultado do Exercício,U3,10,Interpretação de Resultados,Aula 3: Comparativo – empresa x setor ,"Compreender a função dos indicadores de atividade e a análise comparativa entre empresa, concorrência e setor.",Comunicar de forma eficaz os resultados das análises financeiras.,"Conhecer a análise comparativa do desempenho empresarial.
",3. Introdução  à análise comparativa de desempenho empresarial
X,2,P,"Interpretar balanços patrimoniais, identificando ativos, passivos e o patrimônio líquido de uma empresa; Reconhecer e aplicar princípios contábeis para a correta avaliação e apresentação das informações financeiras; Utilizar técnicas de análise financeira, como índices de liquidez, rentabilidade e endividamento, para avaliar a saúde financeira de uma empresa por meio de seus demonstrativos contábeis; Compreender orçamentos empresariais e aplicar técnicas de controle orçamentário para otimizar recursos e maximizar resultados; Identificar e avaliar riscos financeiros e aplicar conhecimentos em finanças para tomar decisões de investimento baseadas em análise de risco-retorno.","Adaptabilidade - Ser capaz de modificar o próprio comportamento e ter estratégias para enfrentar novas condições ou superar obstáculos;
Assertividade - Ser capaz de expressar opiniões, necessidades e sentimentos com confiança e exercer influência social;
Criatividade - Gerar novas maneiras de fazer ou pensar sobre as coisas por meio de exploração, aprendizagem a partir do fracasso, insight e visão.",Gestão Financeira e Contabilidade,C2,3,Demonstração do Resultado do Exercício,U3,11,Cases de Análise da DRE e Interpretação dos Resultados,Aula 1: Entendendo os indicadores de lucratividade,Comparar o desempenho da empresa com o mercado.,Comunicar de forma eficaz os resultados das análises financeiras.,Utilizar os indicadores de lucratividade em situações práticas.,1. Utilizar os indicadores de lucratividade para avaliar o desempenho financeiro das empresas
X,2,P,"Interpretar balanços patrimoniais, identificando ativos, passivos e o patrimônio líquido de uma empresa; Reconhecer e aplicar princípios contábeis para a correta avaliação e apresentação das informações financeiras; Utilizar técnicas de análise financeira, como índices de liquidez, rentabilidade e endividamento, para avaliar a saúde financeira de uma empresa por meio de seus demonstrativos contábeis; Compreender orçamentos empresariais e aplicar técnicas de controle orçamentário para otimizar recursos e maximizar resultados; Identificar e avaliar riscos financeiros e aplicar conhecimentos em finanças para tomar decisões de investimento baseadas em análise de risco-retorno.","Adaptabilidade - Ser capaz de modificar o próprio comportamento e ter estratégias para enfrentar novas condições ou superar obstáculos;
Assertividade - Ser capaz de expressar opiniões, necessidades e sentimentos com confiança e exercer influência social;
Criatividade - Gerar novas maneiras de fazer ou pensar sobre as coisas por meio de exploração, aprendizagem a partir do fracasso, insight e visão.",Gestão Financeira e Contabilidade,C2,3,Demonstração do Resultado do Exercício,U3,11,Cases de Análise da DRE e Interpretação dos Resultados,Aula 2: Comparativo – empresa x concorrentes ,Comparar o desempenho da empresa com o mercado.,Comunicar de forma eficaz os resultados das análises financeiras.,Utilizar os indicadores de lucratividade para comparar a empresa com os concorrentes.,2.  Comparar o desempenho da empresa em relação aos concorrentes
X,2,P,"Interpretar balanços patrimoniais, identificando ativos, passivos e o patrimônio líquido de uma empresa; Reconhecer e aplicar princípios contábeis para a correta avaliação e apresentação das informações financeiras; Utilizar técnicas de análise financeira, como índices de liquidez, rentabilidade e endividamento, para avaliar a saúde financeira de uma empresa por meio de seus demonstrativos contábeis; Compreender orçamentos empresariais e aplicar técnicas de controle orçamentário para otimizar recursos e maximizar resultados; Identificar e avaliar riscos financeiros e aplicar conhecimentos em finanças para tomar decisões de investimento baseadas em análise de risco-retorno.","Adaptabilidade - Ser capaz de modificar o próprio comportamento e ter estratégias para enfrentar novas condições ou superar obstáculos;
Assertividade - Ser capaz de expressar opiniões, necessidades e sentimentos com confiança e exercer influência social;
Criatividade - Gerar novas maneiras de fazer ou pensar sobre as coisas por meio de exploração, aprendizagem a partir do fracasso, insight e visão.",Gestão Financeira e Contabilidade,C2,3,Demonstração do Resultado do Exercício,U3,11,Cases de Análise da DRE e Interpretação dos Resultados,Aula 3: Comparativo – empresa x setor ,Comparar o desempenho da empresa com o mercado.,Comunicar de forma eficaz os resultados das análises financeiras.,Utilizar os indicadores financeiros para comparar a empresa com o setor.,3. Comparar o desempenho da empresa em relação ao setor
,Recomposição da Aprendizagem,,,,,,,,,,,,,,,
,2,T,"Interpretar balanços patrimoniais, identificando ativos, passivos e o patrimônio líquido de uma empresa; Reconhecer e aplicar princípios contábeis para a correta avaliação e apresentação das informações financeiras; Utilizar técnicas de análise financeira, como índices de liquidez, rentabilidade e endividamento, para avaliar a saúde financeira de uma empresa por meio de seus demonstrativos contábeis; Compreender orçamentos empresariais e aplicar técnicas de controle orçamentário para otimizar recursos e maximizar resultados; Identificar e avaliar riscos financeiros e aplicar conhecimentos em finanças para tomar decisões de investimento baseadas em análise de risco-retorno.","Adaptabilidade - Ser capaz de modificar o próprio comportamento e ter estratégias para enfrentar novas condições ou superar obstáculos;
Assertividade - Ser capaz de expressar opiniões, necessidades e sentimentos com confiança e exercer influência social;
Criatividade - Gerar novas maneiras de fazer ou pensar sobre as coisas por meio de exploração, aprendizagem a partir do fracasso, insight e visão.",Gestão Financeira e Contabilidade,C2,3,Análise de Demonstrativos Contábeis,U5,12,"Indicadores de Liquidez, Rentabilidade e Endividamento",Aula 1: Indicadores de liquidez corrente e seca,Reconhecer indicadores financeiros e sua importância para a análise financeira da empresa.,Pensar de maneira crítica sobre a importância dos indicadores financeiros.,Calcular os indicadores de liquidez corrente e liquidez seca.,1. Explicar os conceitos dos indicadores de liquidez corrente e seca na análise financeira de uma empresa
,2,T,"Interpretar balanços patrimoniais, identificando ativos, passivos e o patrimônio líquido de uma empresa; Reconhecer e aplicar princípios contábeis para a correta avaliação e apresentação das informações financeiras; Utilizar técnicas de análise financeira, como índices de liquidez, rentabilidade e endividamento, para avaliar a saúde financeira de uma empresa por meio de seus demonstrativos contábeis; Compreender orçamentos empresariais e aplicar técnicas de controle orçamentário para otimizar recursos e maximizar resultados; Identificar e avaliar riscos financeiros e aplicar conhecimentos em finanças para tomar decisões de investimento baseadas em análise de risco-retorno.","Adaptabilidade - Ser capaz de modificar o próprio comportamento e ter estratégias para enfrentar novas condições ou superar obstáculos;
Assertividade - Ser capaz de expressar opiniões, necessidades e sentimentos com confiança e exercer influência social;
Criatividade - Gerar novas maneiras de fazer ou pensar sobre as coisas por meio de exploração, aprendizagem a partir do fracasso, insight e visão.",Gestão Financeira e Contabilidade,C2,3,Análise de Demonstrativos Contábeis,U5,12,"Indicadores de Liquidez, Rentabilidade e Endividamento","Aula 2: Indicadores de rentabilidade: ROA, ROE",Reconhecer indicadores financeiros e sua importância para a análise financeira da empresa.,Pensar de maneira crítica sobre a importância dos indicadores financeiros.,Conhecer os indicadores ROA e ROE.,2. Explicar os conceitos de ROA e ROE na análise de desempenho financeiro de uma empresa
,2,T,"Interpretar balanços patrimoniais, identificando ativos, passivos e o patrimônio líquido de uma empresa; Reconhecer e aplicar princípios contábeis para a correta avaliação e apresentação das informações financeiras; Utilizar técnicas de análise financeira, como índices de liquidez, rentabilidade e endividamento, para avaliar a saúde financeira de uma empresa por meio de seus demonstrativos contábeis; Compreender orçamentos empresariais e aplicar técnicas de controle orçamentário para otimizar recursos e maximizar resultados; Identificar e avaliar riscos financeiros e aplicar conhecimentos em finanças para tomar decisões de investimento baseadas em análise de risco-retorno.","Adaptabilidade - Ser capaz de modificar o próprio comportamento e ter estratégias para enfrentar novas condições ou superar obstáculos;
Assertividade - Ser capaz de expressar opiniões, necessidades e sentimentos com confiança e exercer influência social;
Criatividade - Gerar novas maneiras de fazer ou pensar sobre as coisas por meio de exploração, aprendizagem a partir do fracasso, insight e visão.",Gestão Financeira e Contabilidade,C2,3,Análise de Demonstrativos Contábeis,U5,12,"Indicadores de Liquidez, Rentabilidade e Endividamento",Aula 3: Indicadores de endividamento,Reconhecer indicadores financeiros e sua importância para a análise financeira da empresa.,Pensar de maneira crítica sobre a importância dos indicadores financeiros.,Conhecer os indicadores de endividamento.,3. Explicar os principais indicadores de endividamento na análise financeira de uma empresa
,2,T,"Interpretar balanços patrimoniais, identificando ativos, passivos e o patrimônio líquido de uma empresa; Reconhecer e aplicar princípios contábeis para a correta avaliação e apresentação das informações financeiras; Utilizar técnicas de análise financeira, como índices de liquidez, rentabilidade e endividamento, para avaliar a saúde financeira de uma empresa por meio de seus demonstrativos contábeis; Compreender orçamentos empresariais e aplicar técnicas de controle orçamentário para otimizar recursos e maximizar resultados; Identificar e avaliar riscos financeiros e aplicar conhecimentos em finanças para tomar decisões de investimento baseadas em análise de risco-retorno.","Adaptabilidade - Ser capaz de modificar o próprio comportamento e ter estratégias para enfrentar novas condições ou superar obstáculos;
Assertividade - Ser capaz de expressar opiniões, necessidades e sentimentos com confiança e exercer influência social;
Criatividade - Gerar novas maneiras de fazer ou pensar sobre as coisas por meio de exploração, aprendizagem a partir do fracasso, insight e visão.",Gestão Financeira e Contabilidade,C2,3,Análise de Demonstrativos Contábeis,U5,13,Análise Vertical e Horizontal ,Aula 1: Análise vertical,Utilizar técnicas financeiras para verificar os demonstrativos contábeis de uma empresa.,Pensar criticamente sobre a aplicação de técnicas financeiras.,Desenvolver análise vertical em balanços patrimoniais e demonstrações de resultados.,1. Explicar o conceito de análise vertical na avaliação das demonstrações financeiras de uma empresa
,2,T,"Interpretar balanços patrimoniais, identificando ativos, passivos e o patrimônio líquido de uma empresa; Reconhecer e aplicar princípios contábeis para a correta avaliação e apresentação das informações financeiras; Utilizar técnicas de análise financeira, como índices de liquidez, rentabilidade e endividamento, para avaliar a saúde financeira de uma empresa por meio de seus demonstrativos contábeis; Compreender orçamentos empresariais e aplicar técnicas de controle orçamentário para otimizar recursos e maximizar resultados; Identificar e avaliar riscos financeiros e aplicar conhecimentos em finanças para tomar decisões de investimento baseadas em análise de risco-retorno.","Adaptabilidade - Ser capaz de modificar o próprio comportamento e ter estratégias para enfrentar novas condições ou superar obstáculos;
Assertividade - Ser capaz de expressar opiniões, necessidades e sentimentos com confiança e exercer influência social;
Criatividade - Gerar novas maneiras de fazer ou pensar sobre as coisas por meio de exploração, aprendizagem a partir do fracasso, insight e visão.",Gestão Financeira e Contabilidade,C2,3,Análise de Demonstrativos Contábeis,U5,13,Análise Vertical e Horizontal ,Aula 2: Análise horizontal,Utilizar técnicas financeiras para verificar os demonstrativos contábeis de uma empresa.,Pensar criticamente sobre a aplicação de técnicas financeiras.,Desenvolver análise horizontal em balanços patrimoniais e demonstrações de resultados.,2. Explicar o conceito de análise horizontal na avaliação das demonstrações financeiras de uma empresa
,2,T,"Interpretar balanços patrimoniais, identificando ativos, passivos e o patrimônio líquido de uma empresa; Reconhecer e aplicar princípios contábeis para a correta avaliação e apresentação das informações financeiras; Utilizar técnicas de análise financeira, como índices de liquidez, rentabilidade e endividamento, para avaliar a saúde financeira de uma empresa por meio de seus demonstrativos contábeis; Compreender orçamentos empresariais e aplicar técnicas de controle orçamentário para otimizar recursos e maximizar resultados; Identificar e avaliar riscos financeiros e aplicar conhecimentos em finanças para tomar decisões de investimento baseadas em análise de risco-retorno.","Adaptabilidade - Ser capaz de modificar o próprio comportamento e ter estratégias para enfrentar novas condições ou superar obstáculos;
Assertividade - Ser capaz de expressar opiniões, necessidades e sentimentos com confiança e exercer influência social;
Criatividade - Gerar novas maneiras de fazer ou pensar sobre as coisas por meio de exploração, aprendizagem a partir do fracasso, insight e visão.",Gestão Financeira e Contabilidade,C2,3,Análise de Demonstrativos Contábeis,U5,13,Análise Vertical e Horizontal ,Aula 3: Painel de indicadores,Utilizar técnicas financeiras para verificar os demonstrativos contábeis de uma empresa.,Pensar criticamente sobre a aplicação de técnicas financeiras.,Compreender a importância de um painel de indicadores na gestão financeira de uma empresa.,3. Explicar o conceito de painel de indicadores financeiros
,2,P,"Interpretar balanços patrimoniais, identificando ativos, passivos e o patrimônio líquido de uma empresa; Reconhecer e aplicar princípios contábeis para a correta avaliação e apresentação das informações financeiras; Utilizar técnicas de análise financeira, como índices de liquidez, rentabilidade e endividamento, para avaliar a saúde financeira de uma empresa por meio de seus demonstrativos contábeis; Compreender orçamentos empresariais e aplicar técnicas de controle orçamentário para otimizar recursos e maximizar resultados; Identificar e avaliar riscos financeiros e aplicar conhecimentos em finanças para tomar decisões de investimento baseadas em análise de risco-retorno.","Adaptabilidade - Ser capaz de modificar o próprio comportamento e ter estratégias para enfrentar novas condições ou superar obstáculos;
Assertividade - Ser capaz de expressar opiniões, necessidades e sentimentos com confiança e exercer influência social;
Criatividade - Gerar novas maneiras de fazer ou pensar sobre as coisas por meio de exploração, aprendizagem a partir do fracasso, insight e visão.",Gestão Financeira e Contabilidade,C2,3,Análise de Demonstrativos Contábeis,U5,14,Análise Vertical e Horizontal e de Indicadores no Excel,Aula 1: Construção da análise vertical no Excel,Utilizar técnicas financeiras para verificar os demonstrativos contábeis de uma empresa.,Pensar criticamente sobre a aplicação de técnicas financeiras.,"Calcular a análise vertical a partir de demonstrações financeiras fornecidas.
Usar planilhas de Excel para automatizar os cálculos da análise vertical.",1. Aplicar a análise vertical no Excel
,2,P,"Interpretar balanços patrimoniais, identificando ativos, passivos e o patrimônio líquido de uma empresa; Reconhecer e aplicar princípios contábeis para a correta avaliação e apresentação das informações financeiras; Utilizar técnicas de análise financeira, como índices de liquidez, rentabilidade e endividamento, para avaliar a saúde financeira de uma empresa por meio de seus demonstrativos contábeis; Compreender orçamentos empresariais e aplicar técnicas de controle orçamentário para otimizar recursos e maximizar resultados; Identificar e avaliar riscos financeiros e aplicar conhecimentos em finanças para tomar decisões de investimento baseadas em análise de risco-retorno.","Adaptabilidade - Ser capaz de modificar o próprio comportamento e ter estratégias para enfrentar novas condições ou superar obstáculos;
Assertividade - Ser capaz de expressar opiniões, necessidades e sentimentos com confiança e exercer influência social;
Criatividade - Gerar novas maneiras de fazer ou pensar sobre as coisas por meio de exploração, aprendizagem a partir do fracasso, insight e visão.",Gestão Financeira e Contabilidade,C2,3,Análise de Demonstrativos Contábeis,U5,14,Análise Vertical e Horizontal e de Indicadores no Excel,Aula 2:  Construção da análise horizontal no Excel,Utilizar técnicas financeiras para verificar os demonstrativos contábeis de uma empresa.,Pensar criticamente sobre a aplicação de técnicas financeiras.,"Calcular a análise horizontal a partir de demonstrações financeiras fornecidas.
Usar planilhas de Excel para automatizar os cálculos da análise horizontal.",2. Aplicar a análise horizontal no Excel
,2,P,"Interpretar balanços patrimoniais, identificando ativos, passivos e o patrimônio líquido de uma empresa; Reconhecer e aplicar princípios contábeis para a correta avaliação e apresentação das informações financeiras; Utilizar técnicas de análise financeira, como índices de liquidez, rentabilidade e endividamento, para avaliar a saúde financeira de uma empresa por meio de seus demonstrativos contábeis; Compreender orçamentos empresariais e aplicar técnicas de controle orçamentário para otimizar recursos e maximizar resultados; Identificar e avaliar riscos financeiros e aplicar conhecimentos em finanças para tomar decisões de investimento baseadas em análise de risco-retorno.","Adaptabilidade - Ser capaz de modificar o próprio comportamento e ter estratégias para enfrentar novas condições ou superar obstáculos;
Assertividade - Ser capaz de expressar opiniões, necessidades e sentimentos com confiança e exercer influência social;
Criatividade - Gerar novas maneiras de fazer ou pensar sobre as coisas por meio de exploração, aprendizagem a partir do fracasso, insight e visão.",Gestão Financeira e Contabilidade,C2,3,Análise de Demonstrativos Contábeis,U5,14,Análise Vertical e Horizontal e de Indicadores no Excel,Aula 3: Construção do painel de indicadores no Excel,Utilizar técnicas financeiras para verificar os demonstrativos contábeis de uma empresa.,Pensar criticamente sobre a aplicação de técnicas financeiras.,Calcular um painel de indicadores financeiros utilizando o Excel.,3. Calcular um painel de indicadores financeiros no Excel
,Recomposição da Aprendizagem,,,,,,,,,,,,,,,
,3,T,"Interpretar balanços patrimoniais, identificando ativos, passivos e o patrimônio líquido de uma empresa; Reconhecer e aplicar princípios contábeis para a correta avaliação e apresentação das informações financeiras; Utilizar técnicas de análise financeira, como índices de liquidez, rentabilidade e endividamento, para avaliar a saúde financeira de uma empresa por meio de seus demonstrativos contábeis; Compreender orçamentos empresariais e aplicar técnicas de controle orçamentário para otimizar recursos e maximizar resultados; Identificar e avaliar riscos financeiros e aplicar conhecimentos em finanças para tomar decisões de investimento baseadas em análise de risco-retorno.","Adaptabilidade - Ser capaz de modificar o próprio comportamento e ter estratégias para enfrentar novas condições ou superar obstáculos;
Assertividade - Ser capaz de expressar opiniões, necessidades e sentimentos com confiança e exercer influência social;
Criatividade - Gerar novas maneiras de fazer ou pensar sobre as coisas por meio de exploração, aprendizagem a partir do fracasso, insight e visão.",Gestão Financeira e Contabilidade,C2,3,Análise de Demonstrativos Contábeis,U5,15,Desempenho Operacional e Alavancagem Financeira,Aula 1: Resultado operacional e alavancagem,Utilizar técnicas financeiras para verificar os demonstrativos contábeis de uma empresa.,Pensar criticamente sobre a aplicação de técnicas financeiras.,Compreender os conceitos de resultado operacional e alavancagem.,1. Explicar o conceito de resultado operacional e alavancagem financeira
,3,T,"Interpretar balanços patrimoniais, identificando ativos, passivos e o patrimônio líquido de uma empresa; Reconhecer e aplicar princípios contábeis para a correta avaliação e apresentação das informações financeiras; Utilizar técnicas de análise financeira, como índices de liquidez, rentabilidade e endividamento, para avaliar a saúde financeira de uma empresa por meio de seus demonstrativos contábeis; Compreender orçamentos empresariais e aplicar técnicas de controle orçamentário para otimizar recursos e maximizar resultados; Identificar e avaliar riscos financeiros e aplicar conhecimentos em finanças para tomar decisões de investimento baseadas em análise de risco-retorno.","Adaptabilidade - Ser capaz de modificar o próprio comportamento e ter estratégias para enfrentar novas condições ou superar obstáculos;
Assertividade - Ser capaz de expressar opiniões, necessidades e sentimentos com confiança e exercer influência social;
Criatividade - Gerar novas maneiras de fazer ou pensar sobre as coisas por meio de exploração, aprendizagem a partir do fracasso, insight e visão.",Gestão Financeira e Contabilidade,C2,3,Análise de Demonstrativos Contábeis,U5,15,Desempenho Operacional e Alavancagem Financeira,Aula 2: Retorno do investimento,Utilizar técnicas financeiras para verificar os demonstrativos contábeis de uma empresa.,Pensar criticamente sobre a aplicação de técnicas financeiras.,Diferenciar o retorno do investimento com e sem alavancagem financeira.,2. Demonstrar como a alavancagem financeira influencia o retorno do investimento
,3,T,"Interpretar balanços patrimoniais, identificando ativos, passivos e o patrimônio líquido de uma empresa; Reconhecer e aplicar princípios contábeis para a correta avaliação e apresentação das informações financeiras; Utilizar técnicas de análise financeira, como índices de liquidez, rentabilidade e endividamento, para avaliar a saúde financeira de uma empresa por meio de seus demonstrativos contábeis; Compreender orçamentos empresariais e aplicar técnicas de controle orçamentário para otimizar recursos e maximizar resultados; Identificar e avaliar riscos financeiros e aplicar conhecimentos em finanças para tomar decisões de investimento baseadas em análise de risco-retorno.","Adaptabilidade - Ser capaz de modificar o próprio comportamento e ter estratégias para enfrentar novas condições ou superar obstáculos;
Assertividade - Ser capaz de expressar opiniões, necessidades e sentimentos com confiança e exercer influência social;
Criatividade - Gerar novas maneiras de fazer ou pensar sobre as coisas por meio de exploração, aprendizagem a partir do fracasso, insight e visão.",Gestão Financeira e Contabilidade,C2,3,Análise de Demonstrativos Contábeis,U5,15,Desempenho Operacional e Alavancagem Financeira,Aula 3: Grau de alavancagem,Utilizar técnicas financeiras para verificar os demonstrativos contábeis de uma empresa.,Pensar criticamente sobre a aplicação de técnicas financeiras.,Entender o Grau de Alavancagem Financeira (GAF).,3. Explicar o conceito de Grau de Alavancagem Financeira 
X,3,P,"Interpretar balanços patrimoniais, identificando ativos, passivos e o patrimônio líquido de uma empresa; Reconhecer e aplicar princípios contábeis para a correta avaliação e apresentação das informações financeiras; Utilizar técnicas de análise financeira, como índices de liquidez, rentabilidade e endividamento, para avaliar a saúde financeira de uma empresa por meio de seus demonstrativos contábeis; Compreender orçamentos empresariais e aplicar técnicas de controle orçamentário para otimizar recursos e maximizar resultados; Identificar e avaliar riscos financeiros e aplicar conhecimentos em finanças para tomar decisões de investimento baseadas em análise de risco-retorno.","Adaptabilidade - Ser capaz de modificar o próprio comportamento e ter estratégias para enfrentar novas condições ou superar obstáculos;
Assertividade - Ser capaz de expressar opiniões, necessidades e sentimentos com confiança e exercer influência social;
Criatividade - Gerar novas maneiras de fazer ou pensar sobre as coisas por meio de exploração, aprendizagem a partir do fracasso, insight e visão.",Gestão Financeira e Contabilidade,C2,3,Análise de Demonstrativos Contábeis,U5,16,Cases sobre Desempenho Operacional e Alavancagem Financeira,Aula 1: Entendendo o resultado operacional,Utilizar técnicas financeiras para verificar os demonstrativos contábeis de uma empresa.,Pensar criticamente sobre a aplicação de técnicas financeiras.,Utilizar o resultado operacional em situações práticas.,1. Utilizar o resultado operacional para analisar o desempenho de uma empresa
X,3,P,"Interpretar balanços patrimoniais, identificando ativos, passivos e o patrimônio líquido de uma empresa; Reconhecer e aplicar princípios contábeis para a correta avaliação e apresentação das informações financeiras; Utilizar técnicas de análise financeira, como índices de liquidez, rentabilidade e endividamento, para avaliar a saúde financeira de uma empresa por meio de seus demonstrativos contábeis; Compreender orçamentos empresariais e aplicar técnicas de controle orçamentário para otimizar recursos e maximizar resultados; Identificar e avaliar riscos financeiros e aplicar conhecimentos em finanças para tomar decisões de investimento baseadas em análise de risco-retorno.","Adaptabilidade - Ser capaz de modificar o próprio comportamento e ter estratégias para enfrentar novas condições ou superar obstáculos;
Assertividade - Ser capaz de expressar opiniões, necessidades e sentimentos com confiança e exercer influência social;
Criatividade - Gerar novas maneiras de fazer ou pensar sobre as coisas por meio de exploração, aprendizagem a partir do fracasso, insight e visão.",Gestão Financeira e Contabilidade,C2,3,Análise de Demonstrativos Contábeis,U5,16,Cases sobre Desempenho Operacional e Alavancagem Financeira,Aula 2: Interpretando o retorno do investimento,Utilizar técnicas financeiras para verificar os demonstrativos contábeis de uma empresa.,Pensar criticamente sobre a aplicação de técnicas financeiras.,Utilizar o retorno do investimento em situações práticas.,2. Utilizar o retorno do investimento para analisar a utilização de capital de terceiros de uma empresa
X,3,P,"Interpretar balanços patrimoniais, identificando ativos, passivos e o patrimônio líquido de uma empresa; Reconhecer e aplicar princípios contábeis para a correta avaliação e apresentação das informações financeiras; Utilizar técnicas de análise financeira, como índices de liquidez, rentabilidade e endividamento, para avaliar a saúde financeira de uma empresa por meio de seus demonstrativos contábeis; Compreender orçamentos empresariais e aplicar técnicas de controle orçamentário para otimizar recursos e maximizar resultados; Identificar e avaliar riscos financeiros e aplicar conhecimentos em finanças para tomar decisões de investimento baseadas em análise de risco-retorno.","Adaptabilidade - Ser capaz de modificar o próprio comportamento e ter estratégias para enfrentar novas condições ou superar obstáculos;
Assertividade - Ser capaz de expressar opiniões, necessidades e sentimentos com confiança e exercer influência social;
Criatividade - Gerar novas maneiras de fazer ou pensar sobre as coisas por meio de exploração, aprendizagem a partir do fracasso, insight e visão.",Gestão Financeira e Contabilidade,C2,3,Análise de Demonstrativos Contábeis,U5,16,Cases sobre Desempenho Operacional e Alavancagem Financeira,Aula 3: Analisando o grau de alavancagem,Utilizar técnicas financeiras para verificar os demonstrativos contábeis de uma empresa.,Pensar criticamente sobre a aplicação de técnicas financeiras.,Utilizar o Grau de Alavancagem Financeira em situações práticas.,3. Utilizar o Grau de Alavancagem para analisar os riscos financeiros e operacionais de uma empresa
,Recomposição da Aprendizagem,,,,,,,,,,,,,,,
,3,T,"Interpretar balanços patrimoniais, identificando ativos, passivos e o patrimônio líquido de uma empresa; Reconhecer e aplicar princípios contábeis para a correta avaliação e apresentação das informações financeiras; Utilizar técnicas de análise financeira, como índices de liquidez, rentabilidade e endividamento, para avaliar a saúde financeira de uma empresa por meio de seus demonstrativos contábeis; Compreender orçamentos empresariais e aplicar técnicas de controle orçamentário para otimizar recursos e maximizar resultados; Identificar e avaliar riscos financeiros e aplicar conhecimentos em finanças para tomar decisões de investimento baseadas em análise de risco-retorno.","Adaptabilidade - Ser capaz de modificar o próprio comportamento e ter estratégias para enfrentar novas condições ou superar obstáculos;
Assertividade - Ser capaz de expressar opiniões, necessidades e sentimentos com confiança e exercer influência social;
Criatividade - Gerar novas maneiras de fazer ou pensar sobre as coisas por meio de exploração, aprendizagem a partir do fracasso, insight e visão.",Gestão Financeira e Contabilidade,C2,3,Fluxo de Caixa,U4,17,Estrutura do Fluxo de Caixa,"Aula 1: Fluxo de caixa operacional, de investimento e de financiamento",Aplicar os métodos direto e indireto na elaboração do fluxo de caixa.,Agir de forma organizada.,"Diferenciar os conceitos e a importância dos fluxos de caixa operacional, de investimento e de financiamento.","1. Explicar a estrutura e os componentes dos fluxos de caixa operacional, de investimento e de financiamento"
,3,T,"Interpretar balanços patrimoniais, identificando ativos, passivos e o patrimônio líquido de uma empresa; Reconhecer e aplicar princípios contábeis para a correta avaliação e apresentação das informações financeiras; Utilizar técnicas de análise financeira, como índices de liquidez, rentabilidade e endividamento, para avaliar a saúde financeira de uma empresa por meio de seus demonstrativos contábeis; Compreender orçamentos empresariais e aplicar técnicas de controle orçamentário para otimizar recursos e maximizar resultados; Identificar e avaliar riscos financeiros e aplicar conhecimentos em finanças para tomar decisões de investimento baseadas em análise de risco-retorno.","Adaptabilidade - Ser capaz de modificar o próprio comportamento e ter estratégias para enfrentar novas condições ou superar obstáculos;
Assertividade - Ser capaz de expressar opiniões, necessidades e sentimentos com confiança e exercer influência social;
Criatividade - Gerar novas maneiras de fazer ou pensar sobre as coisas por meio de exploração, aprendizagem a partir do fracasso, insight e visão.",Gestão Financeira e Contabilidade,C2,3,Fluxo de Caixa,U4,17,Estrutura do Fluxo de Caixa,Aula 2: Método direto,Aplicar os métodos direto e indireto na elaboração do fluxo de caixa.,Agir de forma organizada. ,Compreender o conceito e a aplicação do método direto na elaboração do fluxo de caixa.,2. Demonstrar a estrutura e os componentes do fluxo de caixa pelo método direto
,3,T,"Interpretar balanços patrimoniais, identificando ativos, passivos e o patrimônio líquido de uma empresa; Reconhecer e aplicar princípios contábeis para a correta avaliação e apresentação das informações financeiras; Utilizar técnicas de análise financeira, como índices de liquidez, rentabilidade e endividamento, para avaliar a saúde financeira de uma empresa por meio de seus demonstrativos contábeis; Compreender orçamentos empresariais e aplicar técnicas de controle orçamentário para otimizar recursos e maximizar resultados; Identificar e avaliar riscos financeiros e aplicar conhecimentos em finanças para tomar decisões de investimento baseadas em análise de risco-retorno.","Adaptabilidade - Ser capaz de modificar o próprio comportamento e ter estratégias para enfrentar novas condições ou superar obstáculos;
Assertividade - Ser capaz de expressar opiniões, necessidades e sentimentos com confiança e exercer influência social;
Criatividade - Gerar novas maneiras de fazer ou pensar sobre as coisas por meio de exploração, aprendizagem a partir do fracasso, insight e visão.",Gestão Financeira e Contabilidade,C2,3,Fluxo de Caixa,U4,17,Estrutura do Fluxo de Caixa,Aula 3: Método indireto   ,Aplicar os métodos direto e indireto na elaboração do fluxo de caixa.,Agir de forma organizada. ,Compreender o conceito e a aplicação do método indireto na elaboração do fluxo de caixa.,3. Demonstrar a estrutura e os componentes do fluxo de caixa pelo método indireto
,3,T,"Interpretar balanços patrimoniais, identificando ativos, passivos e o patrimônio líquido de uma empresa; Reconhecer e aplicar princípios contábeis para a correta avaliação e apresentação das informações financeiras; Utilizar técnicas de análise financeira, como índices de liquidez, rentabilidade e endividamento, para avaliar a saúde financeira de uma empresa por meio de seus demonstrativos contábeis; Compreender orçamentos empresariais e aplicar técnicas de controle orçamentário para otimizar recursos e maximizar resultados; Identificar e avaliar riscos financeiros e aplicar conhecimentos em finanças para tomar decisões de investimento baseadas em análise de risco-retorno.","Adaptabilidade - Ser capaz de modificar o próprio comportamento e ter estratégias para enfrentar novas condições ou superar obstáculos;
Assertividade - Ser capaz de expressar opiniões, necessidades e sentimentos com confiança e exercer influência social;
Criatividade - Gerar novas maneiras de fazer ou pensar sobre as coisas por meio de exploração, aprendizagem a partir do fracasso, insight e visão.",Gestão Financeira e Contabilidade,C2,3,Fluxo de Caixa,U4,18,Análise e Gerenciamento do Fluxo de Caixa,Aula 1: Previsão e planejamento de caixa,Compreender os princípios da gestão da conta caixa na administração financeira de uma empresa.,Trabalhar em equipe de forma colaborativa.,Relacionar a importância da previsão e do planejamento de caixa na gestão financeira.,1. Explicar a previsão e o planejamento de caixa 
,3,T,"Interpretar balanços patrimoniais, identificando ativos, passivos e o patrimônio líquido de uma empresa; Reconhecer e aplicar princípios contábeis para a correta avaliação e apresentação das informações financeiras; Utilizar técnicas de análise financeira, como índices de liquidez, rentabilidade e endividamento, para avaliar a saúde financeira de uma empresa por meio de seus demonstrativos contábeis; Compreender orçamentos empresariais e aplicar técnicas de controle orçamentário para otimizar recursos e maximizar resultados; Identificar e avaliar riscos financeiros e aplicar conhecimentos em finanças para tomar decisões de investimento baseadas em análise de risco-retorno.","Adaptabilidade - Ser capaz de modificar o próprio comportamento e ter estratégias para enfrentar novas condições ou superar obstáculos;
Assertividade - Ser capaz de expressar opiniões, necessidades e sentimentos com confiança e exercer influência social;
Criatividade - Gerar novas maneiras de fazer ou pensar sobre as coisas por meio de exploração, aprendizagem a partir do fracasso, insight e visão.",Gestão Financeira e Contabilidade,C2,3,Fluxo de Caixa,U4,18,Análise e Gerenciamento do Fluxo de Caixa,Aula 2: Gestão de tesouraria,Compreender os princípios da gestão da conta caixa na administração financeira de uma empresa.,Trabalhar em equipe de forma colaborativa.,Entender os conceitos e a importância da gestão de tesouraria na administração financeira de uma empresa.,2. Explicar a importância da gestão de tesouraria
,3,T,"Interpretar balanços patrimoniais, identificando ativos, passivos e o patrimônio líquido de uma empresa; Reconhecer e aplicar princípios contábeis para a correta avaliação e apresentação das informações financeiras; Utilizar técnicas de análise financeira, como índices de liquidez, rentabilidade e endividamento, para avaliar a saúde financeira de uma empresa por meio de seus demonstrativos contábeis; Compreender orçamentos empresariais e aplicar técnicas de controle orçamentário para otimizar recursos e maximizar resultados; Identificar e avaliar riscos financeiros e aplicar conhecimentos em finanças para tomar decisões de investimento baseadas em análise de risco-retorno.","Adaptabilidade - Ser capaz de modificar o próprio comportamento e ter estratégias para enfrentar novas condições ou superar obstáculos;
Assertividade - Ser capaz de expressar opiniões, necessidades e sentimentos com confiança e exercer influência social;
Criatividade - Gerar novas maneiras de fazer ou pensar sobre as coisas por meio de exploração, aprendizagem a partir do fracasso, insight e visão.",Gestão Financeira e Contabilidade,C2,3,Fluxo de Caixa,U4,18,Análise e Gerenciamento do Fluxo de Caixa,Aula 3: Gestão da conta caixa,Compreender os princípios da gestão da conta caixa na administração financeira de uma empresa.,Trabalhar em equipe de forma colaborativa.,Compreender a importância e os princípios da gestão da conta caixa.,3. Apresentar técnicas e ferramentas para monitorar e controlar os saldos de caixa
,3,P,"Interpretar balanços patrimoniais, identificando ativos, passivos e o patrimônio líquido de uma empresa; Reconhecer e aplicar princípios contábeis para a correta avaliação e apresentação das informações financeiras; Utilizar técnicas de análise financeira, como índices de liquidez, rentabilidade e endividamento, para avaliar a saúde financeira de uma empresa por meio de seus demonstrativos contábeis; Compreender orçamentos empresariais e aplicar técnicas de controle orçamentário para otimizar recursos e maximizar resultados; Identificar e avaliar riscos financeiros e aplicar conhecimentos em finanças para tomar decisões de investimento baseadas em análise de risco-retorno.","Adaptabilidade - Ser capaz de modificar o próprio comportamento e ter estratégias para enfrentar novas condições ou superar obstáculos;
Assertividade - Ser capaz de expressar opiniões, necessidades e sentimentos com confiança e exercer influência social;
Criatividade - Gerar novas maneiras de fazer ou pensar sobre as coisas por meio de exploração, aprendizagem a partir do fracasso, insight e visão.",Gestão Financeira e Contabilidade,C2,3,Fluxo de Caixa,U4,19, Fluxo de Caixa no Excel,"Aula 1: Fluxo de caixa operacional, de investimento e de financiamento no Excel",Utilizar fórmulas e funções do Excel para automatizar cálculos e análises financeiras.,Trabalhar em equipe de forma colaborativa.,Calcular os diferentes tipos de fluxo de caixa no Excel.,1. Utilizar o Excel para construir os diferentes fluxos de caixa
,3,P,"Interpretar balanços patrimoniais, identificando ativos, passivos e o patrimônio líquido de uma empresa; Reconhecer e aplicar princípios contábeis para a correta avaliação e apresentação das informações financeiras; Utilizar técnicas de análise financeira, como índices de liquidez, rentabilidade e endividamento, para avaliar a saúde financeira de uma empresa por meio de seus demonstrativos contábeis; Compreender orçamentos empresariais e aplicar técnicas de controle orçamentário para otimizar recursos e maximizar resultados; Identificar e avaliar riscos financeiros e aplicar conhecimentos em finanças para tomar decisões de investimento baseadas em análise de risco-retorno.","Adaptabilidade - Ser capaz de modificar o próprio comportamento e ter estratégias para enfrentar novas condições ou superar obstáculos;
Assertividade - Ser capaz de expressar opiniões, necessidades e sentimentos com confiança e exercer influência social;
Criatividade - Gerar novas maneiras de fazer ou pensar sobre as coisas por meio de exploração, aprendizagem a partir do fracasso, insight e visão.",Gestão Financeira e Contabilidade,C2,3,Fluxo de Caixa,U4,19, Fluxo de Caixa no Excel,Aula 2: Método direto no Excel,Utilizar fórmulas e funções do Excel para automatizar cálculos e análises financeiras.,Trabalhar em equipe de forma colaborativa.,Construir um fluxo de caixa pelo método direto no Excel.,2. Utilizar o Excel para construir o fluxo de caixa pelo método direto
,3,P,"Interpretar balanços patrimoniais, identificando ativos, passivos e o patrimônio líquido de uma empresa; Reconhecer e aplicar princípios contábeis para a correta avaliação e apresentação das informações financeiras; Utilizar técnicas de análise financeira, como índices de liquidez, rentabilidade e endividamento, para avaliar a saúde financeira de uma empresa por meio de seus demonstrativos contábeis; Compreender orçamentos empresariais e aplicar técnicas de controle orçamentário para otimizar recursos e maximizar resultados; Identificar e avaliar riscos financeiros e aplicar conhecimentos em finanças para tomar decisões de investimento baseadas em análise de risco-retorno.","Adaptabilidade - Ser capaz de modificar o próprio comportamento e ter estratégias para enfrentar novas condições ou superar obstáculos;
Assertividade - Ser capaz de expressar opiniões, necessidades e sentimentos com confiança e exercer influência social;
Criatividade - Gerar novas maneiras de fazer ou pensar sobre as coisas por meio de exploração, aprendizagem a partir do fracasso, insight e visão.",Gestão Financeira e Contabilidade,C2,3,Fluxo de Caixa,U4,19, Fluxo de Caixa no Excel,Aula 3: Método indireto no Excel,Utilizar fórmulas e funções do Excel para automatizar cálculos e análises financeiras.,Trabalhar em equipe de forma colaborativa.,Construir um fluxo de caixa pelo método indireto no Excel.,3. Utilizar o Excel para construir o fluxo de caixa pelo método indireto
,Recomposição da Aprendizagem,,,,,,,,,,,,,,,
,Recomposição da Aprendizagem,,,,,,,,,,,,,,,
,3,T,"Interpretar balanços patrimoniais, identificando ativos, passivos e o patrimônio líquido de uma empresa; Reconhecer e aplicar princípios contábeis para a correta avaliação e apresentação das informações financeiras; Utilizar técnicas de análise financeira, como índices de liquidez, rentabilidade e endividamento, para avaliar a saúde financeira de uma empresa por meio de seus demonstrativos contábeis; Compreender orçamentos empresariais e aplicar técnicas de controle orçamentário para otimizar recursos e maximizar resultados; Identificar e avaliar riscos financeiros e aplicar conhecimentos em finanças para tomar decisões de investimento baseadas em análise de risco-retorno.","Adaptabilidade - Ser capaz de modificar o próprio comportamento e ter estratégias para enfrentar novas condições ou superar obstáculos;
Assertividade - Ser capaz de expressar opiniões, necessidades e sentimentos com confiança e exercer influência social;
Criatividade - Gerar novas maneiras de fazer ou pensar sobre as coisas por meio de exploração, aprendizagem a partir do fracasso, insight e visão.",Gestão Financeira e Contabilidade,C2,3,Gestão de Riscos Financeiros e Investimentos,U7,20,Identificação e Análise de Riscos Financeiros,"Aula 1: Tipos de riscos financeiros: mercado, crédito e liquidez",Calcular o risco e o retorno esperados de investimentos.,Pensar criticamente sobre os riscos e os retornos financeiros.,Listar os diferentes tipos de risco financeiro e sua importância na gestão financeira.,"1. Identificar os riscos de mercado, crédito e liquidez"
,3,T,"Interpretar balanços patrimoniais, identificando ativos, passivos e o patrimônio líquido de uma empresa; Reconhecer e aplicar princípios contábeis para a correta avaliação e apresentação das informações financeiras; Utilizar técnicas de análise financeira, como índices de liquidez, rentabilidade e endividamento, para avaliar a saúde financeira de uma empresa por meio de seus demonstrativos contábeis; Compreender orçamentos empresariais e aplicar técnicas de controle orçamentário para otimizar recursos e maximizar resultados; Identificar e avaliar riscos financeiros e aplicar conhecimentos em finanças para tomar decisões de investimento baseadas em análise de risco-retorno.","Adaptabilidade - Ser capaz de modificar o próprio comportamento e ter estratégias para enfrentar novas condições ou superar obstáculos;
Assertividade - Ser capaz de expressar opiniões, necessidades e sentimentos com confiança e exercer influência social;
Criatividade - Gerar novas maneiras de fazer ou pensar sobre as coisas por meio de exploração, aprendizagem a partir do fracasso, insight e visão.",Gestão Financeira e Contabilidade,C2,3,Gestão de Riscos Financeiros e Investimentos,U7,20,Identificação e Análise de Riscos Financeiros,Aula 2: Risco e retorno,Calcular o risco e o retorno esperados de investimentos.,Pensar criticamente sobre os riscos e os retornos financeiros.,Compreender a relação entre risco e retorno nos investimentos financeiros.,2. Medir o risco e o retorno de diferentes ativos financeiros
,3,T,"Interpretar balanços patrimoniais, identificando ativos, passivos e o patrimônio líquido de uma empresa; Reconhecer e aplicar princípios contábeis para a correta avaliação e apresentação das informações financeiras; Utilizar técnicas de análise financeira, como índices de liquidez, rentabilidade e endividamento, para avaliar a saúde financeira de uma empresa por meio de seus demonstrativos contábeis; Compreender orçamentos empresariais e aplicar técnicas de controle orçamentário para otimizar recursos e maximizar resultados; Identificar e avaliar riscos financeiros e aplicar conhecimentos em finanças para tomar decisões de investimento baseadas em análise de risco-retorno.","Adaptabilidade - Ser capaz de modificar o próprio comportamento e ter estratégias para enfrentar novas condições ou superar obstáculos;
Assertividade - Ser capaz de expressar opiniões, necessidades e sentimentos com confiança e exercer influência social;
Criatividade - Gerar novas maneiras de fazer ou pensar sobre as coisas por meio de exploração, aprendizagem a partir do fracasso, insight e visão.",Gestão Financeira e Contabilidade,C2,3,Gestão de Riscos Financeiros e Investimentos,U7,20,Identificação e Análise de Riscos Financeiros,Aula 3: Risco e retorno esperados,Calcular o risco e o retorno esperados de investimentos.,Pensar criticamente sobre os riscos e os retornos financeiros.,Entender o conceito de risco e retorno esperados em investimentos.,3. Calcular o risco e o retorno esperados de diferentes ativos financeiros
,3,T,"Interpretar balanços patrimoniais, identificando ativos, passivos e o patrimônio líquido de uma empresa; Reconhecer e aplicar princípios contábeis para a correta avaliação e apresentação das informações financeiras; Utilizar técnicas de análise financeira, como índices de liquidez, rentabilidade e endividamento, para avaliar a saúde financeira de uma empresa por meio de seus demonstrativos contábeis; Compreender orçamentos empresariais e aplicar técnicas de controle orçamentário para otimizar recursos e maximizar resultados; Identificar e avaliar riscos financeiros e aplicar conhecimentos em finanças para tomar decisões de investimento baseadas em análise de risco-retorno.","Adaptabilidade - Ser capaz de modificar o próprio comportamento e ter estratégias para enfrentar novas condições ou superar obstáculos;
Assertividade - Ser capaz de expressar opiniões, necessidades e sentimentos com confiança e exercer influência social;
Criatividade - Gerar novas maneiras de fazer ou pensar sobre as coisas por meio de exploração, aprendizagem a partir do fracasso, insight e visão.",Gestão Financeira e Contabilidade,C2,3,Gestão de Riscos Financeiros e Investimentos,U7,21,Estratégias de Investimentos e Gestão de Risco,Aula 1: Portfólio de ativos,Calcular o risco e o retorno no contexto de portfólio de ativos.,Pensar criticamente sobre os riscos e os retornos financeiros.,Identificar a composição de um portfólio de ativos.,1. Apresentar a composição de um portfólio de ativos
,3,T,"Interpretar balanços patrimoniais, identificando ativos, passivos e o patrimônio líquido de uma empresa; Reconhecer e aplicar princípios contábeis para a correta avaliação e apresentação das informações financeiras; Utilizar técnicas de análise financeira, como índices de liquidez, rentabilidade e endividamento, para avaliar a saúde financeira de uma empresa por meio de seus demonstrativos contábeis; Compreender orçamentos empresariais e aplicar técnicas de controle orçamentário para otimizar recursos e maximizar resultados; Identificar e avaliar riscos financeiros e aplicar conhecimentos em finanças para tomar decisões de investimento baseadas em análise de risco-retorno.","Adaptabilidade - Ser capaz de modificar o próprio comportamento e ter estratégias para enfrentar novas condições ou superar obstáculos;
Assertividade - Ser capaz de expressar opiniões, necessidades e sentimentos com confiança e exercer influência social;
Criatividade - Gerar novas maneiras de fazer ou pensar sobre as coisas por meio de exploração, aprendizagem a partir do fracasso, insight e visão.",Gestão Financeira e Contabilidade,C2,3,Gestão de Riscos Financeiros e Investimentos,U7,21,Estratégias de Investimentos e Gestão de Risco,Aula 2: Retorno em um portfólio de ativos,Calcular o risco e o retorno no contexto de portfólio de ativos.,Pensar criticamente sobre os riscos e os retornos financeiros.,Calcular o retorno esperado de um portfólio de ativos.,2. Encontrar o valor do retorno esperado de um portfólio de ativos
,3,T,"Interpretar balanços patrimoniais, identificando ativos, passivos e o patrimônio líquido de uma empresa; Reconhecer e aplicar princípios contábeis para a correta avaliação e apresentação das informações financeiras; Utilizar técnicas de análise financeira, como índices de liquidez, rentabilidade e endividamento, para avaliar a saúde financeira de uma empresa por meio de seus demonstrativos contábeis; Compreender orçamentos empresariais e aplicar técnicas de controle orçamentário para otimizar recursos e maximizar resultados; Identificar e avaliar riscos financeiros e aplicar conhecimentos em finanças para tomar decisões de investimento baseadas em análise de risco-retorno.","Adaptabilidade - Ser capaz de modificar o próprio comportamento e ter estratégias para enfrentar novas condições ou superar obstáculos;
Assertividade - Ser capaz de expressar opiniões, necessidades e sentimentos com confiança e exercer influência social;
Criatividade - Gerar novas maneiras de fazer ou pensar sobre as coisas por meio de exploração, aprendizagem a partir do fracasso, insight e visão.",Gestão Financeira e Contabilidade,C2,3,Gestão de Riscos Financeiros e Investimentos,U7,21,Estratégias de Investimentos e Gestão de Risco,Aula 3: Risco em um portfólio de ativos,Calcular o risco e o retorno no contexto de portfólio de ativos.,Pensar criticamente sobre os riscos e os retornos financeiros.,Calcular o risco de um portfólio de ativos.,3. Encontrar o valor do risco em um portfólio de ativos
X,4,P,"Interpretar balanços patrimoniais, identificando ativos, passivos e o patrimônio líquido de uma empresa; Reconhecer e aplicar princípios contábeis para a correta avaliação e apresentação das informações financeiras; Utilizar técnicas de análise financeira, como índices de liquidez, rentabilidade e endividamento, para avaliar a saúde financeira de uma empresa por meio de seus demonstrativos contábeis; Compreender orçamentos empresariais e aplicar técnicas de controle orçamentário para otimizar recursos e maximizar resultados; Identificar e avaliar riscos financeiros e aplicar conhecimentos em finanças para tomar decisões de investimento baseadas em análise de risco-retorno.","Adaptabilidade - Ser capaz de modificar o próprio comportamento e ter estratégias para enfrentar novas condições ou superar obstáculos;
Assertividade - Ser capaz de expressar opiniões, necessidades e sentimentos com confiança e exercer influência social;
Criatividade - Gerar novas maneiras de fazer ou pensar sobre as coisas por meio de exploração, aprendizagem a partir do fracasso, insight e visão.",Gestão Financeira e Contabilidade,C2,3,Gestão de Riscos Financeiros e Investimentos,U7,22,Investimentos e Gestão de Risco,Aula 1: Risco e retorno de um ativo no Excel,Utilizar fórmulas e funções do Excel para automatizar cálculos de risco e retorno em investimentos.,Pensar criticamente sobre os riscos e os retornos financeiros.,Calcular o risco e o retorno de um ativo.,1. Encontrar o valor do risco e retorno de um ativo no Excel
X,4,P,"Interpretar balanços patrimoniais, identificando ativos, passivos e o patrimônio líquido de uma empresa; Reconhecer e aplicar princípios contábeis para a correta avaliação e apresentação das informações financeiras; Utilizar técnicas de análise financeira, como índices de liquidez, rentabilidade e endividamento, para avaliar a saúde financeira de uma empresa por meio de seus demonstrativos contábeis; Compreender orçamentos empresariais e aplicar técnicas de controle orçamentário para otimizar recursos e maximizar resultados; Identificar e avaliar riscos financeiros e aplicar conhecimentos em finanças para tomar decisões de investimento baseadas em análise de risco-retorno.","Adaptabilidade - Ser capaz de modificar o próprio comportamento e ter estratégias para enfrentar novas condições ou superar obstáculos;
Assertividade - Ser capaz de expressar opiniões, necessidades e sentimentos com confiança e exercer influência social;
Criatividade - Gerar novas maneiras de fazer ou pensar sobre as coisas por meio de exploração, aprendizagem a partir do fracasso, insight e visão.",Gestão Financeira e Contabilidade,C2,3,Gestão de Riscos Financeiros e Investimentos,U7,22,Investimentos e Gestão de Risco,Aula 2: Retorno de um portfólio no Excel,Utilizar fórmulas e funções do Excel para automatizar cálculos de risco e retorno em investimentos.,Pensar criticamente sobre os riscos e os retornos financeiros.,Calcular o retorno de um portfólio.,2. Encontrar o valor do retorno de um portfólio no Excel
X,4,P,"Interpretar balanços patrimoniais, identificando ativos, passivos e o patrimônio líquido de uma empresa; Reconhecer e aplicar princípios contábeis para a correta avaliação e apresentação das informações financeiras; Utilizar técnicas de análise financeira, como índices de liquidez, rentabilidade e endividamento, para avaliar a saúde financeira de uma empresa por meio de seus demonstrativos contábeis; Compreender orçamentos empresariais e aplicar técnicas de controle orçamentário para otimizar recursos e maximizar resultados; Identificar e avaliar riscos financeiros e aplicar conhecimentos em finanças para tomar decisões de investimento baseadas em análise de risco-retorno.","Adaptabilidade - Ser capaz de modificar o próprio comportamento e ter estratégias para enfrentar novas condições ou superar obstáculos;
Assertividade - Ser capaz de expressar opiniões, necessidades e sentimentos com confiança e exercer influência social;
Criatividade - Gerar novas maneiras de fazer ou pensar sobre as coisas por meio de exploração, aprendizagem a partir do fracasso, insight e visão.",Gestão Financeira e Contabilidade,C2,3,Gestão de Riscos Financeiros e Investimentos,U7,22,Investimentos e Gestão de Risco,Aula 3: Risco de um portfólio no Excel,Utilizar fórmulas e funções do Excel para automatizar cálculos de risco e retorno em investimentos.,Pensar criticamente sobre os riscos e os retornos financeiros.,Calcular o risco de um portfólio.,3. Encontrar o valor do risco de um portfólio no Excel
,Recomposição da Aprendizagem,,,,,,,,,,,,,,,
,4,T,"Interpretar balanços patrimoniais, identificando ativos, passivos e o patrimônio líquido de uma empresa; Reconhecer e aplicar princípios contábeis para a correta avaliação e apresentação das informações financeiras; Utilizar técnicas de análise financeira, como índices de liquidez, rentabilidade e endividamento, para avaliar a saúde financeira de uma empresa por meio de seus demonstrativos contábeis; Compreender orçamentos empresariais e aplicar técnicas de controle orçamentário para otimizar recursos e maximizar resultados; Identificar e avaliar riscos financeiros e aplicar conhecimentos em finanças para tomar decisões de investimento baseadas em análise de risco-retorno.","Adaptabilidade - Ser capaz de modificar o próprio comportamento e ter estratégias para enfrentar novas condições ou superar obstáculos;
Assertividade - Ser capaz de expressar opiniões, necessidades e sentimentos com confiança e exercer influência social;
Criatividade - Gerar novas maneiras de fazer ou pensar sobre as coisas por meio de exploração, aprendizagem a partir do fracasso, insight e visão.",Gestão Financeira e Contabilidade,C2,3,Planejamento Financeiro e Orçamento Empresarial,U6,23,Importância do Planejamento Financeiro,Aula 1: Objetivos e benefícios do planejamento financeiro,Reconhecer as principais ferramentas técnicas de planejamento financeiro.,Agir de forma organizada.,"Compreender a importância do planejamento financeiro, seus objetivos e benefícios.",1. Explicar a importância do planejamento financeiro
,4,T,"Interpretar balanços patrimoniais, identificando ativos, passivos e o patrimônio líquido de uma empresa; Reconhecer e aplicar princípios contábeis para a correta avaliação e apresentação das informações financeiras; Utilizar técnicas de análise financeira, como índices de liquidez, rentabilidade e endividamento, para avaliar a saúde financeira de uma empresa por meio de seus demonstrativos contábeis; Compreender orçamentos empresariais e aplicar técnicas de controle orçamentário para otimizar recursos e maximizar resultados; Identificar e avaliar riscos financeiros e aplicar conhecimentos em finanças para tomar decisões de investimento baseadas em análise de risco-retorno.","Adaptabilidade - Ser capaz de modificar o próprio comportamento e ter estratégias para enfrentar novas condições ou superar obstáculos;
Assertividade - Ser capaz de expressar opiniões, necessidades e sentimentos com confiança e exercer influência social;
Criatividade - Gerar novas maneiras de fazer ou pensar sobre as coisas por meio de exploração, aprendizagem a partir do fracasso, insight e visão.",Gestão Financeira e Contabilidade,C2,3,Planejamento Financeiro e Orçamento Empresarial,U6,23,Importância do Planejamento Financeiro,"Aula 2: Planejamento de curto, médio e longo prazo",Reconhecer as principais ferramentas técnicas de planejamento financeiro.,Agir de forma organizada.,"Diferenciar os conceitos de planejamento financeiro de curto, médio e longo prazo.",2. Explicar os diferentes horizontes temporais de planejamento financeiro
,4,T,"Interpretar balanços patrimoniais, identificando ativos, passivos e o patrimônio líquido de uma empresa; Reconhecer e aplicar princípios contábeis para a correta avaliação e apresentação das informações financeiras; Utilizar técnicas de análise financeira, como índices de liquidez, rentabilidade e endividamento, para avaliar a saúde financeira de uma empresa por meio de seus demonstrativos contábeis; Compreender orçamentos empresariais e aplicar técnicas de controle orçamentário para otimizar recursos e maximizar resultados; Identificar e avaliar riscos financeiros e aplicar conhecimentos em finanças para tomar decisões de investimento baseadas em análise de risco-retorno.","Adaptabilidade - Ser capaz de modificar o próprio comportamento e ter estratégias para enfrentar novas condições ou superar obstáculos;
Assertividade - Ser capaz de expressar opiniões, necessidades e sentimentos com confiança e exercer influência social;
Criatividade - Gerar novas maneiras de fazer ou pensar sobre as coisas por meio de exploração, aprendizagem a partir do fracasso, insight e visão.",Gestão Financeira e Contabilidade,C2,3,Planejamento Financeiro e Orçamento Empresarial,U6,23,Importância do Planejamento Financeiro,Aula 3: Ferramentas e técnicas de planejamento,Reconhecer as principais ferramentas técnicas de planejamento financeiro.,Agir de forma organizada.,Conhecer ferramentas e técnicas de planejamento financeiro.,3. Apresentar as principais ferramentas técnicas para realizar o planejamento financeiro
,4,T,"Interpretar balanços patrimoniais, identificando ativos, passivos e o patrimônio líquido de uma empresa; Reconhecer e aplicar princípios contábeis para a correta avaliação e apresentação das informações financeiras; Utilizar técnicas de análise financeira, como índices de liquidez, rentabilidade e endividamento, para avaliar a saúde financeira de uma empresa por meio de seus demonstrativos contábeis; Compreender orçamentos empresariais e aplicar técnicas de controle orçamentário para otimizar recursos e maximizar resultados; Identificar e avaliar riscos financeiros e aplicar conhecimentos em finanças para tomar decisões de investimento baseadas em análise de risco-retorno.","Adaptabilidade - Ser capaz de modificar o próprio comportamento e ter estratégias para enfrentar novas condições ou superar obstáculos;
Assertividade - Ser capaz de expressar opiniões, necessidades e sentimentos com confiança e exercer influência social;
Criatividade - Gerar novas maneiras de fazer ou pensar sobre as coisas por meio de exploração, aprendizagem a partir do fracasso, insight e visão.",Gestão Financeira e Contabilidade,C2,3,Planejamento Financeiro e Orçamento Empresarial,U6,24,Processo de Elaboração Orçamentária,Aula 1: Tipos de orçamento: estático e flexível,Reconhecer as etapas envolvidas na elaboração de um orçamento.,Pensar criticamente sobre a aplicação de técnicas financeiras.,Diferenciar orçamento estático e flexível.,"1. Explicar as características, as vantagens e as desvantagens do orçamento estático e flexível"
,4,T,"Interpretar balanços patrimoniais, identificando ativos, passivos e o patrimônio líquido de uma empresa; Reconhecer e aplicar princípios contábeis para a correta avaliação e apresentação das informações financeiras; Utilizar técnicas de análise financeira, como índices de liquidez, rentabilidade e endividamento, para avaliar a saúde financeira de uma empresa por meio de seus demonstrativos contábeis; Compreender orçamentos empresariais e aplicar técnicas de controle orçamentário para otimizar recursos e maximizar resultados; Identificar e avaliar riscos financeiros e aplicar conhecimentos em finanças para tomar decisões de investimento baseadas em análise de risco-retorno.","Adaptabilidade - Ser capaz de modificar o próprio comportamento e ter estratégias para enfrentar novas condições ou superar obstáculos;
Assertividade - Ser capaz de expressar opiniões, necessidades e sentimentos com confiança e exercer influência social;
Criatividade - Gerar novas maneiras de fazer ou pensar sobre as coisas por meio de exploração, aprendizagem a partir do fracasso, insight e visão.",Gestão Financeira e Contabilidade,C2,3,Planejamento Financeiro e Orçamento Empresarial,U6,24,Processo de Elaboração Orçamentária,Aula 2: Etapas da elaboração do orçamento,Reconhecer as etapas envolvidas na elaboração de um orçamento.,Pensar criticamente sobre a aplicação de técnicas financeiras.,Relacionar as etapas envolvidas na elaboração de um orçamento.,2. Explicar as etapas envolvidas na elaboração de um orçamento
,4,T,"Interpretar balanços patrimoniais, identificando ativos, passivos e o patrimônio líquido de uma empresa; Reconhecer e aplicar princípios contábeis para a correta avaliação e apresentação das informações financeiras; Utilizar técnicas de análise financeira, como índices de liquidez, rentabilidade e endividamento, para avaliar a saúde financeira de uma empresa por meio de seus demonstrativos contábeis; Compreender orçamentos empresariais e aplicar técnicas de controle orçamentário para otimizar recursos e maximizar resultados; Identificar e avaliar riscos financeiros e aplicar conhecimentos em finanças para tomar decisões de investimento baseadas em análise de risco-retorno.","Adaptabilidade - Ser capaz de modificar o próprio comportamento e ter estratégias para enfrentar novas condições ou superar obstáculos;
Assertividade - Ser capaz de expressar opiniões, necessidades e sentimentos com confiança e exercer influência social;
Criatividade - Gerar novas maneiras de fazer ou pensar sobre as coisas por meio de exploração, aprendizagem a partir do fracasso, insight e visão.",Gestão Financeira e Contabilidade,C2,3,Planejamento Financeiro e Orçamento Empresarial,U6,24,Processo de Elaboração Orçamentária,Aula 3: Controle e revisão orçamentária,Reconhecer as etapas envolvidas na elaboração de um orçamento.,Pensar criticamente sobre a aplicação de técnicas financeiras.,Compreender os conceitos de controle e revisão orçamentária.,3. Explicar a importância do controle e da revisão contínua do orçamento para a manutenção da saúde financeira
,4,P,"Interpretar balanços patrimoniais, identificando ativos, passivos e o patrimônio líquido de uma empresa; Reconhecer e aplicar princípios contábeis para a correta avaliação e apresentação das informações financeiras; Utilizar técnicas de análise financeira, como índices de liquidez, rentabilidade e endividamento, para avaliar a saúde financeira de uma empresa por meio de seus demonstrativos contábeis; Compreender orçamentos empresariais e aplicar técnicas de controle orçamentário para otimizar recursos e maximizar resultados; Identificar e avaliar riscos financeiros e aplicar conhecimentos em finanças para tomar decisões de investimento baseadas em análise de risco-retorno.","Adaptabilidade - Ser capaz de modificar o próprio comportamento e ter estratégias para enfrentar novas condições ou superar obstáculos;
Assertividade - Ser capaz de expressar opiniões, necessidades e sentimentos com confiança e exercer influência social;
Criatividade - Gerar novas maneiras de fazer ou pensar sobre as coisas por meio de exploração, aprendizagem a partir do fracasso, insight e visão.",Gestão Financeira e Contabilidade,C2,3,Planejamento Financeiro e Orçamento Empresarial,U6,25,Processo de Elaboração Orçamentária no Excel,Aula 1: Elaboração do orçamento no Excel,Utilizar fórmulas e funções do Excel para automatizar cálculos e análises orçamentárias.,Pensar criticamente sobre a aplicação de técnicas financeiras.,Construir um orçamento no Excel.,1. Demonstrar como utilizar o Excel para construir um orçamento
,4,P,"Interpretar balanços patrimoniais, identificando ativos, passivos e o patrimônio líquido de uma empresa; Reconhecer e aplicar princípios contábeis para a correta avaliação e apresentação das informações financeiras; Utilizar técnicas de análise financeira, como índices de liquidez, rentabilidade e endividamento, para avaliar a saúde financeira de uma empresa por meio de seus demonstrativos contábeis; Compreender orçamentos empresariais e aplicar técnicas de controle orçamentário para otimizar recursos e maximizar resultados; Identificar e avaliar riscos financeiros e aplicar conhecimentos em finanças para tomar decisões de investimento baseadas em análise de risco-retorno.","Adaptabilidade - Ser capaz de modificar o próprio comportamento e ter estratégias para enfrentar novas condições ou superar obstáculos;
Assertividade - Ser capaz de expressar opiniões, necessidades e sentimentos com confiança e exercer influência social;
Criatividade - Gerar novas maneiras de fazer ou pensar sobre as coisas por meio de exploração, aprendizagem a partir do fracasso, insight e visão.",Gestão Financeira e Contabilidade,C2,3,Planejamento Financeiro e Orçamento Empresarial,U6,25,Processo de Elaboração Orçamentária no Excel,Aula 2: Controle orçamentário no Excel,Utilizar fórmulas e funções do Excel para automatizar cálculos e análises orçamentárias.,Pensar criticamente sobre a aplicação de técnicas financeiras.,Utilizar o Excel para a atividade de controle orçamentário.,2. Utilizar o Excel para controle orçamentário
,4,P,"Interpretar balanços patrimoniais, identificando ativos, passivos e o patrimônio líquido de uma empresa; Reconhecer e aplicar princípios contábeis para a correta avaliação e apresentação das informações financeiras; Utilizar técnicas de análise financeira, como índices de liquidez, rentabilidade e endividamento, para avaliar a saúde financeira de uma empresa por meio de seus demonstrativos contábeis; Compreender orçamentos empresariais e aplicar técnicas de controle orçamentário para otimizar recursos e maximizar resultados; Identificar e avaliar riscos financeiros e aplicar conhecimentos em finanças para tomar decisões de investimento baseadas em análise de risco-retorno.","Adaptabilidade - Ser capaz de modificar o próprio comportamento e ter estratégias para enfrentar novas condições ou superar obstáculos;
Assertividade - Ser capaz de expressar opiniões, necessidades e sentimentos com confiança e exercer influência social;
Criatividade - Gerar novas maneiras de fazer ou pensar sobre as coisas por meio de exploração, aprendizagem a partir do fracasso, insight e visão.",Gestão Financeira e Contabilidade,C2,3,Planejamento Financeiro e Orçamento Empresarial,U6,25,Processo de Elaboração Orçamentária no Excel,Aula 3: Revisão orçamentária no Excel,Utilizar fórmulas e funções do Excel para automatizar cálculos e análises orçamentárias.,Pensar criticamente sobre a aplicação de técnicas financeiras.,Utilizar o Excel para a atividade de revisão do orçamento.,3. Utilizar o Excel para revisão orçamentária
,Recomposição da Aprendizagem,,,,,,,,,,,,,,,
,4,T,"Interpretar balanços patrimoniais, identificando ativos, passivos e o patrimônio líquido de uma empresa; Reconhecer e aplicar princípios contábeis para a correta avaliação e apresentação das informações financeiras; Utilizar técnicas de análise financeira, como índices de liquidez, rentabilidade e endividamento, para avaliar a saúde financeira de uma empresa por meio de seus demonstrativos contábeis; Compreender orçamentos empresariais e aplicar técnicas de controle orçamentário para otimizar recursos e maximizar resultados; Identificar e avaliar riscos financeiros e aplicar conhecimentos em finanças para tomar decisões de investimento baseadas em análise de risco-retorno.","Adaptabilidade - Ser capaz de modificar o próprio comportamento e ter estratégias para enfrentar novas condições ou superar obstáculos;
Assertividade - Ser capaz de expressar opiniões, necessidades e sentimentos com confiança e exercer influência social;
Criatividade - Gerar novas maneiras de fazer ou pensar sobre as coisas por meio de exploração, aprendizagem a partir do fracasso, insight e visão.",Gestão Financeira e Contabilidade,C2,3,Planejamento Financeiro e Orçamento Empresarial,U6,26,Acompanhamento do Orçamento Empresarial,Aula 1: Monitoramento e avaliação do desempenho orçamentário,Identificar ferramentas e técnicas de monitoramento e avaliação de desempenho orçamentário. ,Comunicar de forma eficaz os resultados do acompanhamento orçamentário.,Entender as técnicas de monitoramento e avaliação de desempenho orçamentário.,1. Explicar as práticas e as técnicas de monitoramento e avaliação de desempenho orçamentário
,4,T,"Interpretar balanços patrimoniais, identificando ativos, passivos e o patrimônio líquido de uma empresa; Reconhecer e aplicar princípios contábeis para a correta avaliação e apresentação das informações financeiras; Utilizar técnicas de análise financeira, como índices de liquidez, rentabilidade e endividamento, para avaliar a saúde financeira de uma empresa por meio de seus demonstrativos contábeis; Compreender orçamentos empresariais e aplicar técnicas de controle orçamentário para otimizar recursos e maximizar resultados; Identificar e avaliar riscos financeiros e aplicar conhecimentos em finanças para tomar decisões de investimento baseadas em análise de risco-retorno.","Adaptabilidade - Ser capaz de modificar o próprio comportamento e ter estratégias para enfrentar novas condições ou superar obstáculos;
Assertividade - Ser capaz de expressar opiniões, necessidades e sentimentos com confiança e exercer influência social;
Criatividade - Gerar novas maneiras de fazer ou pensar sobre as coisas por meio de exploração, aprendizagem a partir do fracasso, insight e visão.",Gestão Financeira e Contabilidade,C2,3,Planejamento Financeiro e Orçamento Empresarial,U6,26,Acompanhamento do Orçamento Empresarial,Aula 2: Correção de desvios e ajustes orçamentários,Identificar ferramentas e técnicas de monitoramento e avaliação de desempenho orçamentário. ,Comunicar de forma eficaz os resultados do acompanhamento orçamentário.,Identificar o que são desvios orçamentários e técnicas de ajuste.,2. Explicar desvios e ajustes orçamentários
,4,T,"Interpretar balanços patrimoniais, identificando ativos, passivos e o patrimônio líquido de uma empresa; Reconhecer e aplicar princípios contábeis para a correta avaliação e apresentação das informações financeiras; Utilizar técnicas de análise financeira, como índices de liquidez, rentabilidade e endividamento, para avaliar a saúde financeira de uma empresa por meio de seus demonstrativos contábeis; Compreender orçamentos empresariais e aplicar técnicas de controle orçamentário para otimizar recursos e maximizar resultados; Identificar e avaliar riscos financeiros e aplicar conhecimentos em finanças para tomar decisões de investimento baseadas em análise de risco-retorno.","Adaptabilidade - Ser capaz de modificar o próprio comportamento e ter estratégias para enfrentar novas condições ou superar obstáculos;
Assertividade - Ser capaz de expressar opiniões, necessidades e sentimentos com confiança e exercer influência social;
Criatividade - Gerar novas maneiras de fazer ou pensar sobre as coisas por meio de exploração, aprendizagem a partir do fracasso, insight e visão.",Gestão Financeira e Contabilidade,C2,3,Planejamento Financeiro e Orçamento Empresarial,U6,26,Acompanhamento do Orçamento Empresarial,Aula 3: Ferramentas de controle orçamentário,Identificar ferramentas e técnicas de monitoramento e avaliação de desempenho orçamentário. ,Comunicar de forma eficaz os resultados do acompanhamento orçamentário.,Conhecer as ferramentas de controle orçamentário.,3. Explicar o controle orçamentário e suas ferramentas
,4,P,"Interpretar balanços patrimoniais, identificando ativos, passivos e o patrimônio líquido de uma empresa; Reconhecer e aplicar princípios contábeis para a correta avaliação e apresentação das informações financeiras; Utilizar técnicas de análise financeira, como índices de liquidez, rentabilidade e endividamento, para avaliar a saúde financeira de uma empresa por meio de seus demonstrativos contábeis; Compreender orçamentos empresariais e aplicar técnicas de controle orçamentário para otimizar recursos e maximizar resultados; Identificar e avaliar riscos financeiros e aplicar conhecimentos em finanças para tomar decisões de investimento baseadas em análise de risco-retorno.","Adaptabilidade - Ser capaz de modificar o próprio comportamento e ter estratégias para enfrentar novas condições ou superar obstáculos;
Assertividade - Ser capaz de expressar opiniões, necessidades e sentimentos com confiança e exercer influência social;
Criatividade - Gerar novas maneiras de fazer ou pensar sobre as coisas por meio de exploração, aprendizagem a partir do fracasso, insight e visão.",Gestão Financeira e Contabilidade,C2,3,Planejamento Financeiro e Orçamento Empresarial,U6,27,Acompanhamento do Orçamento Empresarial no Excel,Aula 1: Monitoramento orçamentário no Excel,Utilizar fórmulas e funções do Excel para automatizar cálculos e acompanhamento orçamentário.,Comunicar de forma eficaz os resultados do acompanhamento orçamentário.,Entender a utilização do Excel para monitoramento orçamentário.,1. Utilizar o Excel para monitorar o orçamento
,4,P,"Interpretar balanços patrimoniais, identificando ativos, passivos e o patrimônio líquido de uma empresa; Reconhecer e aplicar princípios contábeis para a correta avaliação e apresentação das informações financeiras; Utilizar técnicas de análise financeira, como índices de liquidez, rentabilidade e endividamento, para avaliar a saúde financeira de uma empresa por meio de seus demonstrativos contábeis; Compreender orçamentos empresariais e aplicar técnicas de controle orçamentário para otimizar recursos e maximizar resultados; Identificar e avaliar riscos financeiros e aplicar conhecimentos em finanças para tomar decisões de investimento baseadas em análise de risco-retorno.","Adaptabilidade - Ser capaz de modificar o próprio comportamento e ter estratégias para enfrentar novas condições ou superar obstáculos;
Assertividade - Ser capaz de expressar opiniões, necessidades e sentimentos com confiança e exercer influência social;
Criatividade - Gerar novas maneiras de fazer ou pensar sobre as coisas por meio de exploração, aprendizagem a partir do fracasso, insight e visão.",Gestão Financeira e Contabilidade,C2,3,Planejamento Financeiro e Orçamento Empresarial,U6,27,Acompanhamento do Orçamento Empresarial no Excel,Aula 2: Desvios orçamentários no Excel,Utilizar fórmulas e funções do Excel para automatizar cálculos e acompanhamento orçamentário.,Comunicar de forma eficaz os resultados do acompanhamento orçamentário.,Entender a utilização do Excel para identificação de desvios e ajustes orçamentários.,2. Utilizar o Excel para identificar e ajustar orçamentos
,4,P,"Interpretar balanços patrimoniais, identificando ativos, passivos e o patrimônio líquido de uma empresa; Reconhecer e aplicar princípios contábeis para a correta avaliação e apresentação das informações financeiras; Utilizar técnicas de análise financeira, como índices de liquidez, rentabilidade e endividamento, para avaliar a saúde financeira de uma empresa por meio de seus demonstrativos contábeis; Compreender orçamentos empresariais e aplicar técnicas de controle orçamentário para otimizar recursos e maximizar resultados; Identificar e avaliar riscos financeiros e aplicar conhecimentos em finanças para tomar decisões de investimento baseadas em análise de risco-retorno.","Adaptabilidade - Ser capaz de modificar o próprio comportamento e ter estratégias para enfrentar novas condições ou superar obstáculos;
Assertividade - Ser capaz de expressar opiniões, necessidades e sentimentos com confiança e exercer influência social;
Criatividade - Gerar novas maneiras de fazer ou pensar sobre as coisas por meio de exploração, aprendizagem a partir do fracasso, insight e visão.",Gestão Financeira e Contabilidade,C2,3,Planejamento Financeiro e Orçamento Empresarial,U6,27,Acompanhamento do Orçamento Empresarial no Excel,Aula 3: Controle orçamentário no Excel,Utilizar fórmulas e funções do Excel para automatizar cálculos e acompanhamento orçamentário.,Comunicar de forma eficaz os resultados do acompanhamento orçamentário.,Utilizar o Excel como ferramenta de controle orçamentário.,3. Utilizar o Excel para o controle orçamentário
,Recomposição da Aprendizagem,,,,,,,,,,,,,,,
,4,T,"Interpretar balanços patrimoniais, identificando ativos, passivos e o patrimônio líquido de uma empresa; Reconhecer e aplicar princípios contábeis para a correta avaliação e apresentação das informações financeiras; Utilizar técnicas de análise financeira, como índices de liquidez, rentabilidade e endividamento, para avaliar a saúde financeira de uma empresa por meio de seus demonstrativos contábeis; Compreender orçamentos empresariais e aplicar técnicas de controle orçamentário para otimizar recursos e maximizar resultados; Identificar e avaliar riscos financeiros e aplicar conhecimentos em finanças para tomar decisões de investimento baseadas em análise de risco-retorno.","Adaptabilidade - Ser capaz de modificar o próprio comportamento e ter estratégias para enfrentar novas condições ou superar obstáculos;
Assertividade - Ser capaz de expressar opiniões, necessidades e sentimentos com confiança e exercer influência social;
Criatividade - Gerar novas maneiras de fazer ou pensar sobre as coisas por meio de exploração, aprendizagem a partir do fracasso, insight e visão.",Gestão Financeira e Contabilidade,C2,3,Planejamento Financeiro e Orçamento Empresarial,U6,28,Orçamento Base Zero (OBZ),Aula 1: Conceito e vantagens do OBZ,Compreender conceitos e vantagens na aplicação do Orçamento Base Zero.,Pensar criticamente sobre orçamento.,Compreender o conceito e as vantagens do Orçamento Base Zero (OBZ) para a gestão financeira.,1. Apresentar o conceito de Orçamento Base Zero (OBZ) e suas vantagens na gestão financeira
,4,T,"Interpretar balanços patrimoniais, identificando ativos, passivos e o patrimônio líquido de uma empresa; Reconhecer e aplicar princípios contábeis para a correta avaliação e apresentação das informações financeiras; Utilizar técnicas de análise financeira, como índices de liquidez, rentabilidade e endividamento, para avaliar a saúde financeira de uma empresa por meio de seus demonstrativos contábeis; Compreender orçamentos empresariais e aplicar técnicas de controle orçamentário para otimizar recursos e maximizar resultados; Identificar e avaliar riscos financeiros e aplicar conhecimentos em finanças para tomar decisões de investimento baseadas em análise de risco-retorno.","Adaptabilidade - Ser capaz de modificar o próprio comportamento e ter estratégias para enfrentar novas condições ou superar obstáculos;
Assertividade - Ser capaz de expressar opiniões, necessidades e sentimentos com confiança e exercer influência social;
Criatividade - Gerar novas maneiras de fazer ou pensar sobre as coisas por meio de exploração, aprendizagem a partir do fracasso, insight e visão.",Gestão Financeira e Contabilidade,C2,3,Planejamento Financeiro e Orçamento Empresarial,U6,28,Orçamento Base Zero (OBZ),Aula 2: Metodologia e aplicação do OBZ,Compreender conceitos e vantagens na aplicação do Orçamento Base Zero.,Pensar criticamente sobre orçamento.,Compreender a metodologia de implementação do Orçamento Base Zero (OBZ). ,2. Apresentar a metodologia de implementação do Orçamento Base Zero (OBZ) 
,4,T,"Interpretar balanços patrimoniais, identificando ativos, passivos e o patrimônio líquido de uma empresa; Reconhecer e aplicar princípios contábeis para a correta avaliação e apresentação das informações financeiras; Utilizar técnicas de análise financeira, como índices de liquidez, rentabilidade e endividamento, para avaliar a saúde financeira de uma empresa por meio de seus demonstrativos contábeis; Compreender orçamentos empresariais e aplicar técnicas de controle orçamentário para otimizar recursos e maximizar resultados; Identificar e avaliar riscos financeiros e aplicar conhecimentos em finanças para tomar decisões de investimento baseadas em análise de risco-retorno.","Adaptabilidade - Ser capaz de modificar o próprio comportamento e ter estratégias para enfrentar novas condições ou superar obstáculos;
Assertividade - Ser capaz de expressar opiniões, necessidades e sentimentos com confiança e exercer influência social;
Criatividade - Gerar novas maneiras de fazer ou pensar sobre as coisas por meio de exploração, aprendizagem a partir do fracasso, insight e visão.",Gestão Financeira e Contabilidade,C2,3,Planejamento Financeiro e Orçamento Empresarial,U6,28,Orçamento Base Zero (OBZ),Aula 3: Implementação do OBZ,Compreender conceitos e vantagens na aplicação do Orçamento Base Zero.,Pensar criticamente sobre orçamento.,Entender como implementar o Orçamento Base Zero (OBZ) .,3. Demonstrar a implementação do Orçamento Base Zero (OBZ) 
,1,T,"Análise e melhoria de processos; Capacidade para apoiar o Planejamento Estratégico de Produção que alinhe as metas de produção com os recursos disponíveis, buscando a eficiência operacional; Apoio na gestão da Cadeia de Suprimentos desde a aquisição de matérias-primas até a entrega do produto final, incluindo logística e distribuição; Habilidade em identificar, avaliar e mitigar riscos potenciais associados a operações e projetos, aplicando metodologias para prever incertezas e desenvolver estratégias de resposta.","Cooperação - Viver em harmonia com os outros e valorizar a interconexão entre todas as pessoas;
Assertividade - Ser capaz de expressar opiniões, necessidades e sentimentos com confiança e exercer influência social;
Tolerância ao estresse - Ter eficácia na modulação da ansiedade e capacidade de resolver problemas com calma;
Empatia - Compreender e preocupar-se com os outros e com o seu bem-estar. Valorizar e investir no relacionamento próximo.}Ç  ",Gestão de Operações,C3,4,Processos Produtivos e Serviços,U1,1,Processos Produtivos,Aula 1: Revoluções da indústria,Utilizar as principais características de Produção Puxada e Empurrada em processos produtivos.,Pensar criticamente.,"Compreender as Revoluções Industriais e suas principais características,  a importância do conhecimento na evolução dos processos produtivos.",1. História das Revoluções Industriais
,1,T,"Análise e melhoria de processos; Capacidade para apoiar o Planejamento Estratégico de Produção que alinhe as metas de produção com os recursos disponíveis, buscando a eficiência operacional; Apoio na gestão da Cadeia de Suprimentos desde a aquisição de matérias-primas até a entrega do produto final, incluindo logística e distribuição; Habilidade em identificar, avaliar e mitigar riscos potenciais associados a operações e projetos, aplicando metodologias para prever incertezas e desenvolver estratégias de resposta.","Cooperação - Viver em harmonia com os outros e valorizar a interconexão entre todas as pessoas;
Assertividade - Ser capaz de expressar opiniões, necessidades e sentimentos com confiança e exercer influência social;
Tolerância ao estresse - Ter eficácia na modulação da ansiedade e capacidade de resolver problemas com calma;
Empatia - Compreender e preocupar-se com os outros e com o seu bem-estar. Valorizar e investir no relacionamento próximo.",Gestão de Operações,C3,4,Processos Produtivos e Serviços,U1,1,Processos Produtivos,Aula 2: Processos e avaliação de produtividade,Utilizar as principais características de Produção Puxada e Empurrada em processos produtivos.,Pensar criticamente.,"Identificar os fatores que compõem um processo, como mapear uma tarefa ou atividade de processo e apresentar a diferença entre produção e produtividade.",2. Processos
,1,T,"Análise e melhoria de processos; Capacidade para apoiar o Planejamento Estratégico de Produção que alinhe as metas de produção com os recursos disponíveis, buscando a eficiência operacional; Apoio na gestão da Cadeia de Suprimentos desde a aquisição de matérias-primas até a entrega do produto final, incluindo logística e distribuição; Habilidade em identificar, avaliar e mitigar riscos potenciais associados a operações e projetos, aplicando metodologias para prever incertezas e desenvolver estratégias de resposta.","Cooperação - Viver em harmonia com os outros e valorizar a interconexão entre todas as pessoas;
Assertividade - Ser capaz de expressar opiniões, necessidades e sentimentos com confiança e exercer influência social;
Tolerância ao estresse - Ter eficácia na modulação da ansiedade e capacidade de resolver problemas com calma;
Empatia - Compreender e preocupar-se com os outros e com o seu bem-estar. Valorizar e investir no relacionamento próximo.",Gestão de Operações,C3,4,Processos Produtivos e Serviços,U1,1,Processos Produtivos,Aula 3: Produção empurrada,Utilizar as principais características de Produção Puxada e Empurrada em processos produtivos.,Pensar criticamente.,"Identificar as principais características de uma produção empurrada, reconhecer  o modelo Fordismo e os princípios do Taylorismo.
 ",3. Fordismo e Taylorismo
,1,T,"Análise e melhoria de processos; Capacidade para apoiar o Planejamento Estratégico de Produção que alinhe as metas de produção com os recursos disponíveis, buscando a eficiência operacional; Apoio na gestão da Cadeia de Suprimentos desde a aquisição de matérias-primas até a entrega do produto final, incluindo logística e distribuição; Habilidade em identificar, avaliar e mitigar riscos potenciais associados a operações e projetos, aplicando metodologias para prever incertezas e desenvolver estratégias de resposta.","Cooperação - Viver em harmonia com os outros e valorizar a interconexão entre todas as pessoas;
Assertividade - Ser capaz de expressar opiniões, necessidades e sentimentos com confiança e exercer influência social;
Tolerância ao estresse - Ter eficácia na modulação da ansiedade e capacidade de resolver problemas com calma;
Empatia - Compreender e preocupar-se com os outros e com o seu bem-estar. Valorizar e investir no relacionamento próximo.",Gestão de Operações,C3,4,Processos Produtivos e Serviços,U1,1,Processos Produtivos,Aula 4: Produção puxada,Utilizar as principais características de Produção Puxada e Empurrada em processos produtivos.,Pensar criticamente.,"Identificar as principais características de uma produção puxada , reconhecer o modelo Toyota e os princípios Lean.",4. Toyotismo e Lean
,1,T,"Análise e melhoria de processos; Capacidade para apoiar o Planejamento Estratégico de Produção que alinhe as metas de produção com os recursos disponíveis, buscando a eficiência operacional; Apoio na gestão da Cadeia de Suprimentos desde a aquisição de matérias-primas até a entrega do produto final, incluindo logística e distribuição; Habilidade em identificar, avaliar e mitigar riscos potenciais associados a operações e projetos, aplicando metodologias para prever incertezas e desenvolver estratégias de resposta.","Cooperação - Viver em harmonia com os outros e valorizar a interconexão entre todas as pessoas;
Assertividade - Ser capaz de expressar opiniões, necessidades e sentimentos com confiança e exercer influência social;
Tolerância ao estresse - Ter eficácia na modulação da ansiedade e capacidade de resolver problemas com calma;
Empatia - Compreender e preocupar-se com os outros e com o seu bem-estar. Valorizar e investir no relacionamento próximo.",Gestão de Operações,C3,4,Processos Produtivos e Serviços,U1,2,Operações de Serviços,Aula 1: Importância dos serviços na economia,Identificar fatores críticos e como influenciam no desempenho das operações e dos negócios.,Pensar criticamente.,Entender a importância dos principais tipos e evoluções dos serviços na economia e na sociedade de um país.,1. Serviços e a sociedade
,1,T,"Análise e melhoria de processos; Capacidade para apoiar o Planejamento Estratégico de Produção que alinhe as metas de produção com os recursos disponíveis, buscando a eficiência operacional; Apoio na gestão da Cadeia de Suprimentos desde a aquisição de matérias-primas até a entrega do produto final, incluindo logística e distribuição; Habilidade em identificar, avaliar e mitigar riscos potenciais associados a operações e projetos, aplicando metodologias para prever incertezas e desenvolver estratégias de resposta.","Cooperação - Viver em harmonia com os outros e valorizar a interconexão entre todas as pessoas;
Assertividade - Ser capaz de expressar opiniões, necessidades e sentimentos com confiança e exercer influência social;
Tolerância ao estresse - Ter eficácia na modulação da ansiedade e capacidade de resolver problemas com calma;
Empatia - Compreender e preocupar-se com os outros e com o seu bem-estar. Valorizar e investir no relacionamento próximo.",Gestão de Operações,C3,4,Processos Produtivos e Serviços,U1,2,Operações de Serviços,Aula 2: Características de serviços,Identificar fatores críticos e como influenciam no desempenho das operações e dos negócios.,Pensar criticamente.,Entender as características em operações de serviços.,2. Características dos serviços
,1,T,"Análise e melhoria de processos; Capacidade para apoiar o Planejamento Estratégico de Produção que alinhe as metas de produção com os recursos disponíveis, buscando a eficiência operacional; Apoio na gestão da Cadeia de Suprimentos desde a aquisição de matérias-primas até a entrega do produto final, incluindo logística e distribuição; Habilidade em identificar, avaliar e mitigar riscos potenciais associados a operações e projetos, aplicando metodologias para prever incertezas e desenvolver estratégias de resposta.","Cooperação - Viver em harmonia com os outros e valorizar a interconexão entre todas as pessoas;
Assertividade - Ser capaz de expressar opiniões, necessidades e sentimentos com confiança e exercer influência social;
Tolerância ao estresse - Ter eficácia na modulação da ansiedade e capacidade de resolver problemas com calma;
Empatia - Compreender e preocupar-se com os outros e com o seu bem-estar. Valorizar e investir no relacionamento próximo.",Gestão de Operações,C3,4,Processos Produtivos e Serviços,U1,2,Operações de Serviços,Aula 3: Fatores críticos de desempenho,Identificar fatores críticos e como influenciam no desempenho das operações e dos negócios.,Pensar criticamente.,Entender e identificar os fatores críticos em serviços e como influenciam no desempenho das operações e dos negócios.,3. Fatores críticos dos serviços
,1,T,"Análise e melhoria de processos; Capacidade para apoiar o Planejamento Estratégico de Produção que alinhe as metas de produção com os recursos disponíveis, buscando a eficiência operacional; Apoio na gestão da Cadeia de Suprimentos desde a aquisição de matérias-primas até a entrega do produto final, incluindo logística e distribuição; Habilidade em identificar, avaliar e mitigar riscos potenciais associados a operações e projetos, aplicando metodologias para prever incertezas e desenvolver estratégias de resposta.","Cooperação - Viver em harmonia com os outros e valorizar a interconexão entre todas as pessoas;
Assertividade - Ser capaz de expressar opiniões, necessidades e sentimentos com confiança e exercer influência social;
Tolerância ao estresse - Ter eficácia na modulação da ansiedade e capacidade de resolver problemas com calma;
Empatia - Compreender e preocupar-se com os outros e com o seu bem-estar. Valorizar e investir no relacionamento próximo.",Gestão de Operações,C3,4,Processos Produtivos e Serviços,U1,2,Operações de Serviços,Aula 4: Qualidade em serviços,Identificar fatores críticos e como influenciam no desempenho das operações e dos negócios.,Pensar criticamente.,Entender a importância dos indicadores de qualidade nas operações de serviços. Compreender a necessidade de melhorias nas operações de serviços a partir dos resultados dos indicadores.,4. Qualidade em serviços
,Recomposição da Aprendizagem,,,,,,,,,,,,,,,
,1,T,"Análise e melhoria de processos; Capacidade para apoiar o Planejamento Estratégico de Produção que alinhe as metas de produção com os recursos disponíveis, buscando a eficiência operacional; Apoio na gestão da Cadeia de Suprimentos desde a aquisição de matérias-primas até a entrega do produto final, incluindo logística e distribuição; Habilidade em identificar, avaliar e mitigar riscos potenciais associados a operações e projetos, aplicando metodologias para prever incertezas e desenvolver estratégias de resposta.","Cooperação - Viver em harmonia com os outros e valorizar a interconexão entre todas as pessoas;
Assertividade - Ser capaz de expressar opiniões, necessidades e sentimentos com confiança e exercer influência social;
Tolerância ao estresse - Ter eficácia na modulação da ansiedade e capacidade de resolver problemas com calma;
Empatia - Compreender e preocupar-se com os outros e com o seu bem-estar. Valorizar e investir no relacionamento próximo.",Gestão de Operações,C3,4,Planejamento e Controle da Produção,U2,3,Planejamento da Capacidade,Aula 1: Conceitos de planejamento e controle,Identificar gargalos em fluxos de processos.,Ser colaborativo. ,Entender o papel do Planejamento e Controle de Produção (PCP) e seus principais conceitos.,1. Planejamento e controle 
,1,T,"Análise e melhoria de processos; Capacidade para apoiar o Planejamento Estratégico de Produção que alinhe as metas de produção com os recursos disponíveis, buscando a eficiência operacional; Apoio na gestão da Cadeia de Suprimentos desde a aquisição de matérias-primas até a entrega do produto final, incluindo logística e distribuição; Habilidade em identificar, avaliar e mitigar riscos potenciais associados a operações e projetos, aplicando metodologias para prever incertezas e desenvolver estratégias de resposta.","Cooperação - Viver em harmonia com os outros e valorizar a interconexão entre todas as pessoas;
Assertividade - Ser capaz de expressar opiniões, necessidades e sentimentos com confiança e exercer influência social;
Tolerância ao estresse - Ter eficácia na modulação da ansiedade e capacidade de resolver problemas com calma;
Empatia - Compreender e preocupar-se com os outros e com o seu bem-estar. Valorizar e investir no relacionamento próximo.",Gestão de Operações,C3,4,Planejamento e Controle da Produção,U2,3,Planejamento da Capacidade,Aula 2: Pedidos e previsão de demanda,Identificar gargalos em fluxos de processos.,Ser colaborativo. ,"
Identificar os fatores-chave para atendimento às metas de produção.",2. Previsão de demanda 
,1,T,"Análise e melhoria de processos; Capacidade para apoiar o Planejamento Estratégico de Produção que alinhe as metas de produção com os recursos disponíveis, buscando a eficiência operacional; Apoio na gestão da Cadeia de Suprimentos desde a aquisição de matérias-primas até a entrega do produto final, incluindo logística e distribuição; Habilidade em identificar, avaliar e mitigar riscos potenciais associados a operações e projetos, aplicando metodologias para prever incertezas e desenvolver estratégias de resposta.","Cooperação - Viver em harmonia com os outros e valorizar a interconexão entre todas as pessoas;
Assertividade - Ser capaz de expressar opiniões, necessidades e sentimentos com confiança e exercer influência social;
Tolerância ao estresse - Ter eficácia na modulação da ansiedade e capacidade de resolver problemas com calma;
Empatia - Compreender e preocupar-se com os outros e com o seu bem-estar. Valorizar e investir no relacionamento próximo.",Gestão de Operações,C3,4,Planejamento e Controle da Produção,U2,3,Planejamento da Capacidade,Aula 3: Capacidade e ritmo de produção,Identificar gargalos em fluxos de processos.,Ser colaborativo. ,Conhecer as técnicas para realizar balanceamento de linha de produção.,3. Capacidade 
,1,T,"Análise e melhoria de processos; Capacidade para apoiar o Planejamento Estratégico de Produção que alinhe as metas de produção com os recursos disponíveis, buscando a eficiência operacional; Apoio na gestão da Cadeia de Suprimentos desde a aquisição de matérias-primas até a entrega do produto final, incluindo logística e distribuição; Habilidade em identificar, avaliar e mitigar riscos potenciais associados a operações e projetos, aplicando metodologias para prever incertezas e desenvolver estratégias de resposta.","Cooperação - Viver em harmonia com os outros e valorizar a interconexão entre todas as pessoas;
Assertividade - Ser capaz de expressar opiniões, necessidades e sentimentos com confiança e exercer influência social;
Tolerância ao estresse - Ter eficácia na modulação da ansiedade e capacidade de resolver problemas com calma;
Empatia - Compreender e preocupar-se com os outros e com o seu bem-estar. Valorizar e investir no relacionamento próximo.",Gestão de Operações,C3,4,Planejamento e Controle da Produção,U2,3,Planejamento da Capacidade,Aula 4: Balanceamento de linha e gargalos,Identificar gargalos em fluxos de processos.,Ser colaborativo. ,Relacionar métodos de mitigação de gargalos em processos.,4. Balanceamento de linha 
,1,T,"Análise e melhoria de processos; Capacidade para apoiar o Planejamento Estratégico de Produção que alinhe as metas de produção com os recursos disponíveis, buscando a eficiência operacional; Apoio na gestão da Cadeia de Suprimentos desde a aquisição de matérias-primas até a entrega do produto final, incluindo logística e distribuição; Habilidade em identificar, avaliar e mitigar riscos potenciais associados a operações e projetos, aplicando metodologias para prever incertezas e desenvolver estratégias de resposta.","Cooperação - Viver em harmonia com os outros e valorizar a interconexão entre todas as pessoas;
Assertividade - Ser capaz de expressar opiniões, necessidades e sentimentos com confiança e exercer influência social;
Tolerância ao estresse - Ter eficácia na modulação da ansiedade e capacidade de resolver problemas com calma;
Empatia - Compreender e preocupar-se com os outros e com o seu bem-estar. Valorizar e investir no relacionamento próximo.",Gestão de Operações,C3,4,Planejamento e Controle da Produção,U2,4,Controle da Produção,Aula 1: Sistema de PCP,Utilizar os indicadores de processos para identificar melhorias na produção.,Buscar por melhoria de desempenho.,Identificar as principais tarefas da área de planejamento e controle da produção (PCP) e sistemas Enterprise Ressource Planing (ERP).,1. Sistemas ERPs 
,1,T,"Análise e melhoria de processos; Capacidade para apoiar o Planejamento Estratégico de Produção que alinhe as metas de produção com os recursos disponíveis, buscando a eficiência operacional; Apoio na gestão da Cadeia de Suprimentos desde a aquisição de matérias-primas até a entrega do produto final, incluindo logística e distribuição; Habilidade em identificar, avaliar e mitigar riscos potenciais associados a operações e projetos, aplicando metodologias para prever incertezas e desenvolver estratégias de resposta.","Cooperação - Viver em harmonia com os outros e valorizar a interconexão entre todas as pessoas;
Assertividade - Ser capaz de expressar opiniões, necessidades e sentimentos com confiança e exercer influência social;
Tolerância ao estresse - Ter eficácia na modulação da ansiedade e capacidade de resolver problemas com calma;
Empatia - Compreender e preocupar-se com os outros e com o seu bem-estar. Valorizar e investir no relacionamento próximo.",Gestão de Operações,C3,4,Planejamento e Controle da Produção,U2,4,Controle da Produção,Aula 2: Priorização de atendimento de pedidos,Utilizar os indicadores de processos para identificar melhorias na produção.,Buscar por melhoria de desempenho. ,Conhecer técnicas de priorização de pedidos de produção.,2. Priorização de atendimento 
,1,T,"Análise e melhoria de processos; Capacidade para apoiar o Planejamento Estratégico de Produção que alinhe as metas de produção com os recursos disponíveis, buscando a eficiência operacional; Apoio na gestão da Cadeia de Suprimentos desde a aquisição de matérias-primas até a entrega do produto final, incluindo logística e distribuição; Habilidade em identificar, avaliar e mitigar riscos potenciais associados a operações e projetos, aplicando metodologias para prever incertezas e desenvolver estratégias de resposta.","Cooperação - Viver em harmonia com os outros e valorizar a interconexão entre todas as pessoas;
Assertividade - Ser capaz de expressar opiniões, necessidades e sentimentos com confiança e exercer influência social;
Tolerância ao estresse - Ter eficácia na modulação da ansiedade e capacidade de resolver problemas com calma;
Empatia - Compreender e preocupar-se com os outros e com o seu bem-estar. Valorizar e investir no relacionamento próximo.",Gestão de Operações,C3,4,Planejamento e Controle da Produção,U2,4,Controle da Produção,Aula 3: Ordens de produção e sequenciamento,Utilizar os indicadores de processos para identificar melhorias na produção.,Buscar por melhoria de desempenho. ,Conhecer técnicas de elaboração da sequência de ordens de produção em função do fluxo de processos.,3. Sequenciamento de atendimento
,1,T,"Análise e melhoria de processos; Capacidade para apoiar o Planejamento Estratégico de Produção que alinhe as metas de produção com os recursos disponíveis, buscando a eficiência operacional; Apoio na gestão da Cadeia de Suprimentos desde a aquisição de matérias-primas até a entrega do produto final, incluindo logística e distribuição; Habilidade em identificar, avaliar e mitigar riscos potenciais associados a operações e projetos, aplicando metodologias para prever incertezas e desenvolver estratégias de resposta.","Cooperação - Viver em harmonia com os outros e valorizar a interconexão entre todas as pessoas;
Assertividade - Ser capaz de expressar opiniões, necessidades e sentimentos com confiança e exercer influência social;
Tolerância ao estresse - Ter eficácia na modulação da ansiedade e capacidade de resolver problemas com calma;
Empatia - Compreender e preocupar-se com os outros e com o seu bem-estar. Valorizar e investir no relacionamento próximo.",Gestão de Operações,C3,4,Planejamento e Controle da Produção,U2,4,Controle da Produção,Aula 4: Indicadores de controle de produção,Utilizar os indicadores de processos para identificar melhorias na produção.,Buscar por melhoria de desempenho. ,Entender como se utilizar dos indicadores de processos para melhoria contínua do planejamento de produção.,4. Indicadores de produção 
,Recomposição da Aprendizagem,,,,,,,,,,,,,,,
,1,P,"Análise e melhoria de processos; Capacidade para apoiar o Planejamento Estratégico de Produção que alinhe as metas de produção com os recursos disponíveis, buscando a eficiência operacional; Apoio na gestão da Cadeia de Suprimentos desde a aquisição de matérias-primas até a entrega do produto final, incluindo logística e distribuição; Habilidade em identificar, avaliar e mitigar riscos potenciais associados a operações e projetos, aplicando metodologias para prever incertezas e desenvolver estratégias de resposta.","Cooperação - Viver em harmonia com os outros e valorizar a interconexão entre todas as pessoas;
Assertividade - Ser capaz de expressar opiniões, necessidades e sentimentos com confiança e exercer influência social;
Tolerância ao estresse - Ter eficácia na modulação da ansiedade e capacidade de resolver problemas com calma;
Empatia - Compreender e preocupar-se com os outros e com o seu bem-estar. Valorizar e investir no relacionamento próximo.",Gestão de Operações,C3,4,Planejamento e Controle da Produção,U2,5,Controle da Produção na Prática,Aula 1: Modelo SIPOC na prática,Praticar análise comparativa entre produção puxada x empurrada.,Buscar por melhoria de desempenho. ,"Identificar os fatores que compõem um processo, como mapear uma tarefa ou atividade de processo.",1. Processos
,1,P,"Análise e melhoria de processos; Capacidade para apoiar o Planejamento Estratégico de Produção que alinhe as metas de produção com os recursos disponíveis, buscando a eficiência operacional; Apoio na gestão da Cadeia de Suprimentos desde a aquisição de matérias-primas até a entrega do produto final, incluindo logística e distribuição; Habilidade em identificar, avaliar e mitigar riscos potenciais associados a operações e projetos, aplicando metodologias para prever incertezas e desenvolver estratégias de resposta.","Cooperação - Viver em harmonia com os outros e valorizar a interconexão entre todas as pessoas;
Assertividade - Ser capaz de expressar opiniões, necessidades e sentimentos com confiança e exercer influência social;
Tolerância ao estresse - Ter eficácia na modulação da ansiedade e capacidade de resolver problemas com calma;
Empatia - Compreender e preocupar-se com os outros e com o seu bem-estar. Valorizar e investir no relacionamento próximo.",Gestão de Operações,C3,4,Planejamento e Controle da Produção,U2,5,Controle da Produção na Prática,Aula 2: Produção empurrada na prática,Praticar análise comparativa entre produção puxada x empurrada.,Buscar por melhoria de desempenho. ,Entender como elaborar um projeto de processos com características de uma produção empurrada em uma linha de produção em série.,2. Fordismo e Taylorismo
,1,P,"Análise e melhoria de processos; Capacidade para apoiar o Planejamento Estratégico de Produção que alinhe as metas de produção com os recursos disponíveis, buscando a eficiência operacional; Apoio na gestão da Cadeia de Suprimentos desde a aquisição de matérias-primas até a entrega do produto final, incluindo logística e distribuição; Habilidade em identificar, avaliar e mitigar riscos potenciais associados a operações e projetos, aplicando metodologias para prever incertezas e desenvolver estratégias de resposta.","Cooperação - Viver em harmonia com os outros e valorizar a interconexão entre todas as pessoas;
Assertividade - Ser capaz de expressar opiniões, necessidades e sentimentos com confiança e exercer influência social;
Tolerância ao estresse - Ter eficácia na modulação da ansiedade e capacidade de resolver problemas com calma;
Empatia - Compreender e preocupar-se com os outros e com o seu bem-estar. Valorizar e investir no relacionamento próximo.",Gestão de Operações,C3,4,Planejamento e Controle da Produção,U2,5,Controle da Produção na Prática,Aula 3: Produção puxada na prática ,Praticar análise comparativa entre produção puxada x empurrada.,Buscar por melhoria de desempenho. ,Entender como elaborar um projeto de processos com características de uma produção puxada em uma linha de produção em série.,3. Toyotismo e Lean
,1,P,"Análise e melhoria de processos; Capacidade para apoiar o Planejamento Estratégico de Produção que alinhe as metas de produção com os recursos disponíveis, buscando a eficiência operacional; Apoio na gestão da Cadeia de Suprimentos desde a aquisição de matérias-primas até a entrega do produto final, incluindo logística e distribuição; Habilidade em identificar, avaliar e mitigar riscos potenciais associados a operações e projetos, aplicando metodologias para prever incertezas e desenvolver estratégias de resposta.","Cooperação - Viver em harmonia com os outros e valorizar a interconexão entre todas as pessoas;
Assertividade - Ser capaz de expressar opiniões, necessidades e sentimentos com confiança e exercer influência social;
Tolerância ao estresse - Ter eficácia na modulação da ansiedade e capacidade de resolver problemas com calma;
Empatia - Compreender e preocupar-se com os outros e com o seu bem-estar. Valorizar e investir no relacionamento próximo.",Gestão de Operações,C3,4,Planejamento e Controle da Produção,U2,5,Controle da Produção na Prática,Aula 4: Análises de desempenho na prática,Praticar análise comparativa entre produção puxada x empurrada.,Buscar por melhoria de desempenho. ,Compreender e reconhecer as diferenças entre os sistema de produção puxada e empurrada. Entender a importância dos indicadores de processos.,4. Processos (tipos)
,1,T,"Análise e melhoria de processos; Capacidade para apoiar o Planejamento Estratégico de Produção que alinhe as metas de produção com os recursos disponíveis, buscando a eficiência operacional; Apoio na gestão da Cadeia de Suprimentos desde a aquisição de matérias-primas até a entrega do produto final, incluindo logística e distribuição; Habilidade em identificar, avaliar e mitigar riscos potenciais associados a operações e projetos, aplicando metodologias para prever incertezas e desenvolver estratégias de resposta.","Cooperação - Viver em harmonia com os outros e valorizar a interconexão entre todas as pessoas;
Assertividade - Ser capaz de expressar opiniões, necessidades e sentimentos com confiança e exercer influência social;
Tolerância ao estresse - Ter eficácia na modulação da ansiedade e capacidade de resolver problemas com calma;
Empatia - Compreender e preocupar-se com os outros e com o seu bem-estar. Valorizar e investir no relacionamento próximo.",Gestão de Operações,C3,4,Gestão de Compras ,U3,6,Processo de Aquisição,Aula 1: Planejamento de compras,Reconhecer pontos importantes para a gestão de contratos.,Pensar criticamente sobre o impacto/consequências de ações tomadas.,Identificar a importância de alinhar as compras com os objetivos estratégicos da empresa.,1. Planejamento de compras
,1,T,"Análise e melhoria de processos; Capacidade para apoiar o Planejamento Estratégico de Produção que alinhe as metas de produção com os recursos disponíveis, buscando a eficiência operacional; Apoio na gestão da Cadeia de Suprimentos desde a aquisição de matérias-primas até a entrega do produto final, incluindo logística e distribuição; Habilidade em identificar, avaliar e mitigar riscos potenciais associados a operações e projetos, aplicando metodologias para prever incertezas e desenvolver estratégias de resposta.","Cooperação - Viver em harmonia com os outros e valorizar a interconexão entre todas as pessoas;
Assertividade - Ser capaz de expressar opiniões, necessidades e sentimentos com confiança e exercer influência social;
Tolerância ao estresse - Ter eficácia na modulação da ansiedade e capacidade de resolver problemas com calma;
Empatia - Compreender e preocupar-se com os outros e com o seu bem-estar. Valorizar e investir no relacionamento próximo.",Gestão de Operações,C3,4,Gestão de Compras ,U3,6,Processo de Aquisição,Aula 2: Seleção e avaliação de fornecedores,Reconhecer pontos importantes para a gestão de contratos.,Pensar criticamente sobre o impacto/consequências de ações tomadas.,Entender técnicas de pesquisa e identificação de fornecedores potenciais.,2. Seleção e avaliação de fornecedores 
,1,T,"Análise e melhoria de processos; Capacidade para apoiar o Planejamento Estratégico de Produção que alinhe as metas de produção com os recursos disponíveis, buscando a eficiência operacional; Apoio na gestão da Cadeia de Suprimentos desde a aquisição de matérias-primas até a entrega do produto final, incluindo logística e distribuição; Habilidade em identificar, avaliar e mitigar riscos potenciais associados a operações e projetos, aplicando metodologias para prever incertezas e desenvolver estratégias de resposta.","Cooperação - Viver em harmonia com os outros e valorizar a interconexão entre todas as pessoas;
Assertividade - Ser capaz de expressar opiniões, necessidades e sentimentos com confiança e exercer influência social;
Tolerância ao estresse - Ter eficácia na modulação da ansiedade e capacidade de resolver problemas com calma;
Empatia - Compreender e preocupar-se com os outros e com o seu bem-estar. Valorizar e investir no relacionamento próximo.",Gestão de Operações,C3,4,Gestão de Compras ,U3,6,Processo de Aquisição,Aula 3: Negociação e contratação,Reconhecer pontos importantes para a gestão de contratos.,Pensar criticamente sobre o impacto/consequências de ações tomadas.,Relacionar estratégias e aspectos legais em negociações e contratações.,3. Negociação de contratos
,1,T,"Análise e melhoria de processos; Capacidade para apoiar o Planejamento Estratégico de Produção que alinhe as metas de produção com os recursos disponíveis, buscando a eficiência operacional; Apoio na gestão da Cadeia de Suprimentos desde a aquisição de matérias-primas até a entrega do produto final, incluindo logística e distribuição; Habilidade em identificar, avaliar e mitigar riscos potenciais associados a operações e projetos, aplicando metodologias para prever incertezas e desenvolver estratégias de resposta.","Cooperação - Viver em harmonia com os outros e valorizar a interconexão entre todas as pessoas;
Assertividade - Ser capaz de expressar opiniões, necessidades e sentimentos com confiança e exercer influência social;
Tolerância ao estresse - Ter eficácia na modulação da ansiedade e capacidade de resolver problemas com calma;
Empatia - Compreender e preocupar-se com os outros e com o seu bem-estar. Valorizar e investir no relacionamento próximo.",Gestão de Operações,C3,4,Gestão de Compras ,U3,6,Processo de Aquisição,Aula 4: Gestão de contratos,Reconhecer pontos importantes para a gestão de contratos.,Pensar criticamente sobre o impacto/consequências de ações tomadas.,Entender a importância dos fatores críticos a serem tratados pela gestão de contratos.,4. Gestão de relacionamento com fornecedores
,Recomposição da Aprendizagem,,,,,,,,,,,,,,,
X,1,T,"Análise e melhoria de processos; Capacidade para apoiar o Planejamento Estratégico de Produção que alinhe as metas de produção com os recursos disponíveis, buscando a eficiência operacional; Apoio na gestão da Cadeia de Suprimentos desde a aquisição de matérias-primas até a entrega do produto final, incluindo logística e distribuição; Habilidade em identificar, avaliar e mitigar riscos potenciais associados a operações e projetos, aplicando metodologias para prever incertezas e desenvolver estratégias de resposta.","Cooperação - Viver em harmonia com os outros e valorizar a interconexão entre todas as pessoas;
Assertividade - Ser capaz de expressar opiniões, necessidades e sentimentos com confiança e exercer influência social;
Tolerância ao estresse - Ter eficácia na modulação da ansiedade e capacidade de resolver problemas com calma;
Empatia - Compreender e preocupar-se com os outros e com o seu bem-estar. Valorizar e investir no relacionamento próximo.",Gestão de Operações,C3,4,Gestão de Compras ,U3,7,Estratégias de Compras,Aula 1: Parcerias e alianças estratégicas,"Compreender estratégias de compras, analisando a qualidade e o desempenho de fornecedores.",Buscar por melhoria de desempenho. ,Identificar modelos de parcerias e alianças praticadas por organizações em relações comerciais.,1.  Desenvolvimento de parcerias e alianças
X,1,T,"Análise e melhoria de processos; Capacidade para apoiar o Planejamento Estratégico de Produção que alinhe as metas de produção com os recursos disponíveis, buscando a eficiência operacional; Apoio na gestão da Cadeia de Suprimentos desde a aquisição de matérias-primas até a entrega do produto final, incluindo logística e distribuição; Habilidade em identificar, avaliar e mitigar riscos potenciais associados a operações e projetos, aplicando metodologias para prever incertezas e desenvolver estratégias de resposta.","Cooperação - Viver em harmonia com os outros e valorizar a interconexão entre todas as pessoas;
Assertividade - Ser capaz de expressar opiniões, necessidades e sentimentos com confiança e exercer influência social;
Tolerância ao estresse - Ter eficácia na modulação da ansiedade e capacidade de resolver problemas com calma;
Empatia - Compreender e preocupar-se com os outros e com o seu bem-estar. Valorizar e investir no relacionamento próximo.",Gestão de Operações,C3,4,Gestão de Compras ,U3,7,Estratégias de Compras,Aula 2: Tecnologias na gestão de compras,"Compreender estratégias de compras, analisando a qualidade e o desempenho de fornecedores.",Buscar por melhoria de desempenho. ,Identificar tecnologias mais relevantes utilizadas na gestão de compras. ,2. Tecnologias na gestão de compras
X,1,T,"Análise e melhoria de processos; Capacidade para apoiar o Planejamento Estratégico de Produção que alinhe as metas de produção com os recursos disponíveis, buscando a eficiência operacional; Apoio na gestão da Cadeia de Suprimentos desde a aquisição de matérias-primas até a entrega do produto final, incluindo logística e distribuição; Habilidade em identificar, avaliar e mitigar riscos potenciais associados a operações e projetos, aplicando metodologias para prever incertezas e desenvolver estratégias de resposta.","Cooperação - Viver em harmonia com os outros e valorizar a interconexão entre todas as pessoas;
Assertividade - Ser capaz de expressar opiniões, necessidades e sentimentos com confiança e exercer influência social;
Tolerância ao estresse - Ter eficácia na modulação da ansiedade e capacidade de resolver problemas com calma;
Empatia - Compreender e preocupar-se com os outros e com o seu bem-estar. Valorizar e investir no relacionamento próximo.",Gestão de Operações,C3,4,Gestão de Compras ,U3,7,Estratégias de Compras,Aula 3: Sustentabilidade e responsabilidade social,"Compreender estratégias de compras, analisando a qualidade e o desempenho de fornecedores.",Buscar por melhoria de desempenho. ,Conscientizar-se da importância do tema sustentabilidade e responsabilidade social nos processos comerciais. ,3. Sustentabilidade e responsabilidade social
X,1,T,"Análise e melhoria de processos; Capacidade para apoiar o Planejamento Estratégico de Produção que alinhe as metas de produção com os recursos disponíveis, buscando a eficiência operacional; Apoio na gestão da Cadeia de Suprimentos desde a aquisição de matérias-primas até a entrega do produto final, incluindo logística e distribuição; Habilidade em identificar, avaliar e mitigar riscos potenciais associados a operações e projetos, aplicando metodologias para prever incertezas e desenvolver estratégias de resposta.","Cooperação - Viver em harmonia com os outros e valorizar a interconexão entre todas as pessoas;
Assertividade - Ser capaz de expressar opiniões, necessidades e sentimentos com confiança e exercer influência social;
Tolerância ao estresse - Ter eficácia na modulação da ansiedade e capacidade de resolver problemas com calma;
Empatia - Compreender e preocupar-se com os outros e com o seu bem-estar. Valorizar e investir no relacionamento próximo.",Gestão de Operações,C3,4,Gestão de Compras ,U3,7,Estratégias de Compras,Aula 4: Análise de desempenho e melhoria contínua,"Compreender estratégias de compras, analisando a qualidade e o desempenho de fornecedores.",Buscar por melhoria de desempenho. ,"Entender a importância dos indicadores de qualidade nas operações de compras.
 Compreender a necessidade de melhorias dos resultados dos indicadores nos processos de fornecimento e identificação de oportunidades.",4. Análise de desempenho 
,2,T,"Análise e melhoria de processos; Capacidade para apoiar o Planejamento Estratégico de Produção que alinhe as metas de produção com os recursos disponíveis, buscando a eficiência operacional; Apoio na gestão da Cadeia de Suprimentos desde a aquisição de matérias-primas até a entrega do produto final, incluindo logística e distribuição; Habilidade em identificar, avaliar e mitigar riscos potenciais associados a operações e projetos, aplicando metodologias para prever incertezas e desenvolver estratégias de resposta.","Cooperação - Viver em harmonia com os outros e valorizar a interconexão entre todas as pessoas;
Assertividade - Ser capaz de expressar opiniões, necessidades e sentimentos com confiança e exercer influência social;
Tolerância ao estresse - Ter eficácia na modulação da ansiedade e capacidade de resolver problemas com calma;
Empatia - Compreender e preocupar-se com os outros e com o seu bem-estar. Valorizar e investir no relacionamento próximo.",Gestão de Operações,C3,4,Gestão da Cadeia de Suprimentos,U4,8,Estrutura da Cadeia de Suprimentos (CS),Aula 1: Fundamentos da Cadeia de Suprimentos (CS),"Identificar arranjos, principais processos e fatores de valor na Cadeia de Suprimentos, recohecendo a importância da metodologia Lean.",Apresentar senso crítico de análise.,Identificar arranjos de Cadeias de Suprimentos.                                                                                                                                                                                                                                                                          Associar organizações que atuam em rede.,1. Fundamentos do projeto de Cadeia de Suprimentos
,2,T,"Análise e melhoria de processos; Capacidade para apoiar o Planejamento Estratégico de Produção que alinhe as metas de produção com os recursos disponíveis, buscando a eficiência operacional; Apoio na gestão da Cadeia de Suprimentos desde a aquisição de matérias-primas até a entrega do produto final, incluindo logística e distribuição; Habilidade em identificar, avaliar e mitigar riscos potenciais associados a operações e projetos, aplicando metodologias para prever incertezas e desenvolver estratégias de resposta.","Cooperação - Viver em harmonia com os outros e valorizar a interconexão entre todas as pessoas;
Assertividade - Ser capaz de expressar opiniões, necessidades e sentimentos com confiança e exercer influência social;
Tolerância ao estresse - Ter eficácia na modulação da ansiedade e capacidade de resolver problemas com calma;
Empatia - Compreender e preocupar-se com os outros e com o seu bem-estar. Valorizar e investir no relacionamento próximo.",Gestão de Operações,C3,4,Gestão da Cadeia de Suprimentos,U4,8,Estrutura da Cadeia de Suprimentos (CS),Aula 2: Componentes da Cadeia de Suprimentos (CS),"Identificar arranjos, principais processos e fatores de valor na Cadeia de Suprimentos, recohecendo a importância da metodologia Lean.",Apresentar senso crítico de análise.,"Identificar os principais processos da Cadeia de Suprimentos.
",2. Componentes da Cadeia de Suprimentos
,2,T,"Análise e melhoria de processos; Capacidade para apoiar o Planejamento Estratégico de Produção que alinhe as metas de produção com os recursos disponíveis, buscando a eficiência operacional; Apoio na gestão da Cadeia de Suprimentos desde a aquisição de matérias-primas até a entrega do produto final, incluindo logística e distribuição; Habilidade em identificar, avaliar e mitigar riscos potenciais associados a operações e projetos, aplicando metodologias para prever incertezas e desenvolver estratégias de resposta.","Cooperação - Viver em harmonia com os outros e valorizar a interconexão entre todas as pessoas;
Assertividade - Ser capaz de expressar opiniões, necessidades e sentimentos com confiança e exercer influência social;
Tolerância ao estresse - Ter eficácia na modulação da ansiedade e capacidade de resolver problemas com calma;
Empatia - Compreender e preocupar-se com os outros e com o seu bem-estar. Valorizar e investir no relacionamento próximo.",Gestão de Operações,C3,4,Gestão da Cadeia de Suprimentos,U4,8,Estrutura da Cadeia de Suprimentos (CS),Aula 3: Cadeia de valor na Cadeia de Suprimentos (CS),"Identificar arranjos, principais processos e fatores de valor na Cadeia de Suprimentos, recohecendo a importância da metodologia Lean.",Apresentar senso crítico de análise.,Identificar fatores que compõem valor na Cadeia de Suprimentos.,3. Cadeia de Valor na CS
,2,T,"Análise e melhoria de processos; Capacidade para apoiar o Planejamento Estratégico de Produção que alinhe as metas de produção com os recursos disponíveis, buscando a eficiência operacional; Apoio na gestão da Cadeia de Suprimentos desde a aquisição de matérias-primas até a entrega do produto final, incluindo logística e distribuição; Habilidade em identificar, avaliar e mitigar riscos potenciais associados a operações e projetos, aplicando metodologias para prever incertezas e desenvolver estratégias de resposta.","Cooperação - Viver em harmonia com os outros e valorizar a interconexão entre todas as pessoas;
Assertividade - Ser capaz de expressar opiniões, necessidades e sentimentos com confiança e exercer influência social;
Tolerância ao estresse - Ter eficácia na modulação da ansiedade e capacidade de resolver problemas com calma;
Empatia - Compreender e preocupar-se com os outros e com o seu bem-estar. Valorizar e investir no relacionamento próximo.",Gestão de Operações,C3,4,Gestão da Cadeia de Suprimentos,U4,8,Estrutura da Cadeia de Suprimentos (CS),Aula 4: Técnicas Lean aplicadas à Cadeia de Suprimentos (CS),"Identificar arranjos, principais processos e fatores de valor na Cadeia de Suprimentos, recohecendo a importância da metodologia Lean.",Apresentar senso crítico de análise.,Examinar a importância dos fatores fundamentais da metodologia Lean na Cadeia de Suprimentos.,4. Filosofia Lean na CS
,2,T,"Análise e melhoria de processos; Capacidade para apoiar o Planejamento Estratégico de Produção que alinhe as metas de produção com os recursos disponíveis, buscando a eficiência operacional; Apoio na gestão da Cadeia de Suprimentos desde a aquisição de matérias-primas até a entrega do produto final, incluindo logística e distribuição; Habilidade em identificar, avaliar e mitigar riscos potenciais associados a operações e projetos, aplicando metodologias para prever incertezas e desenvolver estratégias de resposta.","Cooperação - Viver em harmonia com os outros e valorizar a interconexão entre todas as pessoas;
Assertividade - Ser capaz de expressar opiniões, necessidades e sentimentos com confiança e exercer influência social;
Tolerância ao estresse - Ter eficácia na modulação da ansiedade e capacidade de resolver problemas com calma;
Empatia - Compreender e preocupar-se com os outros e com o seu bem-estar. Valorizar e investir no relacionamento próximo.",Gestão de Operações,C3,4,Gestão da Cadeia de Suprimentos,U4,9,Estrutura da Cadeia de Suprimentos (CS),Aula 1: Estratégia da Cadeia de Suprimentos (CS),"Compreender fluxos e estruturas de Cadeias de Suprimento, reconhecendo seus riscos.",Apresentar senso crítico de análise.,Enunciar fatores-chave para elaboração de estratégia da Cadeia de Suprimentos.,1. Definição da estratégia da CS
,2,T,"Análise e melhoria de processos; Capacidade para apoiar o Planejamento Estratégico de Produção que alinhe as metas de produção com os recursos disponíveis, buscando a eficiência operacional; Apoio na gestão da Cadeia de Suprimentos desde a aquisição de matérias-primas até a entrega do produto final, incluindo logística e distribuição; Habilidade em identificar, avaliar e mitigar riscos potenciais associados a operações e projetos, aplicando metodologias para prever incertezas e desenvolver estratégias de resposta.","Cooperação - Viver em harmonia com os outros e valorizar a interconexão entre todas as pessoas;
Assertividade - Ser capaz de expressar opiniões, necessidades e sentimentos com confiança e exercer influência social;
Tolerância ao estresse - Ter eficácia na modulação da ansiedade e capacidade de resolver problemas com calma;
Empatia - Compreender e preocupar-se com os outros e com o seu bem-estar. Valorizar e investir no relacionamento próximo.",Gestão de Operações,C3,4,Gestão da Cadeia de Suprimentos,U4,9,Estrutura da Cadeia de Suprimentos (CS),Aula 2: Integração na Cadeia de Suprimentos (CS),"Compreender fluxos e estruturas de Cadeias de Suprimento, reconhecendo seus riscos.",Apresentar senso crítico de análise.,Compreender a importância do modelo Toyota de produção na construção de sua Cadeia de Suprimentos.,2. Integração de fornecedores e parcerias
,2,T,"Análise e melhoria de processos; Capacidade para apoiar o Planejamento Estratégico de Produção que alinhe as metas de produção com os recursos disponíveis, buscando a eficiência operacional; Apoio na gestão da Cadeia de Suprimentos desde a aquisição de matérias-primas até a entrega do produto final, incluindo logística e distribuição; Habilidade em identificar, avaliar e mitigar riscos potenciais associados a operações e projetos, aplicando metodologias para prever incertezas e desenvolver estratégias de resposta.","Cooperação - Viver em harmonia com os outros e valorizar a interconexão entre todas as pessoas;
Assertividade - Ser capaz de expressar opiniões, necessidades e sentimentos com confiança e exercer influência social;
Tolerância ao estresse - Ter eficácia na modulação da ansiedade e capacidade de resolver problemas com calma;
Empatia - Compreender e preocupar-se com os outros e com o seu bem-estar. Valorizar e investir no relacionamento próximo.",Gestão de Operações,C3,4,Gestão da Cadeia de Suprimentos,U4,9,Estrutura da Cadeia de Suprimentos (CS),Aula 3: Tecnologias aplicadas na Cadeia de Suprimentos (CS),"Compreender fluxos e estruturas de Cadeias de Suprimento, reconhecendo seus riscos.",Apresentar senso crítico de análise.,Relacionar tipos de tecnologia utilizada na Cadeia de Suprimentos e respectivas vantagens competitivas. ,3. Tecnologias na CS
,2,T,"Análise e melhoria de processos; Capacidade para apoiar o Planejamento Estratégico de Produção que alinhe as metas de produção com os recursos disponíveis, buscando a eficiência operacional; Apoio na gestão da Cadeia de Suprimentos desde a aquisição de matérias-primas até a entrega do produto final, incluindo logística e distribuição; Habilidade em identificar, avaliar e mitigar riscos potenciais associados a operações e projetos, aplicando metodologias para prever incertezas e desenvolver estratégias de resposta.","Cooperação - Viver em harmonia com os outros e valorizar a interconexão entre todas as pessoas;
Assertividade - Ser capaz de expressar opiniões, necessidades e sentimentos com confiança e exercer influência social;
Tolerância ao estresse - Ter eficácia na modulação da ansiedade e capacidade de resolver problemas com calma;
Empatia - Compreender e preocupar-se com os outros e com o seu bem-estar. Valorizar e investir no relacionamento próximo.",Gestão de Operações,C3,4,Gestão da Cadeia de Suprimentos,U4,9,Estrutura da Cadeia de Suprimentos (CS),Aula 4: Gestão de riscos na Cadeia de Suprimentos (CS),"Compreender fluxos e estruturas de Cadeias de Suprimento, reconhecendo seus riscos.",Apresentar senso crítico de análise.,Compreender a importância de identificar possíveis riscos nas definições de estratégias da Cadeia de Suprimento. ,4. Gestão de riscos na CS
,Recomposição da Aprendizagem,,,,,,,,,,,,,,,
X,2,P,"Análise e melhoria de processos; Capacidade para apoiar o Planejamento Estratégico de Produção que alinhe as metas de produção com os recursos disponíveis, buscando a eficiência operacional; Apoio na gestão da Cadeia de Suprimentos desde a aquisição de matérias-primas até a entrega do produto final, incluindo logística e distribuição; Habilidade em identificar, avaliar e mitigar riscos potenciais associados a operações e projetos, aplicando metodologias para prever incertezas e desenvolver estratégias de resposta.","Cooperação - Viver em harmonia com os outros e valorizar a interconexão entre todas as pessoas;
Assertividade - Ser capaz de expressar opiniões, necessidades e sentimentos com confiança e exercer influência social;
Tolerância ao estresse - Ter eficácia na modulação da ansiedade e capacidade de resolver problemas com calma;
Empatia - Compreender e preocupar-se com os outros e com o seu bem-estar. Valorizar e investir no relacionamento próximo.",Gestão de Operações,C3,4,Gestão da Cadeia de Suprimentos,U4,10,Estrutura da Cadeia de Suprimentos (CS),Aula 1: Prática – Cadeia de Valor do Mercado Livre,Elaborar relatórios de riscos na Cadeia de Suprimentos (CS).,Apresentar senso crítico de análise.,"Elaborar mapeamento de Cadeia de Valor.
",1. Aplicar os conceitos de Cadeia de Valor na CS
X,2,P,"Análise e melhoria de processos; Capacidade para apoiar o Planejamento Estratégico de Produção que alinhe as metas de produção com os recursos disponíveis, buscando a eficiência operacional; Apoio na gestão da Cadeia de Suprimentos desde a aquisição de matérias-primas até a entrega do produto final, incluindo logística e distribuição; Habilidade em identificar, avaliar e mitigar riscos potenciais associados a operações e projetos, aplicando metodologias para prever incertezas e desenvolver estratégias de resposta.","Cooperação - Viver em harmonia com os outros e valorizar a interconexão entre todas as pessoas;
Assertividade - Ser capaz de expressar opiniões, necessidades e sentimentos com confiança e exercer influência social;
Tolerância ao estresse - Ter eficácia na modulação da ansiedade e capacidade de resolver problemas com calma;
Empatia - Compreender e preocupar-se com os outros e com o seu bem-estar. Valorizar e investir no relacionamento próximo.",Gestão de Operações,C3,4,Gestão da Cadeia de Suprimentos,U4,10,Estrutura da Cadeia de Suprimentos (CS),Aula 2 : Prática – Cadeia de Valor de e-commerce,Elaborar relatórios de riscos na Cadeia de Suprimentos (CS).,Apresentar senso crítico de análise.,Elaborar proposta de valor para um e-commerce.,2. Aplicar os fundamentos de projeto da Cadeia de Suprimentos
X,2,P,"Análise e melhoria de processos; Capacidade para apoiar o Planejamento Estratégico de Produção que alinhe as metas de produção com os recursos disponíveis, buscando a eficiência operacional; Apoio na gestão da Cadeia de Suprimentos desde a aquisição de matérias-primas até a entrega do produto final, incluindo logística e distribuição; Habilidade em identificar, avaliar e mitigar riscos potenciais associados a operações e projetos, aplicando metodologias para prever incertezas e desenvolver estratégias de resposta.","Cooperação - Viver em harmonia com os outros e valorizar a interconexão entre todas as pessoas;
Assertividade - Ser capaz de expressar opiniões, necessidades e sentimentos com confiança e exercer influência social;
Tolerância ao estresse - Ter eficácia na modulação da ansiedade e capacidade de resolver problemas com calma;
Empatia - Compreender e preocupar-se com os outros e com o seu bem-estar. Valorizar e investir no relacionamento próximo.",Gestão de Operações,C3,4,Gestão da Cadeia de Suprimentos,U4,10,Estrutura da Cadeia de Suprimentos (CS),Aula 3: Prática – Kanban ,Elaborar relatórios de riscos na Cadeia de Suprimentos (CS).,Apresentar senso crítico de análise.,Elaborar Kanban para um processo.,3. Aplicar a metodologia de Kanban em um processo produtivo até o principal fornecedor
X,2,P,"Análise e melhoria de processos; Capacidade para apoiar o Planejamento Estratégico de Produção que alinhe as metas de produção com os recursos disponíveis, buscando a eficiência operacional; Apoio na gestão da Cadeia de Suprimentos desde a aquisição de matérias-primas até a entrega do produto final, incluindo logística e distribuição; Habilidade em identificar, avaliar e mitigar riscos potenciais associados a operações e projetos, aplicando metodologias para prever incertezas e desenvolver estratégias de resposta.","Cooperação - Viver em harmonia com os outros e valorizar a interconexão entre todas as pessoas;
Assertividade - Ser capaz de expressar opiniões, necessidades e sentimentos com confiança e exercer influência social;
Tolerância ao estresse - Ter eficácia na modulação da ansiedade e capacidade de resolver problemas com calma;
Empatia - Compreender e preocupar-se com os outros e com o seu bem-estar. Valorizar e investir no relacionamento próximo.",Gestão de Operações,C3,4,Gestão da Cadeia de Suprimentos,U4,10,Estrutura da Cadeia de Suprimentos (CS),Aula 4:  Prática – Riscos na Cadeia de Valor ,Elaborar relatórios de riscos na Cadeia de Suprimentos (CS).,Apresentar senso crítico de análise.,Analisar e elaborar relatório de riscos na Cadeia de Suprimentos de chips.,4. Aplicar a avaliação e a identificação de riscos na CS 
,2,T,"Análise e melhoria de processos; Capacidade para apoiar o Planejamento Estratégico de Produção que alinhe as metas de produção com os recursos disponíveis, buscando a eficiência operacional; Apoio na gestão da Cadeia de Suprimentos desde a aquisição de matérias-primas até a entrega do produto final, incluindo logística e distribuição; Habilidade em identificar, avaliar e mitigar riscos potenciais associados a operações e projetos, aplicando metodologias para prever incertezas e desenvolver estratégias de resposta.","Cooperação - Viver em harmonia com os outros e valorizar a interconexão entre todas as pessoas;
Assertividade - Ser capaz de expressar opiniões, necessidades e sentimentos com confiança e exercer influência social;
Tolerância ao estresse - Ter eficácia na modulação da ansiedade e capacidade de resolver problemas com calma;
Empatia - Compreender e preocupar-se com os outros e com o seu bem-estar. Valorizar e investir no relacionamento próximo.",Gestão de Operações,C3,4,"Logística, Distribuição Física e Transporte",U5,11,Fundamentos de Logística,Aula 1: Introdução à logística,Conhecer os princípios básicos de logística e a importância dos indicadores para a melhoria contínua dos processos de transporte.,Apresentar senso crítico de análise.,Compreender o conceito de logística e sua importância na Cadeia de Suprimentos.,1. Introdução à logística
,2,T,"Análise e melhoria de processos; Capacidade para apoiar o Planejamento Estratégico de Produção que alinhe as metas de produção com os recursos disponíveis, buscando a eficiência operacional; Apoio na gestão da Cadeia de Suprimentos desde a aquisição de matérias-primas até a entrega do produto final, incluindo logística e distribuição; Habilidade em identificar, avaliar e mitigar riscos potenciais associados a operações e projetos, aplicando metodologias para prever incertezas e desenvolver estratégias de resposta.","Cooperação - Viver em harmonia com os outros e valorizar a interconexão entre todas as pessoas;
Assertividade - Ser capaz de expressar opiniões, necessidades e sentimentos com confiança e exercer influência social;
Tolerância ao estresse - Ter eficácia na modulação da ansiedade e capacidade de resolver problemas com calma;
Empatia - Compreender e preocupar-se com os outros e com o seu bem-estar. Valorizar e investir no relacionamento próximo.",Gestão de Operações,C3,4,"Logística, Distribuição Física e Transporte",U5,11,Fundamentos de Logística,Aula 2: Modais de transporte,Conhecer os princípios básicos de logística e a importância dos indicadores para a melhoria contínua dos processos de transporte.,Apresentar senso crítico de análise.,Relacionar os modos de transportes (modais) mais utilizados pela logística.,2. Tipos de modais de transporte
,2,T,"Análise e melhoria de processos; Capacidade para apoiar o Planejamento Estratégico de Produção que alinhe as metas de produção com os recursos disponíveis, buscando a eficiência operacional; Apoio na gestão da Cadeia de Suprimentos desde a aquisição de matérias-primas até a entrega do produto final, incluindo logística e distribuição; Habilidade em identificar, avaliar e mitigar riscos potenciais associados a operações e projetos, aplicando metodologias para prever incertezas e desenvolver estratégias de resposta.","Cooperação - Viver em harmonia com os outros e valorizar a interconexão entre todas as pessoas;
Assertividade - Ser capaz de expressar opiniões, necessidades e sentimentos com confiança e exercer influência social;
Tolerância ao estresse - Ter eficácia na modulação da ansiedade e capacidade de resolver problemas com calma;
Empatia - Compreender e preocupar-se com os outros e com o seu bem-estar. Valorizar e investir no relacionamento próximo.",Gestão de Operações,C3,4,"Logística, Distribuição Física e Transporte",U5,11,Fundamentos de Logística,Aula 3: Planejamento de transporte ,Conhecer os princípios básicos de logística e a importância dos indicadores para a melhoria contínua dos processos de transporte.,Apresentar senso crítico de análise.,Identificar técnicas de otimização de rotas aplicadas em planejamento de transporte.,3. Planejamento de transporte
,2,T,"Análise e melhoria de processos; Capacidade para apoiar o Planejamento Estratégico de Produção que alinhe as metas de produção com os recursos disponíveis, buscando a eficiência operacional; Apoio na gestão da Cadeia de Suprimentos desde a aquisição de matérias-primas até a entrega do produto final, incluindo logística e distribuição; Habilidade em identificar, avaliar e mitigar riscos potenciais associados a operações e projetos, aplicando metodologias para prever incertezas e desenvolver estratégias de resposta.","Cooperação - Viver em harmonia com os outros e valorizar a interconexão entre todas as pessoas;
Assertividade - Ser capaz de expressar opiniões, necessidades e sentimentos com confiança e exercer influência social;
Tolerância ao estresse - Ter eficácia na modulação da ansiedade e capacidade de resolver problemas com calma;
Empatia - Compreender e preocupar-se com os outros e com o seu bem-estar. Valorizar e investir no relacionamento próximo.",Gestão de Operações,C3,4,"Logística, Distribuição Física e Transporte",U5,11,Fundamentos de Logística,Aula 4: Gestão de frotas,Conhecer os princípios básicos de logística e a importância dos indicadores para a melhoria contínua dos processos de transporte.,Apresentar senso crítico de análise.,Compreender a importância dos indicadores para melhoria contínua dos processos de transporte.,4. Gestão de frotas
,Recomposição da Aprendizagem,,,,,,,,,,,,,,,
,2,T,"Análise e melhoria de processos; Capacidade para apoiar o Planejamento Estratégico de Produção que alinhe as metas de produção com os recursos disponíveis, buscando a eficiência operacional; Apoio na gestão da Cadeia de Suprimentos desde a aquisição de matérias-primas até a entrega do produto final, incluindo logística e distribuição; Habilidade em identificar, avaliar e mitigar riscos potenciais associados a operações e projetos, aplicando metodologias para prever incertezas e desenvolver estratégias de resposta.","Cooperação - Viver em harmonia com os outros e valorizar a interconexão entre todas as pessoas;
Assertividade - Ser capaz de expressar opiniões, necessidades e sentimentos com confiança e exercer influência social;
Tolerância ao estresse - Ter eficácia na modulação da ansiedade e capacidade de resolver problemas com calma;
Empatia - Compreender e preocupar-se com os outros e com o seu bem-estar. Valorizar e investir no relacionamento próximo.",Gestão de Operações,C3,4,"Logística, Distribuição Física e Transporte",U5,12,Distribuição Física,Aula 1: Rede logística,Reconhecer tecnologias aplicadas à logística.,Pensar criticamente sobre o impacto/consequências de ações tomadas para o meio ambiente.,Identificar estratégias de definição de estruturas de redes logísticas.                                                                                                                                                                                                                                  ,1. Estrutura da rede logística
,2,T,"Análise e melhoria de processos; Capacidade para apoiar o Planejamento Estratégico de Produção que alinhe as metas de produção com os recursos disponíveis, buscando a eficiência operacional; Apoio na gestão da Cadeia de Suprimentos desde a aquisição de matérias-primas até a entrega do produto final, incluindo logística e distribuição; Habilidade em identificar, avaliar e mitigar riscos potenciais associados a operações e projetos, aplicando metodologias para prever incertezas e desenvolver estratégias de resposta.","Cooperação - Viver em harmonia com os outros e valorizar a interconexão entre todas as pessoas;
Assertividade - Ser capaz de expressar opiniões, necessidades e sentimentos com confiança e exercer influência social;
Tolerância ao estresse - Ter eficácia na modulação da ansiedade e capacidade de resolver problemas com calma;
Empatia - Compreender e preocupar-se com os outros e com o seu bem-estar. Valorizar e investir no relacionamento próximo.",Gestão de Operações,C3,4,"Logística, Distribuição Física e Transporte",U5,12,Distribuição Física,Aula 2 : Longas distâncias e Last-Mile,Reconhecer tecnologias aplicadas à logística.,Pensar criticamente sobre o impacto/consequências de ações tomadas para o meio ambiente.,"Compreender aplicações de logística intermodal.                                                                                                                                                                                                                                                                                             
",2. Transportes de longas distâncias e Last-Mile
,2,T,"Análise e melhoria de processos; Capacidade para apoiar o Planejamento Estratégico de Produção que alinhe as metas de produção com os recursos disponíveis, buscando a eficiência operacional; Apoio na gestão da Cadeia de Suprimentos desde a aquisição de matérias-primas até a entrega do produto final, incluindo logística e distribuição; Habilidade em identificar, avaliar e mitigar riscos potenciais associados a operações e projetos, aplicando metodologias para prever incertezas e desenvolver estratégias de resposta.","Cooperação - Viver em harmonia com os outros e valorizar a interconexão entre todas as pessoas;
Assertividade - Ser capaz de expressar opiniões, necessidades e sentimentos com confiança e exercer influência social;
Tolerância ao estresse - Ter eficácia na modulação da ansiedade e capacidade de resolver problemas com calma;
Empatia - Compreender e preocupar-se com os outros e com o seu bem-estar. Valorizar e investir no relacionamento próximo.",Gestão de Operações,C3,4,"Logística, Distribuição Física e Transporte",U5,12,Distribuição Física,Aula 3: Logística verde e sustentável,Reconhecer tecnologias aplicadas à logística.,Pensar criticamente sobre o impacto/consequências de ações tomadas para o meio ambiente.,Associar as possíveis contribuições da logística em questões de sustentabilidade e meio ambiente.,3. Logística verde e sustentável
,2,T,"Análise e melhoria de processos; Capacidade para apoiar o Planejamento Estratégico de Produção que alinhe as metas de produção com os recursos disponíveis, buscando a eficiência operacional; Apoio na gestão da Cadeia de Suprimentos desde a aquisição de matérias-primas até a entrega do produto final, incluindo logística e distribuição; Habilidade em identificar, avaliar e mitigar riscos potenciais associados a operações e projetos, aplicando metodologias para prever incertezas e desenvolver estratégias de resposta.","Cooperação - Viver em harmonia com os outros e valorizar a interconexão entre todas as pessoas;
Assertividade - Ser capaz de expressar opiniões, necessidades e sentimentos com confiança e exercer influência social;
Tolerância ao estresse - Ter eficácia na modulação da ansiedade e capacidade de resolver problemas com calma;
Empatia - Compreender e preocupar-se com os outros e com o seu bem-estar. Valorizar e investir no relacionamento próximo.",Gestão de Operações,C3,4,"Logística, Distribuição Física e Transporte",U5,12,Distribuição Física,Aula 4: Tecnologia aplicadas à logística,Reconhecer tecnologias aplicadas à logística.,Pensar criticamente sobre o impacto/consequências de ações tomadas para o meio ambiente.,Conhecer os tipos de tecnologia aplicados a operações de logística.,4. Tecnologias aplicadas à logística
,2,T,"Análise e melhoria de processos; Capacidade para apoiar o Planejamento Estratégico de Produção que alinhe as metas de produção com os recursos disponíveis, buscando a eficiência operacional; Apoio na gestão da Cadeia de Suprimentos desde a aquisição de matérias-primas até a entrega do produto final, incluindo logística e distribuição; Habilidade em identificar, avaliar e mitigar riscos potenciais associados a operações e projetos, aplicando metodologias para prever incertezas e desenvolver estratégias de resposta.","Cooperação - Viver em harmonia com os outros e valorizar a interconexão entre todas as pessoas;
Assertividade - Ser capaz de expressar opiniões, necessidades e sentimentos com confiança e exercer influência social;
Tolerância ao estresse - Ter eficácia na modulação da ansiedade e capacidade de resolver problemas com calma;
Empatia - Compreender e preocupar-se com os outros e com o seu bem-estar. Valorizar e investir no relacionamento próximo.",Gestão de Operações,C3,4,Planejamento e Gestão do Estoque,U6,13,Estoques,Aula 1: Estoques,Aplicar tecnologias relacionadas a estoque.,Agir de forma organizada.,Identificar os principais tipos de estoque. ,1. Tipos de estoque
,2,T,"Análise e melhoria de processos; Capacidade para apoiar o Planejamento Estratégico de Produção que alinhe as metas de produção com os recursos disponíveis, buscando a eficiência operacional; Apoio na gestão da Cadeia de Suprimentos desde a aquisição de matérias-primas até a entrega do produto final, incluindo logística e distribuição; Habilidade em identificar, avaliar e mitigar riscos potenciais associados a operações e projetos, aplicando metodologias para prever incertezas e desenvolver estratégias de resposta.","Cooperação - Viver em harmonia com os outros e valorizar a interconexão entre todas as pessoas;
Assertividade - Ser capaz de expressar opiniões, necessidades e sentimentos com confiança e exercer influência social;
Tolerância ao estresse - Ter eficácia na modulação da ansiedade e capacidade de resolver problemas com calma;
Empatia - Compreender e preocupar-se com os outros e com o seu bem-estar. Valorizar e investir no relacionamento próximo.",Gestão de Operações,C3,4,Planejamento e Gestão do Estoque,U6,13,Estoques,Aula 2: Organização de estoques,Aplicar tecnologias relacionadas a estoque.,Agir de forma organizada. ,Compreender a importância da organização dos processos de estoque.                                                                                                                                                                                                                                 ,2. Organização de estoque
,2,T,"Análise e melhoria de processos; Capacidade para apoiar o Planejamento Estratégico de Produção que alinhe as metas de produção com os recursos disponíveis, buscando a eficiência operacional; Apoio na gestão da Cadeia de Suprimentos desde a aquisição de matérias-primas até a entrega do produto final, incluindo logística e distribuição; Habilidade em identificar, avaliar e mitigar riscos potenciais associados a operações e projetos, aplicando metodologias para prever incertezas e desenvolver estratégias de resposta.","Cooperação - Viver em harmonia com os outros e valorizar a interconexão entre todas as pessoas;
Assertividade - Ser capaz de expressar opiniões, necessidades e sentimentos com confiança e exercer influência social;
Tolerância ao estresse - Ter eficácia na modulação da ansiedade e capacidade de resolver problemas com calma;
Empatia - Compreender e preocupar-se com os outros e com o seu bem-estar. Valorizar e investir no relacionamento próximo.",Gestão de Operações,C3,4,Planejamento e Gestão do Estoque,U6,13,Estoques,Aula 3: Processos de estoque,Aplicar tecnologias relacionadas a estoque.,Agir de forma organizada. ,Compreender fluxo de processos executados na gestão de estoque.                                                                                                                                                                                                                                                          ,3. Processos de estoque
,2,T,"Análise e melhoria de processos; Capacidade para apoiar o Planejamento Estratégico de Produção que alinhe as metas de produção com os recursos disponíveis, buscando a eficiência operacional; Apoio na gestão da Cadeia de Suprimentos desde a aquisição de matérias-primas até a entrega do produto final, incluindo logística e distribuição; Habilidade em identificar, avaliar e mitigar riscos potenciais associados a operações e projetos, aplicando metodologias para prever incertezas e desenvolver estratégias de resposta.","Cooperação - Viver em harmonia com os outros e valorizar a interconexão entre todas as pessoas;
Assertividade - Ser capaz de expressar opiniões, necessidades e sentimentos com confiança e exercer influência social;
Tolerância ao estresse - Ter eficácia na modulação da ansiedade e capacidade de resolver problemas com calma;
Empatia - Compreender e preocupar-se com os outros e com o seu bem-estar. Valorizar e investir no relacionamento próximo.",Gestão de Operações,C3,4,Planejamento e Gestão do Estoque,U6,13,Estoques,Aula 4: Tecnologia aplicadas a estoque ,Aplicar tecnologias relacionadas a estoque.,Agir de forma organizada. ,Conhecer tipos de equipamento e tendências de uso de tecnologias aplicados à movimentação e ao controle de materiais e produtos nos processos do estoque.,4. Equipamentos e tecnologia 
,Recomposição da Aprendizagem,,,,,,,,,,,,,,,
,2,T,"Análise e melhoria de processos; Capacidade para apoiar o Planejamento Estratégico de Produção que alinhe as metas de produção com os recursos disponíveis, buscando a eficiência operacional; Apoio na gestão da Cadeia de Suprimentos desde a aquisição de matérias-primas até a entrega do produto final, incluindo logística e distribuição; Habilidade em identificar, avaliar e mitigar riscos potenciais associados a operações e projetos, aplicando metodologias para prever incertezas e desenvolver estratégias de resposta.","Cooperação - Viver em harmonia com os outros e valorizar a interconexão entre todas as pessoas;
Assertividade - Ser capaz de expressar opiniões, necessidades e sentimentos com confiança e exercer influência social;
Tolerância ao estresse - Ter eficácia na modulação da ansiedade e capacidade de resolver problemas com calma;
Empatia - Compreender e preocupar-se com os outros e com o seu bem-estar. Valorizar e investir no relacionamento próximo.",Gestão de Operações,C3,4,Planejamento e Gestão do Estoque,U6,14,Métodos de Gestão de Estoque,Aula 1:  Inventário de estoque,"Reconhecer a importância do controle de estoque, relacionando os indicadores de desempenho aplicados à gestão de estoques. ",Agir de forma organizada. , Identificar a importância de realizar controles na gestão de estoques.,1. Inventário
,2,T,"Análise e melhoria de processos; Capacidade para apoiar o Planejamento Estratégico de Produção que alinhe as metas de produção com os recursos disponíveis, buscando a eficiência operacional; Apoio na gestão da Cadeia de Suprimentos desde a aquisição de matérias-primas até a entrega do produto final, incluindo logística e distribuição; Habilidade em identificar, avaliar e mitigar riscos potenciais associados a operações e projetos, aplicando metodologias para prever incertezas e desenvolver estratégias de resposta.","Cooperação - Viver em harmonia com os outros e valorizar a interconexão entre todas as pessoas;
Assertividade - Ser capaz de expressar opiniões, necessidades e sentimentos com confiança e exercer influência social;
Tolerância ao estresse - Ter eficácia na modulação da ansiedade e capacidade de resolver problemas com calma;
Empatia - Compreender e preocupar-se com os outros e com o seu bem-estar. Valorizar e investir no relacionamento próximo.",Gestão de Operações,C3,4,Planejamento e Gestão do Estoque,U6,14,Métodos de Gestão de Estoque,Aula 2: Pareto e curva ABC,"Reconhecer a importância do controle de estoque, relacionando os indicadores de desempenho aplicados à gestão de estoques. ",Agir de forma organizada. ,Entender o uso de Pareto na gestão de estoque. ,2. Curva ABC
,2,T,"Análise e melhoria de processos; Capacidade para apoiar o Planejamento Estratégico de Produção que alinhe as metas de produção com os recursos disponíveis, buscando a eficiência operacional; Apoio na gestão da Cadeia de Suprimentos desde a aquisição de matérias-primas até a entrega do produto final, incluindo logística e distribuição; Habilidade em identificar, avaliar e mitigar riscos potenciais associados a operações e projetos, aplicando metodologias para prever incertezas e desenvolver estratégias de resposta.","Cooperação - Viver em harmonia com os outros e valorizar a interconexão entre todas as pessoas;
Assertividade - Ser capaz de expressar opiniões, necessidades e sentimentos com confiança e exercer influência social;
Tolerância ao estresse - Ter eficácia na modulação da ansiedade e capacidade de resolver problemas com calma;
Empatia - Compreender e preocupar-se com os outros e com o seu bem-estar. Valorizar e investir no relacionamento próximo.",Gestão de Operações,C3,4,Planejamento e Gestão do Estoque,U6,14,Métodos de Gestão de Estoque,Aula 3: Sistema de gestão de estoques ,"Reconhecer a importância do controle de estoque, relacionando os indicadores de desempenho aplicados à gestão de estoques. ",Agir de forma organizada. ,Compreender como funcionam sistemas de gestão de materiais nos processos de operações.,3. Sistemas de gestão de estoque – WMS
,2,T,"Análise e melhoria de processos; Capacidade para apoiar o Planejamento Estratégico de Produção que alinhe as metas de produção com os recursos disponíveis, buscando a eficiência operacional; Apoio na gestão da Cadeia de Suprimentos desde a aquisição de matérias-primas até a entrega do produto final, incluindo logística e distribuição; Habilidade em identificar, avaliar e mitigar riscos potenciais associados a operações e projetos, aplicando metodologias para prever incertezas e desenvolver estratégias de resposta.","Cooperação - Viver em harmonia com os outros e valorizar a interconexão entre todas as pessoas;
Assertividade - Ser capaz de expressar opiniões, necessidades e sentimentos com confiança e exercer influência social;
Tolerância ao estresse - Ter eficácia na modulação da ansiedade e capacidade de resolver problemas com calma;
Empatia - Compreender e preocupar-se com os outros e com o seu bem-estar. Valorizar e investir no relacionamento próximo.",Gestão de Operações,C3,4,Planejamento e Gestão do Estoque,U6,14,Métodos de Gestão de Estoque,Aula 4: Indicadores de estoque,"Reconhecer a importância do controle de estoque, relacionando os indicadores de desempenho aplicados à gestão de estoques. ",Agir de forma organizada. ,Relacionar indicadores de desempenho aplicados à gestão de estoques.                                                                                                                                                                                                                           ,4. Indicadores de desempenho de estoque
,3,p,"Análise e melhoria de processos; Capacidade para apoiar o Planejamento Estratégico de Produção que alinhe as metas de produção com os recursos disponíveis, buscando a eficiência operacional; Apoio na gestão da Cadeia de Suprimentos desde a aquisição de matérias-primas até a entrega do produto final, incluindo logística e distribuição; Habilidade em identificar, avaliar e mitigar riscos potenciais associados a operações e projetos, aplicando metodologias para prever incertezas e desenvolver estratégias de resposta.","Cooperação - Viver em harmonia com os outros e valorizar a interconexão entre todas as pessoas;
Assertividade - Ser capaz de expressar opiniões, necessidades e sentimentos com confiança e exercer influência social;
Tolerância ao estresse - Ter eficácia na modulação da ansiedade e capacidade de resolver problemas com calma;
Empatia - Compreender e preocupar-se com os outros e com o seu bem-estar. Valorizar e investir no relacionamento próximo.",Gestão de Operações,C3,4,Planejamento e Gestão do Estoque,U6,15,Métodos de Gestão de Estoque,Aula 1: Prática de layout de estoque,Compreender as formas de organização de estoque.,Agir de forma organizada. ,Aplicar conceitos de organização do fluxo de processos de suprimentos e produtos  na definição de layout de operações.,1. Elaborar proposta de layout de estoque para uma pizzaria delivery
,3,p,"Análise e melhoria de processos; Capacidade para apoiar o Planejamento Estratégico de Produção que alinhe as metas de produção com os recursos disponíveis, buscando a eficiência operacional; Apoio na gestão da Cadeia de Suprimentos desde a aquisição de matérias-primas até a entrega do produto final, incluindo logística e distribuição; Habilidade em identificar, avaliar e mitigar riscos potenciais associados a operações e projetos, aplicando metodologias para prever incertezas e desenvolver estratégias de resposta.","Cooperação - Viver em harmonia com os outros e valorizar a interconexão entre todas as pessoas;
Assertividade - Ser capaz de expressar opiniões, necessidades e sentimentos com confiança e exercer influência social;
Tolerância ao estresse - Ter eficácia na modulação da ansiedade e capacidade de resolver problemas com calma;
Empatia - Compreender e preocupar-se com os outros e com o seu bem-estar. Valorizar e investir no relacionamento próximo.",Gestão de Operações,C3,4,Planejamento e Gestão do Estoque,U6,15,Métodos de Gestão de Estoque,Aula 2: Prática de organização de estoque,Compreender as formas de organização de estoque.,Agir de forma organizada. ,"Praticar a organização do estoque físico, classificar os diferentes tipos de item estocável em operações e propor forma de armazenamento. ","2. Identificar, classificar os tipos de item de estoque e propor formas de armazenamento com base nas suas necessidades de conservação e no fluxo de processo "
,3,p,"Análise e melhoria de processos; Capacidade para apoiar o Planejamento Estratégico de Produção que alinhe as metas de produção com os recursos disponíveis, buscando a eficiência operacional; Apoio na gestão da Cadeia de Suprimentos desde a aquisição de matérias-primas até a entrega do produto final, incluindo logística e distribuição; Habilidade em identificar, avaliar e mitigar riscos potenciais associados a operações e projetos, aplicando metodologias para prever incertezas e desenvolver estratégias de resposta.","Cooperação - Viver em harmonia com os outros e valorizar a interconexão entre todas as pessoas;
Assertividade - Ser capaz de expressar opiniões, necessidades e sentimentos com confiança e exercer influência social;
Tolerância ao estresse - Ter eficácia na modulação da ansiedade e capacidade de resolver problemas com calma;
Empatia - Compreender e preocupar-se com os outros e com o seu bem-estar. Valorizar e investir no relacionamento próximo.",Gestão de Operações,C3,4,Planejamento e Gestão do Estoque,U6,15,Métodos de Gestão de Estoque,Aula 3: Prática de curva ABC,Compreender as formas de organização de estoque.,Agir de forma organizada. ,Elaborar curva ABC e classificar itens de estoque de uma pequena empresa.,3. Elaborar classificação de itens de estoque através do uso do método de Pareto com base em critérios de quantidade e valor
,3,p,"Análise e melhoria de processos; Capacidade para apoiar o Planejamento Estratégico de Produção que alinhe as metas de produção com os recursos disponíveis, buscando a eficiência operacional; Apoio na gestão da Cadeia de Suprimentos desde a aquisição de matérias-primas até a entrega do produto final, incluindo logística e distribuição; Habilidade em identificar, avaliar e mitigar riscos potenciais associados a operações e projetos, aplicando metodologias para prever incertezas e desenvolver estratégias de resposta.","Cooperação - Viver em harmonia com os outros e valorizar a interconexão entre todas as pessoas;
Assertividade - Ser capaz de expressar opiniões, necessidades e sentimentos com confiança e exercer influência social;
Tolerância ao estresse - Ter eficácia na modulação da ansiedade e capacidade de resolver problemas com calma;
Empatia - Compreender e preocupar-se com os outros e com o seu bem-estar. Valorizar e investir no relacionamento próximo.",Gestão de Operações,C3,4,Planejamento e Gestão do Estoque,U6,15,Métodos de Gestão de Estoque,Aula 4: Prática de codificação de itens,Compreender as formas de organização de estoque.,Agir de forma organizada. ,Praticar formas de codificação inteligente para itens de estoque em processo.,4. Criar proposta de codificação de produtos em processo  que permita rastreabilidade 
,3,T,"Análise e melhoria de processos; Capacidade para apoiar o Planejamento Estratégico de Produção que alinhe as metas de produção com os recursos disponíveis, buscando a eficiência operacional; Apoio na gestão da Cadeia de Suprimentos desde a aquisição de matérias-primas até a entrega do produto final, incluindo logística e distribuição; Habilidade em identificar, avaliar e mitigar riscos potenciais associados a operações e projetos, aplicando metodologias para prever incertezas e desenvolver estratégias de resposta.","Cooperação - Viver em harmonia com os outros e valorizar a interconexão entre todas as pessoas;
Assertividade - Ser capaz de expressar opiniões, necessidades e sentimentos com confiança e exercer influência social;
Tolerância ao estresse - Ter eficácia na modulação da ansiedade e capacidade de resolver problemas com calma;
Empatia - Compreender e preocupar-se com os outros e com o seu bem-estar. Valorizar e investir no relacionamento próximo.",Gestão de Operações,C3,4,Gestão de Processos e Qualidade,U7,16,Gestão da Qualidade,Aula 1: O que é qualidade?,Compreender a importância de tratar as não conformidades de processos e produtos. ,Buscar por melhoria de desempenho.,Entender a importância da qualidade em bens e serviços.,1. Definição de qualidade
,3,T,"Análise e melhoria de processos; Capacidade para apoiar o Planejamento Estratégico de Produção que alinhe as metas de produção com os recursos disponíveis, buscando a eficiência operacional; Apoio na gestão da Cadeia de Suprimentos desde a aquisição de matérias-primas até a entrega do produto final, incluindo logística e distribuição; Habilidade em identificar, avaliar e mitigar riscos potenciais associados a operações e projetos, aplicando metodologias para prever incertezas e desenvolver estratégias de resposta.","Cooperação - Viver em harmonia com os outros e valorizar a interconexão entre todas as pessoas;
Assertividade - Ser capaz de expressar opiniões, necessidades e sentimentos com confiança e exercer influência social;
Tolerância ao estresse - Ter eficácia na modulação da ansiedade e capacidade de resolver problemas com calma;
Empatia - Compreender e preocupar-se com os outros e com o seu bem-estar. Valorizar e investir no relacionamento próximo.",Gestão de Operações,C3,4,Gestão de Processos e Qualidade,U7,16,Gestão da Qualidade,Aula 2: Melhoria contínua,Compreender a importância de tratar as não conformidades de processos e produtos. ,Buscar por melhoria de desempenho.,Compreender a importância da melhoria contínua aplicada a processos e produtos.,2. PDCA
,3,T,"Análise e melhoria de processos; Capacidade para apoiar o Planejamento Estratégico de Produção que alinhe as metas de produção com os recursos disponíveis, buscando a eficiência operacional; Apoio na gestão da Cadeia de Suprimentos desde a aquisição de matérias-primas até a entrega do produto final, incluindo logística e distribuição; Habilidade em identificar, avaliar e mitigar riscos potenciais associados a operações e projetos, aplicando metodologias para prever incertezas e desenvolver estratégias de resposta.","Cooperação - Viver em harmonia com os outros e valorizar a interconexão entre todas as pessoas;
Assertividade - Ser capaz de expressar opiniões, necessidades e sentimentos com confiança e exercer influência social;
Tolerância ao estresse - Ter eficácia na modulação da ansiedade e capacidade de resolver problemas com calma;
Empatia - Compreender e preocupar-se com os outros e com o seu bem-estar. Valorizar e investir no relacionamento próximo.",Gestão de Operações,C3,4,Gestão de Processos e Qualidade,U7,16,Gestão da Qualidade,Aula 3: Gestão da rotina,Compreender a importância de tratar as não conformidades de processos e produtos. ,Buscar por melhoria de desempenho. ,Revisitar os elementos de um processo e compreender a importância do uso de padrões.,3. Gestão da rotina
,3,T,"Análise e melhoria de processos; Capacidade para apoiar o Planejamento Estratégico de Produção que alinhe as metas de produção com os recursos disponíveis, buscando a eficiência operacional; Apoio na gestão da Cadeia de Suprimentos desde a aquisição de matérias-primas até a entrega do produto final, incluindo logística e distribuição; Habilidade em identificar, avaliar e mitigar riscos potenciais associados a operações e projetos, aplicando metodologias para prever incertezas e desenvolver estratégias de resposta.","Cooperação - Viver em harmonia com os outros e valorizar a interconexão entre todas as pessoas;
Assertividade - Ser capaz de expressar opiniões, necessidades e sentimentos com confiança e exercer influência social;
Tolerância ao estresse - Ter eficácia na modulação da ansiedade e capacidade de resolver problemas com calma;
Empatia - Compreender e preocupar-se com os outros e com o seu bem-estar. Valorizar e investir no relacionamento próximo.",Gestão de Operações,C3,4,Gestão de Processos e Qualidade,U7,16,Gestão da Qualidade,Aula 4: Tratativa de não conformidades,Compreender a importância de tratar as não conformidades de processos e produtos. ,Buscar por melhoria de desempenho. ,Relacionar como tratar desvios e não conformidades de processos e produtos.,4. Não Conformidades (NC)
,Recomposição da Aprendizagem,,,,,,,,,,,,,,,
,3,T,"Análise e melhoria de processos; Capacidade para apoiar o Planejamento Estratégico de Produção que alinhe as metas de produção com os recursos disponíveis, buscando a eficiência operacional; Apoio na gestão da Cadeia de Suprimentos desde a aquisição de matérias-primas até a entrega do produto final, incluindo logística e distribuição; Habilidade em identificar, avaliar e mitigar riscos potenciais associados a operações e projetos, aplicando metodologias para prever incertezas e desenvolver estratégias de resposta.","Cooperação - Viver em harmonia com os outros e valorizar a interconexão entre todas as pessoas;
Assertividade - Ser capaz de expressar opiniões, necessidades e sentimentos com confiança e exercer influência social;
Tolerância ao estresse - Ter eficácia na modulação da ansiedade e capacidade de resolver problemas com calma;
Empatia - Compreender e preocupar-se com os outros e com o seu bem-estar. Valorizar e investir no relacionamento próximo.",Gestão de Operações,C3,4,Gestão de Processos e Qualidade,U7,17,Métodos da Qualidade,Aula 1:  Os 5s,Compreender a necessidade de priorizar problemas de processos ou de produtos. ,Apresentar senso crítico de análise.,Conhecer método de organização de operações. ,1. Método 5s
,3,T,"Análise e melhoria de processos; Capacidade para apoiar o Planejamento Estratégico de Produção que alinhe as metas de produção com os recursos disponíveis, buscando a eficiência operacional; Apoio na gestão da Cadeia de Suprimentos desde a aquisição de matérias-primas até a entrega do produto final, incluindo logística e distribuição; Habilidade em identificar, avaliar e mitigar riscos potenciais associados a operações e projetos, aplicando metodologias para prever incertezas e desenvolver estratégias de resposta.","Cooperação - Viver em harmonia com os outros e valorizar a interconexão entre todas as pessoas;
Assertividade - Ser capaz de expressar opiniões, necessidades e sentimentos com confiança e exercer influência social;
Tolerância ao estresse - Ter eficácia na modulação da ansiedade e capacidade de resolver problemas com calma;
Empatia - Compreender e preocupar-se com os outros e com o seu bem-estar. Valorizar e investir no relacionamento próximo.",Gestão de Operações,C3,4,Gestão de Processos e Qualidade,U7,17,Métodos da Qualidade,Aula 2: Identificação de causa raiz,Compreender a necessidade de priorizar problemas de processos ou de produtos. ,Apresentar senso crítico de análise.,Compreender método de identificação de causa raiz de não conformidades.,2. Diagrama causa raiz
,3,T,"Análise e melhoria de processos; Capacidade para apoiar o Planejamento Estratégico de Produção que alinhe as metas de produção com os recursos disponíveis, buscando a eficiência operacional; Apoio na gestão da Cadeia de Suprimentos desde a aquisição de matérias-primas até a entrega do produto final, incluindo logística e distribuição; Habilidade em identificar, avaliar e mitigar riscos potenciais associados a operações e projetos, aplicando metodologias para prever incertezas e desenvolver estratégias de resposta.","Cooperação - Viver em harmonia com os outros e valorizar a interconexão entre todas as pessoas;
Assertividade - Ser capaz de expressar opiniões, necessidades e sentimentos com confiança e exercer influência social;
Tolerância ao estresse - Ter eficácia na modulação da ansiedade e capacidade de resolver problemas com calma;
Empatia - Compreender e preocupar-se com os outros e com o seu bem-estar. Valorizar e investir no relacionamento próximo.",Gestão de Operações,C3,4,Gestão de Processos e Qualidade,U7,17,Métodos da Qualidade,Aula 3: Checklist ,Compreender a necessidade de priorizar problemas de processos ou de produtos. ,Apresentar senso crítico de análise.,Identificar ferramenta de coleta de dados de processos.,3. Checklist
,3,T,"Análise e melhoria de processos; Capacidade para apoiar o Planejamento Estratégico de Produção que alinhe as metas de produção com os recursos disponíveis, buscando a eficiência operacional; Apoio na gestão da Cadeia de Suprimentos desde a aquisição de matérias-primas até a entrega do produto final, incluindo logística e distribuição; Habilidade em identificar, avaliar e mitigar riscos potenciais associados a operações e projetos, aplicando metodologias para prever incertezas e desenvolver estratégias de resposta.","Cooperação - Viver em harmonia com os outros e valorizar a interconexão entre todas as pessoas;
Assertividade - Ser capaz de expressar opiniões, necessidades e sentimentos com confiança e exercer influência social;
Tolerância ao estresse - Ter eficácia na modulação da ansiedade e capacidade de resolver problemas com calma;
Empatia - Compreender e preocupar-se com os outros e com o seu bem-estar. Valorizar e investir no relacionamento próximo.",Gestão de Operações,C3,4,Gestão de Processos e Qualidade,U7,17,Métodos da Qualidade,Aula 4:  Priorização de problemas,Compreender a necessidade de priorizar problemas de processos ou de produtos. ,Apresentar senso crítico de análise.,Conhecer ferramentas de priorização de tratativa de não conformidades.,4. Métodos Pareto e GUT
X,3,P,"Análise e melhoria de processos; Capacidade para apoiar o Planejamento Estratégico de Produção que alinhe as metas de produção com os recursos disponíveis, buscando a eficiência operacional; Apoio na gestão da Cadeia de Suprimentos desde a aquisição de matérias-primas até a entrega do produto final, incluindo logística e distribuição; Habilidade em identificar, avaliar e mitigar riscos potenciais associados a operações e projetos, aplicando metodologias para prever incertezas e desenvolver estratégias de resposta.","Cooperação - Viver em harmonia com os outros e valorizar a interconexão entre todas as pessoas;
Assertividade - Ser capaz de expressar opiniões, necessidades e sentimentos com confiança e exercer influência social;
Tolerância ao estresse - Ter eficácia na modulação da ansiedade e capacidade de resolver problemas com calma;
Empatia - Compreender e preocupar-se com os outros e com o seu bem-estar. Valorizar e investir no relacionamento próximo.",Gestão de Operações,C3,4,Gestão de Processos e Qualidade,U7,18,Métodos da Qualidade,Aula 1: Prática – Checklist,Aplicar técnicas para identificar possíveis causas raízes de problemas de processo ou produto.,Apresentar senso crítico de análise.,Elaborar relatório apresentando organização e classificação de dados de processos.,1. Checklist
X,3,P,"Análise e melhoria de processos; Capacidade para apoiar o Planejamento Estratégico de Produção que alinhe as metas de produção com os recursos disponíveis, buscando a eficiência operacional; Apoio na gestão da Cadeia de Suprimentos desde a aquisição de matérias-primas até a entrega do produto final, incluindo logística e distribuição; Habilidade em identificar, avaliar e mitigar riscos potenciais associados a operações e projetos, aplicando metodologias para prever incertezas e desenvolver estratégias de resposta.","Cooperação - Viver em harmonia com os outros e valorizar a interconexão entre todas as pessoas;
Assertividade - Ser capaz de expressar opiniões, necessidades e sentimentos com confiança e exercer influência social;
Tolerância ao estresse - Ter eficácia na modulação da ansiedade e capacidade de resolver problemas com calma;
Empatia - Compreender e preocupar-se com os outros e com o seu bem-estar. Valorizar e investir no relacionamento próximo.",Gestão de Operações,C3,4,Gestão de Processos e Qualidade,U7,18,Métodos da Qualidade,Aula 2: Prática – Pareto em processos,Aplicar técnicas para identificar possíveis causas raízes de problemas de processo ou produto.,Apresentar senso crítico de análise.,Praticar métodos de priorização de problemas com base em percepção quantitativa.,2. Método Pareto
X,3,P,"Análise e melhoria de processos; Capacidade para apoiar o Planejamento Estratégico de Produção que alinhe as metas de produção com os recursos disponíveis, buscando a eficiência operacional; Apoio na gestão da Cadeia de Suprimentos desde a aquisição de matérias-primas até a entrega do produto final, incluindo logística e distribuição; Habilidade em identificar, avaliar e mitigar riscos potenciais associados a operações e projetos, aplicando metodologias para prever incertezas e desenvolver estratégias de resposta.","Cooperação - Viver em harmonia com os outros e valorizar a interconexão entre todas as pessoas;
Assertividade - Ser capaz de expressar opiniões, necessidades e sentimentos com confiança e exercer influência social;
Tolerância ao estresse - Ter eficácia na modulação da ansiedade e capacidade de resolver problemas com calma;
Empatia - Compreender e preocupar-se com os outros e com o seu bem-estar. Valorizar e investir no relacionamento próximo.",Gestão de Operações,C3,4,Gestão de Processos e Qualidade,U7,18,Métodos da Qualidade,Aula 3: Prática GUT,Aplicar técnicas para identificar possíveis causas raízes de problemas de processo ou produto.,Apresentar senso crítico de análise.,Praticar método de priorização de problemas com base em percepção qualitativa.,3. Método GUT
X,3,P,"Análise e melhoria de processos; Capacidade para apoiar o Planejamento Estratégico de Produção que alinhe as metas de produção com os recursos disponíveis, buscando a eficiência operacional; Apoio na gestão da Cadeia de Suprimentos desde a aquisição de matérias-primas até a entrega do produto final, incluindo logística e distribuição; Habilidade em identificar, avaliar e mitigar riscos potenciais associados a operações e projetos, aplicando metodologias para prever incertezas e desenvolver estratégias de resposta.","Cooperação - Viver em harmonia com os outros e valorizar a interconexão entre todas as pessoas;
Assertividade - Ser capaz de expressar opiniões, necessidades e sentimentos com confiança e exercer influência social;
Tolerância ao estresse - Ter eficácia na modulação da ansiedade e capacidade de resolver problemas com calma;
Empatia - Compreender e preocupar-se com os outros e com o seu bem-estar. Valorizar e investir no relacionamento próximo.",Gestão de Operações,C3,4,Gestão de Processos e Qualidade,U7,18,Métodos da Qualidade,Aula 4: Prática Diagrama Causa Efeito,Aplicar técnicas para identificar possíveis causas raízes de problemas de processo ou produto.,Apresentar senso crítico de análise.,Elaborar diagnóstico identificando possíveis causas raízes utilizando o método Diagrama Causa Efeito e 5 Porquês.,4. Diagrama Causa-raíz
,Recomposição da Aprendizagem,,,,,,,,,,,,,,,
,3,T,"Análise e melhoria de processos; Capacidade para apoiar o Planejamento Estratégico de Produção que alinhe as metas de produção com os recursos disponíveis, buscando a eficiência operacional; Apoio na gestão da Cadeia de Suprimentos desde a aquisição de matérias-primas até a entrega do produto final, incluindo logística e distribuição; Habilidade em identificar, avaliar e mitigar riscos potenciais associados a operações e projetos, aplicando metodologias para prever incertezas e desenvolver estratégias de resposta.","Cooperação - Viver em harmonia com os outros e valorizar a interconexão entre todas as pessoas;
Assertividade - Ser capaz de expressar opiniões, necessidades e sentimentos com confiança e exercer influência social;
Tolerância ao estresse - Ter eficácia na modulação da ansiedade e capacidade de resolver problemas com calma;
Empatia - Compreender e preocupar-se com os outros e com o seu bem-estar. Valorizar e investir no relacionamento próximo.",Gestão de Operações,C3,4,Gestão de Projetos,U8,19,Conceito e Planejamento de Projetos,Aula 1: Definição de gestão e escopo de projeto,Compreender a importância da gestão de projetos.,Cooperar e valorizar a interconexão entre pessoas.,Entender o que é gestão de projetos.         ,1. Escopo
,3,T,"Análise e melhoria de processos; Capacidade para apoiar o Planejamento Estratégico de Produção que alinhe as metas de produção com os recursos disponíveis, buscando a eficiência operacional; Apoio na gestão da Cadeia de Suprimentos desde a aquisição de matérias-primas até a entrega do produto final, incluindo logística e distribuição; Habilidade em identificar, avaliar e mitigar riscos potenciais associados a operações e projetos, aplicando metodologias para prever incertezas e desenvolver estratégias de resposta.","Cooperação - Viver em harmonia com os outros e valorizar a interconexão entre todas as pessoas;
Assertividade - Ser capaz de expressar opiniões, necessidades e sentimentos com confiança e exercer influência social;
Tolerância ao estresse - Ter eficácia na modulação da ansiedade e capacidade de resolver problemas com calma;
Empatia - Compreender e preocupar-se com os outros e com o seu bem-estar. Valorizar e investir no relacionamento próximo.",Gestão de Operações,C3,4,Gestão de Projetos,U8,19,Conceito e Planejamento de Projetos,Aula 2: Conceitos e elementos de projetos,Compreender a importância da gestão de projetos.,Cooperar e valorizar a interconexão entre pessoas.,Conhecer conceitos e elementos de gestão de projetos.,2. Elementos de projetos
,3,T,"Análise e melhoria de processos; Capacidade para apoiar o Planejamento Estratégico de Produção que alinhe as metas de produção com os recursos disponíveis, buscando a eficiência operacional; Apoio na gestão da Cadeia de Suprimentos desde a aquisição de matérias-primas até a entrega do produto final, incluindo logística e distribuição; Habilidade em identificar, avaliar e mitigar riscos potenciais associados a operações e projetos, aplicando metodologias para prever incertezas e desenvolver estratégias de resposta.","Cooperação - Viver em harmonia com os outros e valorizar a interconexão entre todas as pessoas;
Assertividade - Ser capaz de expressar opiniões, necessidades e sentimentos com confiança e exercer influência social;
Tolerância ao estresse - Ter eficácia na modulação da ansiedade e capacidade de resolver problemas com calma;
Empatia - Compreender e preocupar-se com os outros e com o seu bem-estar. Valorizar e investir no relacionamento próximo.",Gestão de Operações,C3,4,Gestão de Projetos,U8,19,Conceito e Planejamento de Projetos,Aula 3: Sequenciamento de atividades,Compreender a importância da gestão de projetos.,Cooperar e valorizar a interconexão entre pessoas.,Identificar técnicas de sequenciamento de tarefas de projeto.,3. Sequenciamento de atividades 
,3,T,"Análise e melhoria de processos; Capacidade para apoiar o Planejamento Estratégico de Produção que alinhe as metas de produção com os recursos disponíveis, buscando a eficiência operacional; Apoio na gestão da Cadeia de Suprimentos desde a aquisição de matérias-primas até a entrega do produto final, incluindo logística e distribuição; Habilidade em identificar, avaliar e mitigar riscos potenciais associados a operações e projetos, aplicando metodologias para prever incertezas e desenvolver estratégias de resposta.","Cooperação - Viver em harmonia com os outros e valorizar a interconexão entre todas as pessoas;
Assertividade - Ser capaz de expressar opiniões, necessidades e sentimentos com confiança e exercer influência social;
Tolerância ao estresse - Ter eficácia na modulação da ansiedade e capacidade de resolver problemas com calma;
Empatia - Compreender e preocupar-se com os outros e com o seu bem-estar. Valorizar e investir no relacionamento próximo.",Gestão de Operações,C3,4,Gestão de Projetos,U8,19,Conceito e Planejamento de Projetos,Aula 4: Gestão de prazos,Compreender a importância da gestão de projetos.,Cooperar e valorizar a interconexão entre pessoas.,Conhecer ferramentas de gestão de prazos.,4. Controle de prazos
,3,T,"Análise e melhoria de processos; Capacidade para apoiar o Planejamento Estratégico de Produção que alinhe as metas de produção com os recursos disponíveis, buscando a eficiência operacional; Apoio na gestão da Cadeia de Suprimentos desde a aquisição de matérias-primas até a entrega do produto final, incluindo logística e distribuição; Habilidade em identificar, avaliar e mitigar riscos potenciais associados a operações e projetos, aplicando metodologias para prever incertezas e desenvolver estratégias de resposta.","Cooperação - Viver em harmonia com os outros e valorizar a interconexão entre todas as pessoas;
Assertividade - Ser capaz de expressar opiniões, necessidades e sentimentos com confiança e exercer influência social;
Tolerância ao estresse - Ter eficácia na modulação da ansiedade e capacidade de resolver problemas com calma;
Empatia - Compreender e preocupar-se com os outros e com o seu bem-estar. Valorizar e investir no relacionamento próximo.",Gestão de Operações,C3,4,Gestão de Projetos,U8,20,Execução e Controle de Projetos,Aula 1: Gestão da comunicação,Compreender e ser capaz de relatar eventos que ocorreram durante a execução do projeto.,Cooperar e valorizar a interconexão entre pessoas.,Reconhecer formas de comunicação em gestão de projetos.,1. Gestão da comunicação
,3,T,"Análise e melhoria de processos; Capacidade para apoiar o Planejamento Estratégico de Produção que alinhe as metas de produção com os recursos disponíveis, buscando a eficiência operacional; Apoio na gestão da Cadeia de Suprimentos desde a aquisição de matérias-primas até a entrega do produto final, incluindo logística e distribuição; Habilidade em identificar, avaliar e mitigar riscos potenciais associados a operações e projetos, aplicando metodologias para prever incertezas e desenvolver estratégias de resposta.","Cooperação - Viver em harmonia com os outros e valorizar a interconexão entre todas as pessoas;
Assertividade - Ser capaz de expressar opiniões, necessidades e sentimentos com confiança e exercer influência social;
Tolerância ao estresse - Ter eficácia na modulação da ansiedade e capacidade de resolver problemas com calma;
Empatia - Compreender e preocupar-se com os outros e com o seu bem-estar. Valorizar e investir no relacionamento próximo.",Gestão de Operações,C3,4,Gestão de Projetos,U8,20,Execução e Controle de Projetos,Aula 2: Gestão de recursos,Compreender e ser capaz de relatar eventos que ocorreram durante a execução do projeto.,Cooperar e valorizar a interconexão entre pessoas.,Compreender a importância de gerenciar recursos do projeto.,2. Gestão de recursos
,3,T,"Análise e melhoria de processos; Capacidade para apoiar o Planejamento Estratégico de Produção que alinhe as metas de produção com os recursos disponíveis, buscando a eficiência operacional; Apoio na gestão da Cadeia de Suprimentos desde a aquisição de matérias-primas até a entrega do produto final, incluindo logística e distribuição; Habilidade em identificar, avaliar e mitigar riscos potenciais associados a operações e projetos, aplicando metodologias para prever incertezas e desenvolver estratégias de resposta.","Cooperação - Viver em harmonia com os outros e valorizar a interconexão entre todas as pessoas;
Assertividade - Ser capaz de expressar opiniões, necessidades e sentimentos com confiança e exercer influência social;
Tolerância ao estresse - Ter eficácia na modulação da ansiedade e capacidade de resolver problemas com calma;
Empatia - Compreender e preocupar-se com os outros e com o seu bem-estar. Valorizar e investir no relacionamento próximo.",Gestão de Operações,C3,4,Gestão de Projetos,U8,20,Execução e Controle de Projetos,Aula 3: Gestão de custos e qualidade,Compreender e ser capaz de relatar eventos que ocorreram durante a execução do projeto.,Cooperar e valorizar a interconexão entre pessoas.,Compreender a importância do controle de custos e qualidade do projeto.,3. Gestão de custos e qualidade
,3,T,"Análise e melhoria de processos; Capacidade para apoiar o Planejamento Estratégico de Produção que alinhe as metas de produção com os recursos disponíveis, buscando a eficiência operacional; Apoio na gestão da Cadeia de Suprimentos desde a aquisição de matérias-primas até a entrega do produto final, incluindo logística e distribuição; Habilidade em identificar, avaliar e mitigar riscos potenciais associados a operações e projetos, aplicando metodologias para prever incertezas e desenvolver estratégias de resposta.","Cooperação - Viver em harmonia com os outros e valorizar a interconexão entre todas as pessoas;
Assertividade - Ser capaz de expressar opiniões, necessidades e sentimentos com confiança e exercer influência social;
Tolerância ao estresse - Ter eficácia na modulação da ansiedade e capacidade de resolver problemas com calma;
Empatia - Compreender e preocupar-se com os outros e com o seu bem-estar. Valorizar e investir no relacionamento próximo.",Gestão de Operações,C3,4,Gestão de Projetos,U8,20,Execução e Controle de Projetos,Aula 4: Encerramento e lições aprendidas ,Compreender e ser capaz de relatar eventos que ocorreram durante a execução do projeto.,Cooperar e valorizar a interconexão entre pessoas.,Conhecer instrumentos de registro das lições aprendidas ao final do projeto.,4. Lições aprendidas com o projeto
,Recomposição da Aprendizagem,,,,,,,,,,,,,,,
,3,P,"Análise e melhoria de processos; Capacidade para apoiar o Planejamento Estratégico de Produção que alinhe as metas de produção com os recursos disponíveis, buscando a eficiência operacional; Apoio na gestão da Cadeia de Suprimentos desde a aquisição de matérias-primas até a entrega do produto final, incluindo logística e distribuição; Habilidade em identificar, avaliar e mitigar riscos potenciais associados a operações e projetos, aplicando metodologias para prever incertezas e desenvolver estratégias de resposta.","Cooperação - Viver em harmonia com os outros e valorizar a interconexão entre todas as pessoas;
Assertividade - Ser capaz de expressar opiniões, necessidades e sentimentos com confiança e exercer influência social;
Tolerância ao estresse - Ter eficácia na modulação da ansiedade e capacidade de resolver problemas com calma;
Empatia - Compreender e preocupar-se com os outros e com o seu bem-estar. Valorizar e investir no relacionamento próximo.",Gestão de Operações,C3,4,Gestão de Projetos,U8,21,Execução e Controle de Projetos,Aula 1:  Prática – Carta de Projeto,Elaborar relatório de resultados do projeto com base nas observações dos eventos realizados.,Apresentar senso crítico de análise.,Elaborar Carta de Projeto com base no escopo proposto.,1. Carta de Projeto
,3,P,"Análise e melhoria de processos; Capacidade para apoiar o Planejamento Estratégico de Produção que alinhe as metas de produção com os recursos disponíveis, buscando a eficiência operacional; Apoio na gestão da Cadeia de Suprimentos desde a aquisição de matérias-primas até a entrega do produto final, incluindo logística e distribuição; Habilidade em identificar, avaliar e mitigar riscos potenciais associados a operações e projetos, aplicando metodologias para prever incertezas e desenvolver estratégias de resposta.","Cooperação - Viver em harmonia com os outros e valorizar a interconexão entre todas as pessoas;
Assertividade - Ser capaz de expressar opiniões, necessidades e sentimentos com confiança e exercer influência social;
Tolerância ao estresse - Ter eficácia na modulação da ansiedade e capacidade de resolver problemas com calma;
Empatia - Compreender e preocupar-se com os outros e com o seu bem-estar. Valorizar e investir no relacionamento próximo.",Gestão de Operações,C3,4,Gestão de Projetos,U8,21,Execução e Controle de Projetos,Aula 2: Prática – Sequenciamento com REDE PERT-CPM,Elaborar relatório de resultados do projeto com base nas observações dos eventos realizados.,Apresentar senso crítico de análise.,Elaborar Rede Pert-CPM para projeto proposto.,2. Sequenciamento de atividades
,3,P,"Análise e melhoria de processos; Capacidade para apoiar o Planejamento Estratégico de Produção que alinhe as metas de produção com os recursos disponíveis, buscando a eficiência operacional; Apoio na gestão da Cadeia de Suprimentos desde a aquisição de matérias-primas até a entrega do produto final, incluindo logística e distribuição; Habilidade em identificar, avaliar e mitigar riscos potenciais associados a operações e projetos, aplicando metodologias para prever incertezas e desenvolver estratégias de resposta.","Cooperação - Viver em harmonia com os outros e valorizar a interconexão entre todas as pessoas;
Assertividade - Ser capaz de expressar opiniões, necessidades e sentimentos com confiança e exercer influência social;
Tolerância ao estresse - Ter eficácia na modulação da ansiedade e capacidade de resolver problemas com calma;
Empatia - Compreender e preocupar-se com os outros e com o seu bem-estar. Valorizar e investir no relacionamento próximo.",Gestão de Operações,C3,4,Gestão de Projetos,U8,21,Execução e Controle de Projetos,Aula 3: Prática – Cronograma Gantt,Elaborar relatório de resultados do projeto com base nas observações dos eventos realizados.,Apresentar senso crítico de análise.,Elaborar cronograma Gantt para projeto proposto.,3. Cronograma de atividades
,3,P,"Análise e melhoria de processos; Capacidade para apoiar o Planejamento Estratégico de Produção que alinhe as metas de produção com os recursos disponíveis, buscando a eficiência operacional; Apoio na gestão da Cadeia de Suprimentos desde a aquisição de matérias-primas até a entrega do produto final, incluindo logística e distribuição; Habilidade em identificar, avaliar e mitigar riscos potenciais associados a operações e projetos, aplicando metodologias para prever incertezas e desenvolver estratégias de resposta.","Cooperação - Viver em harmonia com os outros e valorizar a interconexão entre todas as pessoas;
Assertividade - Ser capaz de expressar opiniões, necessidades e sentimentos com confiança e exercer influência social;
Tolerância ao estresse - Ter eficácia na modulação da ansiedade e capacidade de resolver problemas com calma;
Empatia - Compreender e preocupar-se com os outros e com o seu bem-estar. Valorizar e investir no relacionamento próximo.",Gestão de Operações,C3,4,Gestão de Projetos,U8,21,Execução e Controle de Projetos,Aula 4: Prática – Relatório planejado x real,Elaborar relatório de resultados do projeto com base nas observações dos eventos realizados.,Apresentar senso crítico de análise.,"Avaliar diferenças entre o planejamento e os resultados apresentados, analisar e identificar possíveis causas raízes. ",4. Relatório final de projeto
,4,T,"Análise e melhoria de processos; Capacidade para apoiar o Planejamento Estratégico de Produção que alinhe as metas de produção com os recursos disponíveis, buscando a eficiência operacional; Apoio na gestão da Cadeia de Suprimentos desde a aquisição de matérias-primas até a entrega do produto final, incluindo logística e distribuição; Habilidade em identificar, avaliar e mitigar riscos potenciais associados a operações e projetos, aplicando metodologias para prever incertezas e desenvolver estratégias de resposta.","Cooperação - Viver em harmonia com os outros e valorizar a interconexão entre todas as pessoas;
Assertividade - Ser capaz de expressar opiniões, necessidades e sentimentos com confiança e exercer influência social;
Tolerância ao estresse - Ter eficácia na modulação da ansiedade e capacidade de resolver problemas com calma;
Empatia - Compreender e preocupar-se com os outros e com o seu bem-estar. Valorizar e investir no relacionamento próximo.",Gestão de Operações,C3,4,Gerenciamento de Riscos e Incertezas,U9,22,Normas e Sistemas de Gestão,Aula 1: Sistema de gestão da qualidade,"Auxiliar nas rotinas dos sistemas de Gestão de Qualidade , Ambiental e ESG em contextos organizacionais.",Ser responsável.,Conhecer os princípios da Norma ISO9001,1. NORMA ISO 9001
,4,T,"Análise e melhoria de processos; Capacidade para apoiar o Planejamento Estratégico de Produção que alinhe as metas de produção com os recursos disponíveis, buscando a eficiência operacional; Apoio na gestão da Cadeia de Suprimentos desde a aquisição de matérias-primas até a entrega do produto final, incluindo logística e distribuição; Habilidade em identificar, avaliar e mitigar riscos potenciais associados a operações e projetos, aplicando metodologias para prever incertezas e desenvolver estratégias de resposta.","Cooperação - Viver em harmonia com os outros e valorizar a interconexão entre todas as pessoas;
Assertividade - Ser capaz de expressar opiniões, necessidades e sentimentos com confiança e exercer influência social;
Tolerância ao estresse - Ter eficácia na modulação da ansiedade e capacidade de resolver problemas com calma;
Empatia - Compreender e preocupar-se com os outros e com o seu bem-estar. Valorizar e investir no relacionamento próximo.",Gestão de Operações,C3,4,Gerenciamento de Riscos e Incertezas,U9,22,Normas e Sistemas de Gestão,Aula 2: Sistema de gestão ambiental,"Auxiliar nas rotinas dos sistemas de Gestão de Qualidade , Ambiental e ESG em contextos organizacionais.",Ser responsável.,Conhecer os princípios da Norma ISO14001,2. NORMA ISO 14001
,4,T,"Análise e melhoria de processos; Capacidade para apoiar o Planejamento Estratégico de Produção que alinhe as metas de produção com os recursos disponíveis, buscando a eficiência operacional; Apoio na gestão da Cadeia de Suprimentos desde a aquisição de matérias-primas até a entrega do produto final, incluindo logística e distribuição; Habilidade em identificar, avaliar e mitigar riscos potenciais associados a operações e projetos, aplicando metodologias para prever incertezas e desenvolver estratégias de resposta.","Cooperação - Viver em harmonia com os outros e valorizar a interconexão entre todas as pessoas;
Assertividade - Ser capaz de expressar opiniões, necessidades e sentimentos com confiança e exercer influência social;
Tolerância ao estresse - Ter eficácia na modulação da ansiedade e capacidade de resolver problemas com calma;
Empatia - Compreender e preocupar-se com os outros e com o seu bem-estar. Valorizar e investir no relacionamento próximo.",Gestão de Operações,C3,4,Gerenciamento de Riscos e Incertezas,U9,22,Normas e Sistemas de Gestão,Aula 3: Lei Geral de Proteção de Dados (LGPD),"Auxiliar nas rotinas dos sistemas de Gestão de Qualidade , Ambiental e ESG em contextos organizacionais.",Ser responsável.,Conhecer os fundamentos da LGPD,3. LGPD
,4,T,"Análise e melhoria de processos; Capacidade para apoiar o Planejamento Estratégico de Produção que alinhe as metas de produção com os recursos disponíveis, buscando a eficiência operacional; Apoio na gestão da Cadeia de Suprimentos desde a aquisição de matérias-primas até a entrega do produto final, incluindo logística e distribuição; Habilidade em identificar, avaliar e mitigar riscos potenciais associados a operações e projetos, aplicando metodologias para prever incertezas e desenvolver estratégias de resposta.","Cooperação - Viver em harmonia com os outros e valorizar a interconexão entre todas as pessoas;
Assertividade - Ser capaz de expressar opiniões, necessidades e sentimentos com confiança e exercer influência social;
Tolerância ao estresse - Ter eficácia na modulação da ansiedade e capacidade de resolver problemas com calma;
Empatia - Compreender e preocupar-se com os outros e com o seu bem-estar. Valorizar e investir no relacionamento próximo.",Gestão de Operações,C3,4,Gerenciamento de Riscos e Incertezas,U9,22,Normas e Sistemas de Gestão,Aula 4: Gestão de riscos,"Auxiliar nas rotinas dos sistemas de Gestão de Qualidade , Ambiental e ESG em contextos organizacionais.",Ser responsável.,Compreender a importância de gestão de riscos,4. Riscos
X,4,T,"Análise e melhoria de processos; Capacidade para apoiar o Planejamento Estratégico de Produção que alinhe as metas de produção com os recursos disponíveis, buscando a eficiência operacional; Apoio na gestão da Cadeia de Suprimentos desde a aquisição de matérias-primas até a entrega do produto final, incluindo logística e distribuição; Habilidade em identificar, avaliar e mitigar riscos potenciais associados a operações e projetos, aplicando metodologias para prever incertezas e desenvolver estratégias de resposta.","Cooperação - Viver em harmonia com os outros e valorizar a interconexão entre todas as pessoas;
Assertividade - Ser capaz de expressar opiniões, necessidades e sentimentos com confiança e exercer influência social;
Tolerância ao estresse - Ter eficácia na modulação da ansiedade e capacidade de resolver problemas com calma;
Empatia - Compreender e preocupar-se com os outros e com o seu bem-estar. Valorizar e investir no relacionamento próximo.",Gestão de Operações,C3,4,Gerenciamento de Riscos e Incertezas,U9,23,Princípios ESG,Aula 1: Gestão ambiental,Reconhecer riscos relacionados à Gestão ESG.,Ser responsável.,Compreender a importância da gestão ambiental no contexto organizacional,1. Gestão ambiental
X,4,T,"Análise e melhoria de processos; Capacidade para apoiar o Planejamento Estratégico de Produção que alinhe as metas de produção com os recursos disponíveis, buscando a eficiência operacional; Apoio na gestão da Cadeia de Suprimentos desde a aquisição de matérias-primas até a entrega do produto final, incluindo logística e distribuição; Habilidade em identificar, avaliar e mitigar riscos potenciais associados a operações e projetos, aplicando metodologias para prever incertezas e desenvolver estratégias de resposta.","Cooperação - Viver em harmonia com os outros e valorizar a interconexão entre todas as pessoas;
Assertividade - Ser capaz de expressar opiniões, necessidades e sentimentos com confiança e exercer influência social;
Tolerância ao estresse - Ter eficácia na modulação da ansiedade e capacidade de resolver problemas com calma;
Empatia - Compreender e preocupar-se com os outros e com o seu bem-estar. Valorizar e investir no relacionamento próximo.",Gestão de Operações,C3,4,Gerenciamento de Riscos e Incertezas,U9,23,Princípios ESG,Aula 2: Conservação de recursos naturais,Reconhecer riscos relacionados à Gestão ESG.,Ser responsável.,"Compreender a importância da reciclagem, da gestão de resíduos e da busca por eficiência energética em contextos organizacionais.",2.Eficiência energética e redução de emissões
X,4,T,"Análise e melhoria de processos; Capacidade para apoiar o Planejamento Estratégico de Produção que alinhe as metas de produção com os recursos disponíveis, buscando a eficiência operacional; Apoio na gestão da Cadeia de Suprimentos desde a aquisição de matérias-primas até a entrega do produto final, incluindo logística e distribuição; Habilidade em identificar, avaliar e mitigar riscos potenciais associados a operações e projetos, aplicando metodologias para prever incertezas e desenvolver estratégias de resposta.","Cooperação - Viver em harmonia com os outros e valorizar a interconexão entre todas as pessoas;
Assertividade - Ser capaz de expressar opiniões, necessidades e sentimentos com confiança e exercer influência social;
Tolerância ao estresse - Ter eficácia na modulação da ansiedade e capacidade de resolver problemas com calma;
Empatia - Compreender e preocupar-se com os outros e com o seu bem-estar. Valorizar e investir no relacionamento próximo.",Gestão de Operações,C3,4,Gerenciamento de Riscos e Incertezas,U9,23,Princípios ESG,Aula 3: Responsabilidade social ,Reconhecer riscos relacionados à Gestão ESG.,Ser responsável.,Compreender a importância da responsabilidade social nas organizações.,3.Programas de responsabilidade social
X,4,T,"Análise e melhoria de processos; Capacidade para apoiar o Planejamento Estratégico de Produção que alinhe as metas de produção com os recursos disponíveis, buscando a eficiência operacional; Apoio na gestão da Cadeia de Suprimentos desde a aquisição de matérias-primas até a entrega do produto final, incluindo logística e distribuição; Habilidade em identificar, avaliar e mitigar riscos potenciais associados a operações e projetos, aplicando metodologias para prever incertezas e desenvolver estratégias de resposta.","Cooperação - Viver em harmonia com os outros e valorizar a interconexão entre todas as pessoas;
Assertividade - Ser capaz de expressar opiniões, necessidades e sentimentos com confiança e exercer influência social;
Tolerância ao estresse - Ter eficácia na modulação da ansiedade e capacidade de resolver problemas com calma;
Empatia - Compreender e preocupar-se com os outros e com o seu bem-estar. Valorizar e investir no relacionamento próximo.",Gestão de Operações,C3,4,Gerenciamento de Riscos e Incertezas,U9,23,Princípios ESG,Aula 4: Governança corporativa,Reconhecer riscos relacionados à Gestão ESG.,Ser responsável.,Compreender a importância de princípios éticos no ambiente administrativo.,4. Ética e Compliance
,Recomposição da Aprendizagem,,,,,,,,,,,,,,,
,4,P,"Análise e melhoria de processos; Capacidade para apoiar o Planejamento Estratégico de Produção que alinhe as metas de produção com os recursos disponíveis, buscando a eficiência operacional; Apoio na gestão da Cadeia de Suprimentos desde a aquisição de matérias-primas até a entrega do produto final, incluindo logística e distribuição; Habilidade em identificar, avaliar e mitigar riscos potenciais associados a operações e projetos, aplicando metodologias para prever incertezas e desenvolver estratégias de resposta.","Cooperação - Viver em harmonia com os outros e valorizar a interconexão entre todas as pessoas;
Assertividade - Ser capaz de expressar opiniões, necessidades e sentimentos com confiança e exercer influência social;
Tolerância ao estresse - Ter eficácia na modulação da ansiedade e capacidade de resolver problemas com calma;
Empatia - Compreender e preocupar-se com os outros e com o seu bem-estar. Valorizar e investir no relacionamento próximo.",Gestão de Operações,C3,4,Gerenciamento de Riscos e Incertezas,U9,24,Riscos – Estudos de Casos,Aula 1: Estudo de caso – ISO 9001,Praticar a identificação de riscos relacionados à Ética Corporativa.,Pensar criticamente sobre o impacto/consequências de ações tomadas para o meio ambiente.,Aplicar os princípios da Norma ISO 9001.,1. NORMA ISO 9001
,4,P,"Análise e melhoria de processos; Capacidade para apoiar o Planejamento Estratégico de Produção que alinhe as metas de produção com os recursos disponíveis, buscando a eficiência operacional; Apoio na gestão da Cadeia de Suprimentos desde a aquisição de matérias-primas até a entrega do produto final, incluindo logística e distribuição; Habilidade em identificar, avaliar e mitigar riscos potenciais associados a operações e projetos, aplicando metodologias para prever incertezas e desenvolver estratégias de resposta.","Cooperação - Viver em harmonia com os outros e valorizar a interconexão entre todas as pessoas;
Assertividade - Ser capaz de expressar opiniões, necessidades e sentimentos com confiança e exercer influência social;
Tolerância ao estresse - Ter eficácia na modulação da ansiedade e capacidade de resolver problemas com calma;
Empatia - Compreender e preocupar-se com os outros e com o seu bem-estar. Valorizar e investir no relacionamento próximo.",Gestão de Operações,C3,4,Gerenciamento de Riscos e Incertezas,U9,24,Riscos – Estudos de Casos,Aula 2: Estudo de caso – ISO 14001,Praticar a identificação de riscos relacionados à Ética Corporativa.,Pensar criticamente sobre o impacto/consequências de ações tomadas para o meio ambiente.,Aplicar os princípios da Norma ISO 14001.,2. NORMA ISO 14001
,4,P,"Análise e melhoria de processos; Capacidade para apoiar o Planejamento Estratégico de Produção que alinhe as metas de produção com os recursos disponíveis, buscando a eficiência operacional; Apoio na gestão da Cadeia de Suprimentos desde a aquisição de matérias-primas até a entrega do produto final, incluindo logística e distribuição; Habilidade em identificar, avaliar e mitigar riscos potenciais associados a operações e projetos, aplicando metodologias para prever incertezas e desenvolver estratégias de resposta.","Cooperação - Viver em harmonia com os outros e valorizar a interconexão entre todas as pessoas;
Assertividade - Ser capaz de expressar opiniões, necessidades e sentimentos com confiança e exercer influência social;
Tolerância ao estresse - Ter eficácia na modulação da ansiedade e capacidade de resolver problemas com calma;
Empatia - Compreender e preocupar-se com os outros e com o seu bem-estar. Valorizar e investir no relacionamento próximo.",Gestão de Operações,C3,4,Gerenciamento de Riscos e Incertezas,U9,24,Riscos – Estudos de Casos,Aula 3: Gestão de resíduos e sustentabilidade ambiental,Praticar a identificação de riscos relacionados à Ética Corporativa.,Pensar criticamente sobre o impacto/consequências de ações tomadas para o meio ambiente.,Praticar planos de reciclagem em contexto organizacional.,3. 4 Rs da reciclagem 
,4,P,"Análise e melhoria de processos; Capacidade para apoiar o Planejamento Estratégico de Produção que alinhe as metas de produção com os recursos disponíveis, buscando a eficiência operacional; Apoio na gestão da Cadeia de Suprimentos desde a aquisição de matérias-primas até a entrega do produto final, incluindo logística e distribuição; Habilidade em identificar, avaliar e mitigar riscos potenciais associados a operações e projetos, aplicando metodologias para prever incertezas e desenvolver estratégias de resposta.","Cooperação - Viver em harmonia com os outros e valorizar a interconexão entre todas as pessoas;
Assertividade - Ser capaz de expressar opiniões, necessidades e sentimentos com confiança e exercer influência social;
Tolerância ao estresse - Ter eficácia na modulação da ansiedade e capacidade de resolver problemas com calma;
Empatia - Compreender e preocupar-se com os outros e com o seu bem-estar. Valorizar e investir no relacionamento próximo.",Gestão de Operações,C3,4,Gerenciamento de Riscos e Incertezas,U9,24,Riscos – Estudos de Casos,Aula 4:  Estudo de caso – Ética Corporativa,Praticar a identificação de riscos relacionados à Ética Corporativa.,Pensar criticamente sobre o impacto/consequências de ações tomadas para o meio ambiente.,Praticar a identificação de riscos em contextos organizacionais.,4. Ética e Compliance
,4,T,"Análise e melhoria de processos; Capacidade para apoiar o Planejamento Estratégico de Produção que alinhe as metas de produção com os recursos disponíveis, buscando a eficiência operacional; Apoio na gestão da Cadeia de Suprimentos desde a aquisição de matérias-primas até a entrega do produto final, incluindo logística e distribuição; Habilidade em identificar, avaliar e mitigar riscos potenciais associados a operações e projetos, aplicando metodologias para prever incertezas e desenvolver estratégias de resposta.","Cooperação - Viver em harmonia com os outros e valorizar a interconexão entre todas as pessoas;
Assertividade - Ser capaz de expressar opiniões, necessidades e sentimentos com confiança e exercer influência social;
Tolerância ao estresse - Ter eficácia na modulação da ansiedade e capacidade de resolver problemas com calma;
Empatia - Compreender e preocupar-se com os outros e com o seu bem-estar. Valorizar e investir no relacionamento próximo.",Gestão de Operações,C3,4,Metodologias Ágeis e Gestão de Equipes Multifuncionais,U10,25,Fundamentos das Metodologias Ágeis,Aula 1: Conceitos das Metodologias Ágeis (parte 1),Auxiliar na execução dos Sprints de projeto para o desenvolvimento de Metodologias Ágeis.,Cooperar e valorizar a interconexão entre pessoas.,Conhecer os métodos ágeis de gestão de projetos.,1. Apresentação das Metodologias Ágeis
,4,T,"Análise e melhoria de processos; Capacidade para apoiar o Planejamento Estratégico de Produção que alinhe as metas de produção com os recursos disponíveis, buscando a eficiência operacional; Apoio na gestão da Cadeia de Suprimentos desde a aquisição de matérias-primas até a entrega do produto final, incluindo logística e distribuição; Habilidade em identificar, avaliar e mitigar riscos potenciais associados a operações e projetos, aplicando metodologias para prever incertezas e desenvolver estratégias de resposta.","Cooperação - Viver em harmonia com os outros e valorizar a interconexão entre todas as pessoas;
Assertividade - Ser capaz de expressar opiniões, necessidades e sentimentos com confiança e exercer influência social;
Tolerância ao estresse - Ter eficácia na modulação da ansiedade e capacidade de resolver problemas com calma;
Empatia - Compreender e preocupar-se com os outros e com o seu bem-estar. Valorizar e investir no relacionamento próximo.",Gestão de Operações,C3,4,Metodologias Ágeis e Gestão de Equipes Multifuncionais,U10,25,Fundamentos das Metodologias Ágeis,Aula 2: Conceitos das Metodologias Ágeis (parte 2),Auxiliar na execução dos Sprints de projeto para o desenvolvimento de Metodologias Ágeis.,Cooperar e valorizar a interconexão entre pessoas.,Conhecer as principais diferenças entre métodos de gestão de projetos.,2. Diferenciais das Metodologias Ágeis
,4,T,"Análise e melhoria de processos; Capacidade para apoiar o Planejamento Estratégico de Produção que alinhe as metas de produção com os recursos disponíveis, buscando a eficiência operacional; Apoio na gestão da Cadeia de Suprimentos desde a aquisição de matérias-primas até a entrega do produto final, incluindo logística e distribuição; Habilidade em identificar, avaliar e mitigar riscos potenciais associados a operações e projetos, aplicando metodologias para prever incertezas e desenvolver estratégias de resposta.","Cooperação - Viver em harmonia com os outros e valorizar a interconexão entre todas as pessoas;
Assertividade - Ser capaz de expressar opiniões, necessidades e sentimentos com confiança e exercer influência social;
Tolerância ao estresse - Ter eficácia na modulação da ansiedade e capacidade de resolver problemas com calma;
Empatia - Compreender e preocupar-se com os outros e com o seu bem-estar. Valorizar e investir no relacionamento próximo.",Gestão de Operações,C3,4,Metodologias Ágeis e Gestão de Equipes Multifuncionais,U10,25,Fundamentos das Metodologias Ágeis,Aula 3: Estrutura Scrum – equipe,Auxiliar na execução dos Sprints de projeto para o desenvolvimento de Metodologias Ágeis.,Cooperar e valorizar a interconexão entre pessoas.,Compreender a importância da estrutura de equipe de projetos.,3. Equipe de projeto
,4,T,"Análise e melhoria de processos; Capacidade para apoiar o Planejamento Estratégico de Produção que alinhe as metas de produção com os recursos disponíveis, buscando a eficiência operacional; Apoio na gestão da Cadeia de Suprimentos desde a aquisição de matérias-primas até a entrega do produto final, incluindo logística e distribuição; Habilidade em identificar, avaliar e mitigar riscos potenciais associados a operações e projetos, aplicando metodologias para prever incertezas e desenvolver estratégias de resposta.","Cooperação - Viver em harmonia com os outros e valorizar a interconexão entre todas as pessoas;
Assertividade - Ser capaz de expressar opiniões, necessidades e sentimentos com confiança e exercer influência social;
Tolerância ao estresse - Ter eficácia na modulação da ansiedade e capacidade de resolver problemas com calma;
Empatia - Compreender e preocupar-se com os outros e com o seu bem-estar. Valorizar e investir no relacionamento próximo.",Gestão de Operações,C3,4,Metodologias Ágeis e Gestão de Equipes Multifuncionais,U10,25,Fundamentos das Metodologias Ágeis,Aula 4: Estrutura Scrum – rotina (parte 1),Auxiliar na execução dos Sprints de projeto para o desenvolvimento de Metodologias Ágeis.,Cooperar e valorizar a interconexão entre pessoas.,Compreender a rotina de metodologias ágeis.,4. Rotina do Scrum
,Recomposição da Aprendizagem,,,,,,,,,,,,,,,
,4,T,"Análise e melhoria de processos; Capacidade para apoiar o Planejamento Estratégico de Produção que alinhe as metas de produção com os recursos disponíveis, buscando a eficiência operacional; Apoio na gestão da Cadeia de Suprimentos desde a aquisição de matérias-primas até a entrega do produto final, incluindo logística e distribuição; Habilidade em identificar, avaliar e mitigar riscos potenciais associados a operações e projetos, aplicando metodologias para prever incertezas e desenvolver estratégias de resposta.","Cooperação - Viver em harmonia com os outros e valorizar a interconexão entre todas as pessoas;
Assertividade - Ser capaz de expressar opiniões, necessidades e sentimentos com confiança e exercer influência social;
Tolerância ao estresse - Ter eficácia na modulação da ansiedade e capacidade de resolver problemas com calma;
Empatia - Compreender e preocupar-se com os outros e com o seu bem-estar. Valorizar e investir no relacionamento próximo.",Gestão de Operações,C3,4,Metodologias Ágeis e Gestão de Equipes Multifuncionais,U10,26,Fundamentos das Metodologias Ágeis,Aula 1: Estrutura Scrum – rotina (parte 2),Reconhecer o conceito e ferramentas de gestão de projeto.,Apresentar senso de organização.,Compreender a rotina de gestão ágil.,1. Rotina do Scrum
,4,T,"Análise e melhoria de processos; Capacidade para apoiar o Planejamento Estratégico de Produção que alinhe as metas de produção com os recursos disponíveis, buscando a eficiência operacional; Apoio na gestão da Cadeia de Suprimentos desde a aquisição de matérias-primas até a entrega do produto final, incluindo logística e distribuição; Habilidade em identificar, avaliar e mitigar riscos potenciais associados a operações e projetos, aplicando metodologias para prever incertezas e desenvolver estratégias de resposta.","Cooperação - Viver em harmonia com os outros e valorizar a interconexão entre todas as pessoas;
Assertividade - Ser capaz de expressar opiniões, necessidades e sentimentos com confiança e exercer influência social;
Tolerância ao estresse - Ter eficácia na modulação da ansiedade e capacidade de resolver problemas com calma;
Empatia - Compreender e preocupar-se com os outros e com o seu bem-estar. Valorizar e investir no relacionamento próximo.",Gestão de Operações,C3,4,Metodologias Ágeis e Gestão de Equipes Multifuncionais,U10,26,Fundamentos das Metodologias Ágeis,Aula 2: Estrutura Scrum – artefatos,Reconhecer o conceito e ferramentas de gestão de projeto.,Apresentar senso de organização.,Compreender o uso de artefatos do Scrum.,2. Artefatos do Scrum      
,4,T,"Análise e melhoria de processos; Capacidade para apoiar o Planejamento Estratégico de Produção que alinhe as metas de produção com os recursos disponíveis, buscando a eficiência operacional; Apoio na gestão da Cadeia de Suprimentos desde a aquisição de matérias-primas até a entrega do produto final, incluindo logística e distribuição; Habilidade em identificar, avaliar e mitigar riscos potenciais associados a operações e projetos, aplicando metodologias para prever incertezas e desenvolver estratégias de resposta.","Cooperação - Viver em harmonia com os outros e valorizar a interconexão entre todas as pessoas;
Assertividade - Ser capaz de expressar opiniões, necessidades e sentimentos com confiança e exercer influência social;
Tolerância ao estresse - Ter eficácia na modulação da ansiedade e capacidade de resolver problemas com calma;
Empatia - Compreender e preocupar-se com os outros e com o seu bem-estar. Valorizar e investir no relacionamento próximo.",Gestão de Operações,C3,4,Metodologias Ágeis e Gestão de Equipes Multifuncionais,U10,26,Fundamentos das Metodologias Ágeis,Aula 3: Kanban – princípios ,Reconhecer o conceito e ferramentas de gestão de projeto.,Apresentar senso de organização.,Conhecer o uso do quadro Kanban de projetos Scrum.,3. Princípios do Kanban
,4,T,"Análise e melhoria de processos; Capacidade para apoiar o Planejamento Estratégico de Produção que alinhe as metas de produção com os recursos disponíveis, buscando a eficiência operacional; Apoio na gestão da Cadeia de Suprimentos desde a aquisição de matérias-primas até a entrega do produto final, incluindo logística e distribuição; Habilidade em identificar, avaliar e mitigar riscos potenciais associados a operações e projetos, aplicando metodologias para prever incertezas e desenvolver estratégias de resposta.","Cooperação - Viver em harmonia com os outros e valorizar a interconexão entre todas as pessoas;
Assertividade - Ser capaz de expressar opiniões, necessidades e sentimentos com confiança e exercer influência social;
Tolerância ao estresse - Ter eficácia na modulação da ansiedade e capacidade de resolver problemas com calma;
Empatia - Compreender e preocupar-se com os outros e com o seu bem-estar. Valorizar e investir no relacionamento próximo.",Gestão de Operações,C3,4,Metodologias Ágeis e Gestão de Equipes Multifuncionais,U10,26,Fundamentos das Metodologias Ágeis,Aula 4: Kanban – práticas,Reconhecer o conceito e ferramentas de gestão de projeto.,Apresentar senso de organização.,Compreender a dinâmica do uso do quadro Kanban.,4. Mudanças no escopo de projeto
,4,P,"Análise e melhoria de processos; Capacidade para apoiar o Planejamento Estratégico de Produção que alinhe as metas de produção com os recursos disponíveis, buscando a eficiência operacional; Apoio na gestão da Cadeia de Suprimentos desde a aquisição de matérias-primas até a entrega do produto final, incluindo logística e distribuição; Habilidade em identificar, avaliar e mitigar riscos potenciais associados a operações e projetos, aplicando metodologias para prever incertezas e desenvolver estratégias de resposta.","Cooperação - Viver em harmonia com os outros e valorizar a interconexão entre todas as pessoas;
Assertividade - Ser capaz de expressar opiniões, necessidades e sentimentos com confiança e exercer influência social;
Tolerância ao estresse - Ter eficácia na modulação da ansiedade e capacidade de resolver problemas com calma;
Empatia - Compreender e preocupar-se com os outros e com o seu bem-estar. Valorizar e investir no relacionamento próximo.",Gestão de Operações,C3,4,Metodologias Ágeis e Gestão de Equipes Multifuncionais,U10,27,Dinâmica de Equipes Multifuncionais,Aula 1: Prática – Projeto Scrum: definição de papéis,"Reconhecer a importância do gerenciamento de recursos de um projeto, registrando as lições aprendidas.",Estimular o senso crítico de análise e reflexão.,Entender as responsabilidades e as funções dos integrantes da equipe de projetos.,1. Estrutura e papéis no Scrum
,4,P,"Análise e melhoria de processos; Capacidade para apoiar o Planejamento Estratégico de Produção que alinhe as metas de produção com os recursos disponíveis, buscando a eficiência operacional; Apoio na gestão da Cadeia de Suprimentos desde a aquisição de matérias-primas até a entrega do produto final, incluindo logística e distribuição; Habilidade em identificar, avaliar e mitigar riscos potenciais associados a operações e projetos, aplicando metodologias para prever incertezas e desenvolver estratégias de resposta.","Cooperação - Viver em harmonia com os outros e valorizar a interconexão entre todas as pessoas;
Assertividade - Ser capaz de expressar opiniões, necessidades e sentimentos com confiança e exercer influência social;
Tolerância ao estresse - Ter eficácia na modulação da ansiedade e capacidade de resolver problemas com calma;
Empatia - Compreender e preocupar-se com os outros e com o seu bem-estar. Valorizar e investir no relacionamento próximo.",Gestão de Operações,C3,4,Metodologias Ágeis e Gestão de Equipes Multifuncionais,U10,27,Dinâmica de Equipes Multifuncionais,Aula 2: Prática – Projeto Scrum: definição das entregas ,"Reconhecer a importância do gerenciamento de recursos de um projeto, registrando as lições aprendidas.",Estimular o senso crítico de análise e reflexão.,Compreender a importância de cumprir as datas de entrega dos projetos.,2. Entregáveis do projeto
,4,P,"Análise e melhoria de processos; Capacidade para apoiar o Planejamento Estratégico de Produção que alinhe as metas de produção com os recursos disponíveis, buscando a eficiência operacional; Apoio na gestão da Cadeia de Suprimentos desde a aquisição de matérias-primas até a entrega do produto final, incluindo logística e distribuição; Habilidade em identificar, avaliar e mitigar riscos potenciais associados a operações e projetos, aplicando metodologias para prever incertezas e desenvolver estratégias de resposta.","Cooperação - Viver em harmonia com os outros e valorizar a interconexão entre todas as pessoas;
Assertividade - Ser capaz de expressar opiniões, necessidades e sentimentos com confiança e exercer influência social;
Tolerância ao estresse - Ter eficácia na modulação da ansiedade e capacidade de resolver problemas com calma;
Empatia - Compreender e preocupar-se com os outros e com o seu bem-estar. Valorizar e investir no relacionamento próximo.",Gestão de Operações,C3,4,Metodologias Ágeis e Gestão de Equipes Multifuncionais,U10,27,Dinâmica de Equipes Multifuncionais,Aula 3: Prática – Projeto Scrum: execução e kanban,"Reconhecer a importância do gerenciamento de recursos de um projeto, registrando as lições aprendidas.",Estimular o senso crítico de análise e reflexão.,AEntender as necessidades de mudanças de escopo de projeto e seus efeitos.,3. Práticas do Kanban
,4,P,"Análise e melhoria de processos; Capacidade para apoiar o Planejamento Estratégico de Produção que alinhe as metas de produção com os recursos disponíveis, buscando a eficiência operacional; Apoio na gestão da Cadeia de Suprimentos desde a aquisição de matérias-primas até a entrega do produto final, incluindo logística e distribuição; Habilidade em identificar, avaliar e mitigar riscos potenciais associados a operações e projetos, aplicando metodologias para prever incertezas e desenvolver estratégias de resposta.","Cooperação - Viver em harmonia com os outros e valorizar a interconexão entre todas as pessoas;
Assertividade - Ser capaz de expressar opiniões, necessidades e sentimentos com confiança e exercer influência social;
Tolerância ao estresse - Ter eficácia na modulação da ansiedade e capacidade de resolver problemas com calma;
Empatia - Compreender e preocupar-se com os outros e com o seu bem-estar. Valorizar e investir no relacionamento próximo.",Gestão de Operações,C3,4,Metodologias Ágeis e Gestão de Equipes Multifuncionais,U10,27,Dinâmica de Equipes Multifuncionais,Aula 4: Prática – Projeto Scrum: lições aprendidas,"Reconhecer a importância do gerenciamento de recursos de um projeto, registrando as lições aprendidas.",Estimular o senso crítico de análise e reflexão.,Registrar as lições aprendidas ao final do projeto.,4. Lições aprendidas
,Recomposição da Aprendizagem,,,,,,,,,,,,,,,
,4,P,"Análise e melhoria de processos; Capacidade para apoiar o Planejamento Estratégico de Produção que alinhe as metas de produção com os recursos disponíveis, buscando a eficiência operacional; Apoio na gestão da Cadeia de Suprimentos desde a aquisição de matérias-primas até a entrega do produto final, incluindo logística e distribuição; Habilidade em identificar, avaliar e mitigar riscos potenciais associados a operações e projetos, aplicando metodologias para prever incertezas e desenvolver estratégias de resposta.","Cooperação - Viver em harmonia com os outros e valorizar a interconexão entre todas as pessoas;
Assertividade - Ser capaz de expressar opiniões, necessidades e sentimentos com confiança e exercer influência social;
Tolerância ao estresse - Ter eficácia na modulação da ansiedade e capacidade de resolver problemas com calma;
Empatia - Compreender e preocupar-se com os outros e com o seu bem-estar. Valorizar e investir no relacionamento próximo.",Gestão de Operações,C3,4,Metodologias Ágeis e Gestão de Equipes Multifuncionais,U10,28,Dinâmica de Equipes Multifuncionais,Aula 1: Prática – Projeto Scrum 4Rs: escolha de oportunidade na comunidade,Elaborar relatório final de projeto.,Cooperar e valorizar a interconexão entre pessoas.,Elaborar Carta de Projeto com base no escopo proposto.,1. Definição do escopo de projeto
,4,P,"Análise e melhoria de processos; Capacidade para apoiar o Planejamento Estratégico de Produção que alinhe as metas de produção com os recursos disponíveis, buscando a eficiência operacional; Apoio na gestão da Cadeia de Suprimentos desde a aquisição de matérias-primas até a entrega do produto final, incluindo logística e distribuição; Habilidade em identificar, avaliar e mitigar riscos potenciais associados a operações e projetos, aplicando metodologias para prever incertezas e desenvolver estratégias de resposta.","Cooperação - Viver em harmonia com os outros e valorizar a interconexão entre todas as pessoas;
Assertividade - Ser capaz de expressar opiniões, necessidades e sentimentos com confiança e exercer influência social;
Tolerância ao estresse - Ter eficácia na modulação da ansiedade e capacidade de resolver problemas com calma;
Empatia - Compreender e preocupar-se com os outros e com o seu bem-estar. Valorizar e investir no relacionamento próximo.",Gestão de Operações,C3,4,Metodologias Ágeis e Gestão de Equipes Multifuncionais,U10,28,Dinâmica de Equipes Multifuncionais,Aula 2: Prática – Projeto Scrum: definição de papéis e  entregas ,Elaborar relatório final de projeto.,Cooperar e valorizar a interconexão entre pessoas.,Elaborar Rede Pert-CPM para projeto proposto.,2. Estrutura e papéis no Scrum
,4,P,"Análise e melhoria de processos; Capacidade para apoiar o Planejamento Estratégico de Produção que alinhe as metas de produção com os recursos disponíveis, buscando a eficiência operacional; Apoio na gestão da Cadeia de Suprimentos desde a aquisição de matérias-primas até a entrega do produto final, incluindo logística e distribuição; Habilidade em identificar, avaliar e mitigar riscos potenciais associados a operações e projetos, aplicando metodologias para prever incertezas e desenvolver estratégias de resposta.","Cooperação - Viver em harmonia com os outros e valorizar a interconexão entre todas as pessoas;
Assertividade - Ser capaz de expressar opiniões, necessidades e sentimentos com confiança e exercer influência social;
Tolerância ao estresse - Ter eficácia na modulação da ansiedade e capacidade de resolver problemas com calma;
Empatia - Compreender e preocupar-se com os outros e com o seu bem-estar. Valorizar e investir no relacionamento próximo.",Gestão de Operações,C3,4,Metodologias Ágeis e Gestão de Equipes Multifuncionais,U10,28,Dinâmica de Equipes Multifuncionais,Aula 3: Prática – Projeto Scrum: execução e kanban,Elaborar relatório final de projeto.,Cooperar e valorizar a interconexão entre pessoas.,Elaborar quadro Kanban na proposta de projeto.,3. Práticas do Kanban
,4,P,"Análise e melhoria de processos; Capacidade para apoiar o Planejamento Estratégico de Produção que alinhe as metas de produção com os recursos disponíveis, buscando a eficiência operacional; Apoio na gestão da Cadeia de Suprimentos desde a aquisição de matérias-primas até a entrega do produto final, incluindo logística e distribuição; Habilidade em identificar, avaliar e mitigar riscos potenciais associados a operações e projetos, aplicando metodologias para prever incertezas e desenvolver estratégias de resposta.","Cooperação - Viver em harmonia com os outros e valorizar a interconexão entre todas as pessoas;
Assertividade - Ser capaz de expressar opiniões, necessidades e sentimentos com confiança e exercer influência social;
Tolerância ao estresse - Ter eficácia na modulação da ansiedade e capacidade de resolver problemas com calma;
Empatia - Compreender e preocupar-se com os outros e com o seu bem-estar. Valorizar e investir no relacionamento próximo.",Gestão de Operações,C3,4,Metodologias Ágeis e Gestão de Equipes Multifuncionais,U10,28,Dinâmica de Equipes Multifuncionais,Aula 4:  Prática – Projeto Scrum: lições aprendidas,Elaborar relatório final de projeto.,Cooperar e valorizar a interconexão entre pessoas.,"Avaliar diferenças entre o planejamento e os resultados apresentados, analisar e identificar possíveis causas raízes. ",4. Lições aprendidas
,1,T,"Capacidade de apoiar o desenvolvimento e/ou a melhoria de produtos ou serviços inovadores que atendam às necessidades emergentes do mercado ou que introduzam novas funcionalidades e melhorias sobre os existentes; Habilidade em integrar e aplicar tecnologias emergentes no desenvolvimento de produtos, processos ou modelos de negócios, buscando soluções eficientes e competitivas; Identificar possibilidades em desenvolver e implementar modelos de negócios sustentáveis e escaláveis que capitalizem oportunidades de mercado e maximizem o valor para os stakeholders; Utilizar ferramentas de Design Thinking e Canvas para a solução de problemas complexos de forma criativa e centrada no usuário, bem como habilidade no uso do Business Model Canvas para a visualização estratégica de componentes-chave de um negócio; Identificar e compreender processos de mudança organizacional, que reverberam na eficácia da implementação de inovações.","Curiosidade - Ser interessado em ideias e ter paixão por aprender, compreensão e exploração intelectual; uma mentalidade curiosa;
Criatividade - Gerar novas maneiras de fazer ou pensar sobre as coisas por meio de exploração, aprendizagem a partir do fracasso, insight e visão;
Persistência - Ser capaz de perseverar em tarefas e atividades até que sejam concluídas;
Cooperação - Viver em harmonia com os outros e valorizar a interconexão entre todas as pessoas;
Tolerância ao estresse - Ter eficácia na modulação da ansiedade e capacidade de resolver problemas com calma;
Motivação de realização - Estabelecer padrões elevados para si mesmo e trabalhar muito para alcançá-los.", e Desenvolvimento de Negócios,C4,3, e Tecnologia,U1,1,Conceitos Fundamentais de ,Aula 1: : definição e importância,Reconhecer oportunidades de negócios.,"Demonstrar interesse por novas ideias, conceitos e abordagens.",Reconhecer diferentes definições de .,1. Definição e importância da 
,1,T,"Capacidade de apoiar o desenvolvimento e/ou a melhoria de produtos ou serviços inovadores que atendam às necessidades emergentes do mercado ou que introduzam novas funcionalidades e melhorias sobre os existentes; Habilidade em integrar e aplicar tecnologias emergentes no desenvolvimento de produtos, processos ou modelos de negócios, buscando soluções eficientes e competitivas; Identificar possibilidades em desenvolver e implementar modelos de negócios sustentáveis e escaláveis que capitalizem oportunidades de mercado e maximizem o valor para os stakeholders; Utilizar ferramentas de Design Thinking e Canvas para a solução de problemas complexos de forma criativa e centrada no usuário, bem como habilidade no uso do Business Model Canvas para a visualização estratégica de componentes-chave de um negócio; Identificar e compreender processos de mudança organizacional, que reverberam na eficácia da implementação de inovações.","Curiosidade - Ser interessado em ideias e ter paixão por aprender, compreensão e exploração intelectual; uma mentalidade curiosa;
Criatividade - Gerar novas maneiras de fazer ou pensar sobre as coisas por meio de exploração, aprendizagem a partir do fracasso, insight e visão;
Persistência - Ser capaz de perseverar em tarefas e atividades até que sejam concluídas;
Cooperação - Viver em harmonia com os outros e valorizar a interconexão entre todas as pessoas;
Tolerância ao estresse - Ter eficácia na modulação da ansiedade e capacidade de resolver problemas com calma;
Motivação de realização - Estabelecer padrões elevados para si mesmo e trabalhar muito para alcançá-los.", e Desenvolvimento de Negócios,C4,3, e Tecnologia,U1,1,Conceitos Fundamentais de ,Aula 2: Elementos-chave da ,Reconhecer oportunidades de negócios.,"Demonstrar interesse por novas ideias, conceitos e abordagens.",Reconhecer elementos-chave da .,2. Componentes e estratégias para 
,1,T,"Capacidade de apoiar o desenvolvimento e/ou a melhoria de produtos ou serviços inovadores que atendam às necessidades emergentes do mercado ou que introduzam novas funcionalidades e melhorias sobre os existentes; Habilidade em integrar e aplicar tecnologias emergentes no desenvolvimento de produtos, processos ou modelos de negócios, buscando soluções eficientes e competitivas; Identificar possibilidades em desenvolver e implementar modelos de negócios sustentáveis e escaláveis que capitalizem oportunidades de mercado e maximizem o valor para os stakeholders; Utilizar ferramentas de Design Thinking e Canvas para a solução de problemas complexos de forma criativa e centrada no usuário, bem como habilidade no uso do Business Model Canvas para a visualização estratégica de componentes-chave de um negócio; Identificar e compreender processos de mudança organizacional, que reverberam na eficácia da implementação de inovações.","Curiosidade - Ser interessado em ideias e ter paixão por aprender, compreensão e exploração intelectual; uma mentalidade curiosa;
Criatividade - Gerar novas maneiras de fazer ou pensar sobre as coisas por meio de exploração, aprendizagem a partir do fracasso, insight e visão;
Persistência - Ser capaz de perseverar em tarefas e atividades até que sejam concluídas;
Cooperação - Viver em harmonia com os outros e valorizar a interconexão entre todas as pessoas;
Tolerância ao estresse - Ter eficácia na modulação da ansiedade e capacidade de resolver problemas com calma;
Motivação de realização - Estabelecer padrões elevados para si mesmo e trabalhar muito para alcançá-los.", e Desenvolvimento de Negócios,C4,3, e Tecnologia,U1,1,Conceitos Fundamentais de ,Aula 3: Ciclo de vida da ,Reconhecer oportunidades de negócios.,"Demonstrar interesse por novas ideias, conceitos e abordagens.",Idear oportunidades de negócios.,3. Ciclo de vida da 
,1,T,"Capacidade de apoiar o desenvolvimento e/ou a melhoria de produtos ou serviços inovadores que atendam às necessidades emergentes do mercado ou que introduzam novas funcionalidades e melhorias sobre os existentes; Habilidade em integrar e aplicar tecnologias emergentes no desenvolvimento de produtos, processos ou modelos de negócios, buscando soluções eficientes e competitivas; Identificar possibilidades em desenvolver e implementar modelos de negócios sustentáveis e escaláveis que capitalizem oportunidades de mercado e maximizem o valor para os stakeholders; Utilizar ferramentas de Design Thinking e Canvas para a solução de problemas complexos de forma criativa e centrada no usuário, bem como habilidade no uso do Business Model Canvas para a visualização estratégica de componentes-chave de um negócio; Identificar e compreender processos de mudança organizacional, que reverberam na eficácia da implementação de inovações.","Curiosidade - Ser interessado em ideias e ter paixão por aprender, compreensão e exploração intelectual; uma mentalidade curiosa;
Criatividade - Gerar novas maneiras de fazer ou pensar sobre as coisas por meio de exploração, aprendizagem a partir do fracasso, insight e visão;
Persistência - Ser capaz de perseverar em tarefas e atividades até que sejam concluídas;
Cooperação - Viver em harmonia com os outros e valorizar a interconexão entre todas as pessoas;
Tolerância ao estresse - Ter eficácia na modulação da ansiedade e capacidade de resolver problemas com calma;
Motivação de realização - Estabelecer padrões elevados para si mesmo e trabalhar muito para alcançá-los.", e Desenvolvimento de Negócios,C4,3, e Tecnologia,U1,2,Tipos de : Disruptiva x Incremental,Aula 1:  disruptiva: conceitos e exemplos,Reconhecer casos de .,Gerar novas soluções.,Reconhecer casos de  disruptiva.,1.  disruptiva
,1,T,"Capacidade de apoiar o desenvolvimento e/ou a melhoria de produtos ou serviços inovadores que atendam às necessidades emergentes do mercado ou que introduzam novas funcionalidades e melhorias sobre os existentes; Habilidade em integrar e aplicar tecnologias emergentes no desenvolvimento de produtos, processos ou modelos de negócios, buscando soluções eficientes e competitivas; Identificar possibilidades em desenvolver e implementar modelos de negócios sustentáveis e escaláveis que capitalizem oportunidades de mercado e maximizem o valor para os stakeholders; Utilizar ferramentas de Design Thinking e Canvas para a solução de problemas complexos de forma criativa e centrada no usuário, bem como habilidade no uso do Business Model Canvas para a visualização estratégica de componentes-chave de um negócio; Identificar e compreender processos de mudança organizacional, que reverberam na eficácia da implementação de inovações.","Curiosidade - Ser interessado em ideias e ter paixão por aprender, compreensão e exploração intelectual; uma mentalidade curiosa;
Criatividade - Gerar novas maneiras de fazer ou pensar sobre as coisas por meio de exploração, aprendizagem a partir do fracasso, insight e visão;
Persistência - Ser capaz de perseverar em tarefas e atividades até que sejam concluídas;
Cooperação - Viver em harmonia com os outros e valorizar a interconexão entre todas as pessoas;
Tolerância ao estresse - Ter eficácia na modulação da ansiedade e capacidade de resolver problemas com calma;
Motivação de realização - Estabelecer padrões elevados para si mesmo e trabalhar muito para alcançá-los.", e Desenvolvimento de Negócios,C4,3, e Tecnologia,U1,2,Tipos de : Disruptiva x Incremental,Aula 2:  incremental: estratégias e impactos,Reconhecer casos de .,Gerar novas soluções.,Reconhecer casos de  incremental.,2.  incremental
,1,T,"Capacidade de apoiar o desenvolvimento e/ou a melhoria de produtos ou serviços inovadores que atendam às necessidades emergentes do mercado ou que introduzam novas funcionalidades e melhorias sobre os existentes; Habilidade em integrar e aplicar tecnologias emergentes no desenvolvimento de produtos, processos ou modelos de negócios, buscando soluções eficientes e competitivas; Identificar possibilidades em desenvolver e implementar modelos de negócios sustentáveis e escaláveis que capitalizem oportunidades de mercado e maximizem o valor para os stakeholders; Utilizar ferramentas de Design Thinking e Canvas para a solução de problemas complexos de forma criativa e centrada no usuário, bem como habilidade no uso do Business Model Canvas para a visualização estratégica de componentes-chave de um negócio; Identificar e compreender processos de mudança organizacional, que reverberam na eficácia da implementação de inovações.","Curiosidade - Ser interessado em ideias e ter paixão por aprender, compreensão e exploração intelectual; uma mentalidade curiosa;
Criatividade - Gerar novas maneiras de fazer ou pensar sobre as coisas por meio de exploração, aprendizagem a partir do fracasso, insight e visão;
Persistência - Ser capaz de perseverar em tarefas e atividades até que sejam concluídas;
Cooperação - Viver em harmonia com os outros e valorizar a interconexão entre todas as pessoas;
Tolerância ao estresse - Ter eficácia na modulação da ansiedade e capacidade de resolver problemas com calma;
Motivação de realização - Estabelecer padrões elevados para si mesmo e trabalhar muito para alcançá-los.", e Desenvolvimento de Negócios,C4,3, e Tecnologia,U1,2,Tipos de : Disruptiva x Incremental,Aula 3: Comparando inovações incrementais,Reconhecer casos de .,Gerar novas soluções.,Identificar práticas de sustentabilidade.,3. Comparação entre inovações disruptivas e incrementais
X,1,P,"Capacidade de apoiar o desenvolvimento e/ou a melhoria de produtos ou serviços inovadores que atendam às necessidades emergentes do mercado ou que introduzam novas funcionalidades e melhorias sobre os existentes; Habilidade em integrar e aplicar tecnologias emergentes no desenvolvimento de produtos, processos ou modelos de negócios, buscando soluções eficientes e competitivas; Identificar possibilidades em desenvolver e implementar modelos de negócios sustentáveis e escaláveis que capitalizem oportunidades de mercado e maximizem o valor para os stakeholders; Utilizar ferramentas de Design Thinking e Canvas para a solução de problemas complexos de forma criativa e centrada no usuário, bem como habilidade no uso do Business Model Canvas para a visualização estratégica de componentes-chave de um negócio; Identificar e compreender processos de mudança organizacional, que reverberam na eficácia da implementação de inovações.","Curiosidade - Ser interessado em ideias e ter paixão por aprender, compreensão e exploração intelectual; uma mentalidade curiosa;
Criatividade - Gerar novas maneiras de fazer ou pensar sobre as coisas por meio de exploração, aprendizagem a partir do fracasso, insight e visão;
Persistência - Ser capaz de perseverar em tarefas e atividades até que sejam concluídas;
Cooperação - Viver em harmonia com os outros e valorizar a interconexão entre todas as pessoas;
Tolerância ao estresse - Ter eficácia na modulação da ansiedade e capacidade de resolver problemas com calma;
Motivação de realização - Estabelecer padrões elevados para si mesmo e trabalhar muito para alcançá-los.", e Desenvolvimento de Negócios,C4,3, e Tecnologia,U1,3,Análise de Casos de  Disruptiva,Aula 1:  disruptiva na prática (parte 1),Compreender os fatores que influenciam a viabilidade de novas ideias.,Trabalhar de forma colaborativa.,Analisar casos de  disruptiva.,1.  disruptiva
X,1,P,"Capacidade de apoiar o desenvolvimento e/ou a melhoria de produtos ou serviços inovadores que atendam às necessidades emergentes do mercado ou que introduzam novas funcionalidades e melhorias sobre os existentes; Habilidade em integrar e aplicar tecnologias emergentes no desenvolvimento de produtos, processos ou modelos de negócios, buscando soluções eficientes e competitivas; Identificar possibilidades em desenvolver e implementar modelos de negócios sustentáveis e escaláveis que capitalizem oportunidades de mercado e maximizem o valor para os stakeholders; Utilizar ferramentas de Design Thinking e Canvas para a solução de problemas complexos de forma criativa e centrada no usuário, bem como habilidade no uso do Business Model Canvas para a visualização estratégica de componentes-chave de um negócio; Identificar e compreender processos de mudança organizacional, que reverberam na eficácia da implementação de inovações.","Curiosidade - Ser interessado em ideias e ter paixão por aprender, compreensão e exploração intelectual; uma mentalidade curiosa;
Criatividade - Gerar novas maneiras de fazer ou pensar sobre as coisas por meio de exploração, aprendizagem a partir do fracasso, insight e visão;
Persistência - Ser capaz de perseverar em tarefas e atividades até que sejam concluídas;
Cooperação - Viver em harmonia com os outros e valorizar a interconexão entre todas as pessoas;
Tolerância ao estresse - Ter eficácia na modulação da ansiedade e capacidade de resolver problemas com calma;
Motivação de realização - Estabelecer padrões elevados para si mesmo e trabalhar muito para alcançá-los.", e Desenvolvimento de Negócios,C4,3, e Tecnologia,U1,3,Análise de Casos de  Disruptiva,Aula 2:  disruptiva na prática (parte 2),Compreender os fatores que influenciam a viabilidade de novas ideias.,Trabalhar de forma colaborativa.,Identificar tecnologias emergentes.,2. Tecnologias emergentes e modelos de negócios disruptivos
X,1,P,"Capacidade de apoiar o desenvolvimento e/ou a melhoria de produtos ou serviços inovadores que atendam às necessidades emergentes do mercado ou que introduzam novas funcionalidades e melhorias sobre os existentes; Habilidade em integrar e aplicar tecnologias emergentes no desenvolvimento de produtos, processos ou modelos de negócios, buscando soluções eficientes e competitivas; Identificar possibilidades em desenvolver e implementar modelos de negócios sustentáveis e escaláveis que capitalizem oportunidades de mercado e maximizem o valor para os stakeholders; Utilizar ferramentas de Design Thinking e Canvas para a solução de problemas complexos de forma criativa e centrada no usuário, bem como habilidade no uso do Business Model Canvas para a visualização estratégica de componentes-chave de um negócio; Identificar e compreender processos de mudança organizacional, que reverberam na eficácia da implementação de inovações.","Curiosidade - Ser interessado em ideias e ter paixão por aprender, compreensão e exploração intelectual; uma mentalidade curiosa;
Criatividade - Gerar novas maneiras de fazer ou pensar sobre as coisas por meio de exploração, aprendizagem a partir do fracasso, insight e visão;
Persistência - Ser capaz de perseverar em tarefas e atividades até que sejam concluídas;
Cooperação - Viver em harmonia com os outros e valorizar a interconexão entre todas as pessoas;
Tolerância ao estresse - Ter eficácia na modulação da ansiedade e capacidade de resolver problemas com calma;
Motivação de realização - Estabelecer padrões elevados para si mesmo e trabalhar muito para alcançá-los.", e Desenvolvimento de Negócios,C4,3, e Tecnologia,U1,3,Análise de Casos de  Disruptiva,Aula 3: Inovações disruptivas: impactos,Compreender os fatores que influenciam a viabilidade de novas ideias.,Trabalhar de forma colaborativa.,Reconhecer tendências de  e seus impactos.,3. Impacto econômico e social de inovações disruptivas
,Recomposição da Aprendizagem,,,,,,,,,,,,,,,
,1,T,"Capacidade de apoiar o desenvolvimento e/ou a melhoria de produtos ou serviços inovadores que atendam às necessidades emergentes do mercado ou que introduzam novas funcionalidades e melhorias sobre os existentes; Habilidade em integrar e aplicar tecnologias emergentes no desenvolvimento de produtos, processos ou modelos de negócios, buscando soluções eficientes e competitivas; Identificar possibilidades em desenvolver e implementar modelos de negócios sustentáveis e escaláveis que capitalizem oportunidades de mercado e maximizem o valor para os stakeholders; Utilizar ferramentas de Design Thinking e Canvas para a solução de problemas complexos de forma criativa e centrada no usuário, bem como habilidade no uso do Business Model Canvas para a visualização estratégica de componentes-chave de um negócio; Identificar e compreender processos de mudança organizacional, que reverberam na eficácia da implementação de inovações.","Curiosidade - Ser interessado em ideias e ter paixão por aprender, compreensão e exploração intelectual; uma mentalidade curiosa;
Criatividade - Gerar novas maneiras de fazer ou pensar sobre as coisas por meio de exploração, aprendizagem a partir do fracasso, insight e visão;
Persistência - Ser capaz de perseverar em tarefas e atividades até que sejam concluídas;
Cooperação - Viver em harmonia com os outros e valorizar a interconexão entre todas as pessoas;
Tolerância ao estresse - Ter eficácia na modulação da ansiedade e capacidade de resolver problemas com calma;
Motivação de realização - Estabelecer padrões elevados para si mesmo e trabalhar muito para alcançá-los.", e Desenvolvimento de Negócios,C4,3,Empreendedorismo e Modelos Empresariais,U5,4,Introdução ao Empreendedorismo,Aula 1: Empreendedorismo: conceitos e importância,Reconhecer aspectos do empreendedorismo.,"
Gerar soluções originais e inovadoras.",Reconhecer conceitos e importância do empreendedorismo.,1. Importância do empreendedorismo na sociedade
,1,T,"Capacidade de apoiar o desenvolvimento e/ou a melhoria de produtos ou serviços inovadores que atendam às necessidades emergentes do mercado ou que introduzam novas funcionalidades e melhorias sobre os existentes; Habilidade em integrar e aplicar tecnologias emergentes no desenvolvimento de produtos, processos ou modelos de negócios, buscando soluções eficientes e competitivas; Identificar possibilidades em desenvolver e implementar modelos de negócios sustentáveis e escaláveis que capitalizem oportunidades de mercado e maximizem o valor para os stakeholders; Utilizar ferramentas de Design Thinking e Canvas para a solução de problemas complexos de forma criativa e centrada no usuário, bem como habilidade no uso do Business Model Canvas para a visualização estratégica de componentes-chave de um negócio; Identificar e compreender processos de mudança organizacional, que reverberam na eficácia da implementação de inovações.","Curiosidade - Ser interessado em ideias e ter paixão por aprender, compreensão e exploração intelectual; uma mentalidade curiosa;
Criatividade - Gerar novas maneiras de fazer ou pensar sobre as coisas por meio de exploração, aprendizagem a partir do fracasso, insight e visão;
Persistência - Ser capaz de perseverar em tarefas e atividades até que sejam concluídas;
Cooperação - Viver em harmonia com os outros e valorizar a interconexão entre todas as pessoas;
Tolerância ao estresse - Ter eficácia na modulação da ansiedade e capacidade de resolver problemas com calma;
Motivação de realização - Estabelecer padrões elevados para si mesmo e trabalhar muito para alcançá-los.", e Desenvolvimento de Negócios,C4,3,Empreendedorismo e Modelos Empresariais,U5,4,Introdução ao Empreendedorismo,Aula 2: Características e habilidades do empreendedor,Reconhecer aspectos do empreendedorismo.,"
Gerar soluções originais e inovadoras.",Identificar características empreendedoras.,2. Desenvolvimento de habilidades empreendedoras
,1,T,"Capacidade de apoiar o desenvolvimento e/ou a melhoria de produtos ou serviços inovadores que atendam às necessidades emergentes do mercado ou que introduzam novas funcionalidades e melhorias sobre os existentes; Habilidade em integrar e aplicar tecnologias emergentes no desenvolvimento de produtos, processos ou modelos de negócios, buscando soluções eficientes e competitivas; Identificar possibilidades em desenvolver e implementar modelos de negócios sustentáveis e escaláveis que capitalizem oportunidades de mercado e maximizem o valor para os stakeholders; Utilizar ferramentas de Design Thinking e Canvas para a solução de problemas complexos de forma criativa e centrada no usuário, bem como habilidade no uso do Business Model Canvas para a visualização estratégica de componentes-chave de um negócio; Identificar e compreender processos de mudança organizacional, que reverberam na eficácia da implementação de inovações.","Curiosidade - Ser interessado em ideias e ter paixão por aprender, compreensão e exploração intelectual; uma mentalidade curiosa;
Criatividade - Gerar novas maneiras de fazer ou pensar sobre as coisas por meio de exploração, aprendizagem a partir do fracasso, insight e visão;
Persistência - Ser capaz de perseverar em tarefas e atividades até que sejam concluídas;
Cooperação - Viver em harmonia com os outros e valorizar a interconexão entre todas as pessoas;
Tolerância ao estresse - Ter eficácia na modulação da ansiedade e capacidade de resolver problemas com calma;
Motivação de realização - Estabelecer padrões elevados para si mesmo e trabalhar muito para alcançá-los.", e Desenvolvimento de Negócios,C4,3,Empreendedorismo e Modelos Empresariais,U5,4,Introdução ao Empreendedorismo,Aula 3: Identificação de oportunidades: da ideia ao negócio,Reconhecer aspectos do empreendedorismo.,"
Gerar soluções originais e inovadoras.",Empregar práticas de ideação.,3. Criação de ideias de negócios
,1,T,"Capacidade de apoiar o desenvolvimento e/ou a melhoria de produtos ou serviços inovadores que atendam às necessidades emergentes do mercado ou que introduzam novas funcionalidades e melhorias sobre os existentes; Habilidade em integrar e aplicar tecnologias emergentes no desenvolvimento de produtos, processos ou modelos de negócios, buscando soluções eficientes e competitivas; Identificar possibilidades em desenvolver e implementar modelos de negócios sustentáveis e escaláveis que capitalizem oportunidades de mercado e maximizem o valor para os stakeholders; Utilizar ferramentas de Design Thinking e Canvas para a solução de problemas complexos de forma criativa e centrada no usuário, bem como habilidade no uso do Business Model Canvas para a visualização estratégica de componentes-chave de um negócio; Identificar e compreender processos de mudança organizacional, que reverberam na eficácia da implementação de inovações.","Curiosidade - Ser interessado em ideias e ter paixão por aprender, compreensão e exploração intelectual; uma mentalidade curiosa;
Criatividade - Gerar novas maneiras de fazer ou pensar sobre as coisas por meio de exploração, aprendizagem a partir do fracasso, insight e visão;
Persistência - Ser capaz de perseverar em tarefas e atividades até que sejam concluídas;
Cooperação - Viver em harmonia com os outros e valorizar a interconexão entre todas as pessoas;
Tolerância ao estresse - Ter eficácia na modulação da ansiedade e capacidade de resolver problemas com calma;
Motivação de realização - Estabelecer padrões elevados para si mesmo e trabalhar muito para alcançá-los.", e Desenvolvimento de Negócios,C4,3,Empreendedorismo e Modelos Empresariais,U5,5,Processos Empreendedores,Aula 1: Etapas do empreendedorismo: da ideia ao mercado,Elaborar plano de negócios.,"
Gerar soluções originais e inovadoras.",Compreender a elaboração de plano de negócios.,1. Importância da validação de ideias no processo empreendedor
,1,T,"Capacidade de apoiar o desenvolvimento e/ou a melhoria de produtos ou serviços inovadores que atendam às necessidades emergentes do mercado ou que introduzam novas funcionalidades e melhorias sobre os existentes; Habilidade em integrar e aplicar tecnologias emergentes no desenvolvimento de produtos, processos ou modelos de negócios, buscando soluções eficientes e competitivas; Identificar possibilidades em desenvolver e implementar modelos de negócios sustentáveis e escaláveis que capitalizem oportunidades de mercado e maximizem o valor para os stakeholders; Utilizar ferramentas de Design Thinking e Canvas para a solução de problemas complexos de forma criativa e centrada no usuário, bem como habilidade no uso do Business Model Canvas para a visualização estratégica de componentes-chave de um negócio; Identificar e compreender processos de mudança organizacional, que reverberam na eficácia da implementação de inovações.","Curiosidade - Ser interessado em ideias e ter paixão por aprender, compreensão e exploração intelectual; uma mentalidade curiosa;
Criatividade - Gerar novas maneiras de fazer ou pensar sobre as coisas por meio de exploração, aprendizagem a partir do fracasso, insight e visão;
Persistência - Ser capaz de perseverar em tarefas e atividades até que sejam concluídas;
Cooperação - Viver em harmonia com os outros e valorizar a interconexão entre todas as pessoas;
Tolerância ao estresse - Ter eficácia na modulação da ansiedade e capacidade de resolver problemas com calma;
Motivação de realização - Estabelecer padrões elevados para si mesmo e trabalhar muito para alcançá-los.", e Desenvolvimento de Negócios,C4,3,Empreendedorismo e Modelos Empresariais,U5,5,Processos Empreendedores,Aula 2: Introdução à implementação de negócios,Elaborar plano de negócios.,"
Gerar soluções originais e inovadoras.",Compreender a elaboração de plano de negócios.,2. Estratégias de implementação de ideias de negócio
,1,T,"Capacidade de apoiar o desenvolvimento e/ou a melhoria de produtos ou serviços inovadores que atendam às necessidades emergentes do mercado ou que introduzam novas funcionalidades e melhorias sobre os existentes; Habilidade em integrar e aplicar tecnologias emergentes no desenvolvimento de produtos, processos ou modelos de negócios, buscando soluções eficientes e competitivas; Identificar possibilidades em desenvolver e implementar modelos de negócios sustentáveis e escaláveis que capitalizem oportunidades de mercado e maximizem o valor para os stakeholders; Utilizar ferramentas de Design Thinking e Canvas para a solução de problemas complexos de forma criativa e centrada no usuário, bem como habilidade no uso do Business Model Canvas para a visualização estratégica de componentes-chave de um negócio; Identificar e compreender processos de mudança organizacional, que reverberam na eficácia da implementação de inovações.","Curiosidade - Ser interessado em ideias e ter paixão por aprender, compreensão e exploração intelectual; uma mentalidade curiosa;
Criatividade - Gerar novas maneiras de fazer ou pensar sobre as coisas por meio de exploração, aprendizagem a partir do fracasso, insight e visão;
Persistência - Ser capaz de perseverar em tarefas e atividades até que sejam concluídas;
Cooperação - Viver em harmonia com os outros e valorizar a interconexão entre todas as pessoas;
Tolerância ao estresse - Ter eficácia na modulação da ansiedade e capacidade de resolver problemas com calma;
Motivação de realização - Estabelecer padrões elevados para si mesmo e trabalhar muito para alcançá-los.", e Desenvolvimento de Negócios,C4,3,Empreendedorismo e Modelos Empresariais,U5,5,Processos Empreendedores,Aula 3: Gestão e crescimento sustentável: desafios e oportunidades,Elaborar plano de negócios.,"
Gerar soluções originais e inovadoras.",Compreender a elaboração de plano de negócios.,3. Gestão e crescimento sustentável em pequenos negócios
,1,P,"Capacidade de apoiar o desenvolvimento e/ou a melhoria de produtos ou serviços inovadores que atendam às necessidades emergentes do mercado ou que introduzam novas funcionalidades e melhorias sobre os existentes; Habilidade em integrar e aplicar tecnologias emergentes no desenvolvimento de produtos, processos ou modelos de negócios, buscando soluções eficientes e competitivas; Identificar possibilidades em desenvolver e implementar modelos de negócios sustentáveis e escaláveis que capitalizem oportunidades de mercado e maximizem o valor para os stakeholders; Utilizar ferramentas de Design Thinking e Canvas para a solução de problemas complexos de forma criativa e centrada no usuário, bem como habilidade no uso do Business Model Canvas para a visualização estratégica de componentes-chave de um negócio; Identificar e compreender processos de mudança organizacional, que reverberam na eficácia da implementação de inovações.","Curiosidade - Ser interessado em ideias e ter paixão por aprender, compreensão e exploração intelectual; uma mentalidade curiosa;
Criatividade - Gerar novas maneiras de fazer ou pensar sobre as coisas por meio de exploração, aprendizagem a partir do fracasso, insight e visão;
Persistência - Ser capaz de perseverar em tarefas e atividades até que sejam concluídas;
Cooperação - Viver em harmonia com os outros e valorizar a interconexão entre todas as pessoas;
Tolerância ao estresse - Ter eficácia na modulação da ansiedade e capacidade de resolver problemas com calma;
Motivação de realização - Estabelecer padrões elevados para si mesmo e trabalhar muito para alcançá-los.", e Desenvolvimento de Negócios,C4,3,Empreendedorismo e Modelos Empresariais,U5,6,Plano de Negócios na Prática,Aula 1: Planejamento de negócios na prática,Elaborar plano de negócios.,Trabalhar em equipe.,Elaborar plano de negócios.,1. Elaborar plano de negócios
,1,P,"Capacidade de apoiar o desenvolvimento e/ou a melhoria de produtos ou serviços inovadores que atendam às necessidades emergentes do mercado ou que introduzam novas funcionalidades e melhorias sobre os existentes; Habilidade em integrar e aplicar tecnologias emergentes no desenvolvimento de produtos, processos ou modelos de negócios, buscando soluções eficientes e competitivas; Identificar possibilidades em desenvolver e implementar modelos de negócios sustentáveis e escaláveis que capitalizem oportunidades de mercado e maximizem o valor para os stakeholders; Utilizar ferramentas de Design Thinking e Canvas para a solução de problemas complexos de forma criativa e centrada no usuário, bem como habilidade no uso do Business Model Canvas para a visualização estratégica de componentes-chave de um negócio; Identificar e compreender processos de mudança organizacional, que reverberam na eficácia da implementação de inovações.","Curiosidade - Ser interessado em ideias e ter paixão por aprender, compreensão e exploração intelectual; uma mentalidade curiosa;
Criatividade - Gerar novas maneiras de fazer ou pensar sobre as coisas por meio de exploração, aprendizagem a partir do fracasso, insight e visão;
Persistência - Ser capaz de perseverar em tarefas e atividades até que sejam concluídas;
Cooperação - Viver em harmonia com os outros e valorizar a interconexão entre todas as pessoas;
Tolerância ao estresse - Ter eficácia na modulação da ansiedade e capacidade de resolver problemas com calma;
Motivação de realização - Estabelecer padrões elevados para si mesmo e trabalhar muito para alcançá-los.", e Desenvolvimento de Negócios,C4,3,Empreendedorismo e Modelos Empresariais,U5,6,Plano de Negócios na Prática,Aula 2:  e sustentabilidade,Elaborar plano de negócios.,Trabalhar em equipe.,Elaborar plano de negócios.,2.  e sustentabilidade no contexto empreendedor
,1,P,"Capacidade de apoiar o desenvolvimento e/ou a melhoria de produtos ou serviços inovadores que atendam às necessidades emergentes do mercado ou que introduzam novas funcionalidades e melhorias sobre os existentes; Habilidade em integrar e aplicar tecnologias emergentes no desenvolvimento de produtos, processos ou modelos de negócios, buscando soluções eficientes e competitivas; Identificar possibilidades em desenvolver e implementar modelos de negócios sustentáveis e escaláveis que capitalizem oportunidades de mercado e maximizem o valor para os stakeholders; Utilizar ferramentas de Design Thinking e Canvas para a solução de problemas complexos de forma criativa e centrada no usuário, bem como habilidade no uso do Business Model Canvas para a visualização estratégica de componentes-chave de um negócio; Identificar e compreender processos de mudança organizacional, que reverberam na eficácia da implementação de inovações.","Curiosidade - Ser interessado em ideias e ter paixão por aprender, compreensão e exploração intelectual; uma mentalidade curiosa;
Criatividade - Gerar novas maneiras de fazer ou pensar sobre as coisas por meio de exploração, aprendizagem a partir do fracasso, insight e visão;
Persistência - Ser capaz de perseverar em tarefas e atividades até que sejam concluídas;
Cooperação - Viver em harmonia com os outros e valorizar a interconexão entre todas as pessoas;
Tolerância ao estresse - Ter eficácia na modulação da ansiedade e capacidade de resolver problemas com calma;
Motivação de realização - Estabelecer padrões elevados para si mesmo e trabalhar muito para alcançá-los.", e Desenvolvimento de Negócios,C4,3,Empreendedorismo e Modelos Empresariais,U5,6,Plano de Negócios na Prática,Aula 3: Desenvolvimento de competências empreendedoras,Elaborar plano de negócios.,Trabalhar em equipe.,Elaborar plano de negócios.,3. Desenvolvimento de competências empreendedoras
,Recomposição da Aprendizagem,,,,,,,,,,,,,,,
,1,T,"Capacidade de apoiar o desenvolvimento e/ou a melhoria de produtos ou serviços inovadores que atendam às necessidades emergentes do mercado ou que introduzam novas funcionalidades e melhorias sobre os existentes; Habilidade em integrar e aplicar tecnologias emergentes no desenvolvimento de produtos, processos ou modelos de negócios, buscando soluções eficientes e competitivas; Identificar possibilidades em desenvolver e implementar modelos de negócios sustentáveis e escaláveis que capitalizem oportunidades de mercado e maximizem o valor para os stakeholders; Utilizar ferramentas de Design Thinking e Canvas para a solução de problemas complexos de forma criativa e centrada no usuário, bem como habilidade no uso do Business Model Canvas para a visualização estratégica de componentes-chave de um negócio; Identificar e compreender processos de mudança organizacional, que reverberam na eficácia da implementação de inovações.","Curiosidade - Ser interessado em ideias e ter paixão por aprender, compreensão e exploração intelectual; uma mentalidade curiosa;
Criatividade - Gerar novas maneiras de fazer ou pensar sobre as coisas por meio de exploração, aprendizagem a partir do fracasso, insight e visão;
Persistência - Ser capaz de perseverar em tarefas e atividades até que sejam concluídas;
Cooperação - Viver em harmonia com os outros e valorizar a interconexão entre todas as pessoas;
Tolerância ao estresse - Ter eficácia na modulação da ansiedade e capacidade de resolver problemas com calma;
Motivação de realização - Estabelecer padrões elevados para si mesmo e trabalhar muito para alcançá-los.", e Desenvolvimento de Negócios,C4,3,Desenvolvimento de Produtos e Serviços,U2,7,Conceitos e Tipos de Produtos e Serviços Inovadores,Aula 1: Fundamentos da  em produtos e serviços,Utilizar ferramentas de .,"
Ser perseverante para alcançar desafios.",Comparar diferentes tipos de .,1. Produtos e serviços inovadores
,1,T,"Capacidade de apoiar o desenvolvimento e/ou a melhoria de produtos ou serviços inovadores que atendam às necessidades emergentes do mercado ou que introduzam novas funcionalidades e melhorias sobre os existentes; Habilidade em integrar e aplicar tecnologias emergentes no desenvolvimento de produtos, processos ou modelos de negócios, buscando soluções eficientes e competitivas; Identificar possibilidades em desenvolver e implementar modelos de negócios sustentáveis e escaláveis que capitalizem oportunidades de mercado e maximizem o valor para os stakeholders; Utilizar ferramentas de Design Thinking e Canvas para a solução de problemas complexos de forma criativa e centrada no usuário, bem como habilidade no uso do Business Model Canvas para a visualização estratégica de componentes-chave de um negócio; Identificar e compreender processos de mudança organizacional, que reverberam na eficácia da implementação de inovações.","Curiosidade - Ser interessado em ideias e ter paixão por aprender, compreensão e exploração intelectual; uma mentalidade curiosa;
Criatividade - Gerar novas maneiras de fazer ou pensar sobre as coisas por meio de exploração, aprendizagem a partir do fracasso, insight e visão;
Persistência - Ser capaz de perseverar em tarefas e atividades até que sejam concluídas;
Cooperação - Viver em harmonia com os outros e valorizar a interconexão entre todas as pessoas;
Tolerância ao estresse - Ter eficácia na modulação da ansiedade e capacidade de resolver problemas com calma;
Motivação de realização - Estabelecer padrões elevados para si mesmo e trabalhar muito para alcançá-los.", e Desenvolvimento de Negócios,C4,3,Desenvolvimento de Produtos e Serviços,U2,7,Conceitos e Tipos de Produtos e Serviços Inovadores,Aula 2: Tipologia de produtos e serviços inovadores,Utilizar ferramentas de .,"
Ser perseverante para alcançar desafios.",Identificar como produtos inovadores impactam o mercado.,2. Impacto de produtos e serviços inovadores
,1,T,"Capacidade de apoiar o desenvolvimento e/ou a melhoria de produtos ou serviços inovadores que atendam às necessidades emergentes do mercado ou que introduzam novas funcionalidades e melhorias sobre os existentes; Habilidade em integrar e aplicar tecnologias emergentes no desenvolvimento de produtos, processos ou modelos de negócios, buscando soluções eficientes e competitivas; Identificar possibilidades em desenvolver e implementar modelos de negócios sustentáveis e escaláveis que capitalizem oportunidades de mercado e maximizem o valor para os stakeholders; Utilizar ferramentas de Design Thinking e Canvas para a solução de problemas complexos de forma criativa e centrada no usuário, bem como habilidade no uso do Business Model Canvas para a visualização estratégica de componentes-chave de um negócio; Identificar e compreender processos de mudança organizacional, que reverberam na eficácia da implementação de inovações.","Curiosidade - Ser interessado em ideias e ter paixão por aprender, compreensão e exploração intelectual; uma mentalidade curiosa;
Criatividade - Gerar novas maneiras de fazer ou pensar sobre as coisas por meio de exploração, aprendizagem a partir do fracasso, insight e visão;
Persistência - Ser capaz de perseverar em tarefas e atividades até que sejam concluídas;
Cooperação - Viver em harmonia com os outros e valorizar a interconexão entre todas as pessoas;
Tolerância ao estresse - Ter eficácia na modulação da ansiedade e capacidade de resolver problemas com calma;
Motivação de realização - Estabelecer padrões elevados para si mesmo e trabalhar muito para alcançá-los.", e Desenvolvimento de Negócios,C4,3,Desenvolvimento de Produtos e Serviços,U2,7,Conceitos e Tipos de Produtos e Serviços Inovadores,Aula 3: Como a  pode apoiar a criação de produtos e serviços?,Utilizar ferramentas de .,"
Ser perseverante para alcançar desafios.",Identificar necessidades de mercado.,3. Produtos e serviços inovadores
,Recomposição da Aprendizagem,,,,,,,,,,,,,,,
,2,T,"Capacidade de apoiar o desenvolvimento e/ou a melhoria de produtos ou serviços inovadores que atendam às necessidades emergentes do mercado ou que introduzam novas funcionalidades e melhorias sobre os existentes; Habilidade em integrar e aplicar tecnologias emergentes no desenvolvimento de produtos, processos ou modelos de negócios, buscando soluções eficientes e competitivas; Identificar possibilidades em desenvolver e implementar modelos de negócios sustentáveis e escaláveis que capitalizem oportunidades de mercado e maximizem o valor para os stakeholders; Utilizar ferramentas de Design Thinking e Canvas para a solução de problemas complexos de forma criativa e centrada no usuário, bem como habilidade no uso do Business Model Canvas para a visualização estratégica de componentes-chave de um negócio; Identificar e compreender processos de mudança organizacional, que reverberam na eficácia da implementação de inovações.","Curiosidade - Ser interessado em ideias e ter paixão por aprender, compreensão e exploração intelectual; uma mentalidade curiosa;
Criatividade - Gerar novas maneiras de fazer ou pensar sobre as coisas por meio de exploração, aprendizagem a partir do fracasso, insight e visão;
Persistência - Ser capaz de perseverar em tarefas e atividades até que sejam concluídas;
Cooperação - Viver em harmonia com os outros e valorizar a interconexão entre todas as pessoas;
Tolerância ao estresse - Ter eficácia na modulação da ansiedade e capacidade de resolver problemas com calma;
Motivação de realização - Estabelecer padrões elevados para si mesmo e trabalhar muito para alcançá-los.", e Desenvolvimento de Negócios,C4,3,Gestão da Mudança,U3,8,Introdução à Gestão da Mudança,Aula 1: Conceitos básicos de gestão da mudança,Identificar e organizar as etapas de um processo de mudança.,"
Gerar novas soluções.",Identificar a importância e os fundamentos da gestão da mudança nas organizações.,1. Fundamentos e importância da gestão da mudança
,2,T,"Capacidade de apoiar o desenvolvimento e/ou a melhoria de produtos ou serviços inovadores que atendam às necessidades emergentes do mercado ou que introduzam novas funcionalidades e melhorias sobre os existentes; Habilidade em integrar e aplicar tecnologias emergentes no desenvolvimento de produtos, processos ou modelos de negócios, buscando soluções eficientes e competitivas; Identificar possibilidades em desenvolver e implementar modelos de negócios sustentáveis e escaláveis que capitalizem oportunidades de mercado e maximizem o valor para os stakeholders; Utilizar ferramentas de Design Thinking e Canvas para a solução de problemas complexos de forma criativa e centrada no usuário, bem como habilidade no uso do Business Model Canvas para a visualização estratégica de componentes-chave de um negócio; Identificar e compreender processos de mudança organizacional, que reverberam na eficácia da implementação de inovações.","Curiosidade - Ser interessado em ideias e ter paixão por aprender, compreensão e exploração intelectual; uma mentalidade curiosa;
Criatividade - Gerar novas maneiras de fazer ou pensar sobre as coisas por meio de exploração, aprendizagem a partir do fracasso, insight e visão;
Persistência - Ser capaz de perseverar em tarefas e atividades até que sejam concluídas;
Cooperação - Viver em harmonia com os outros e valorizar a interconexão entre todas as pessoas;
Tolerância ao estresse - Ter eficácia na modulação da ansiedade e capacidade de resolver problemas com calma;
Motivação de realização - Estabelecer padrões elevados para si mesmo e trabalhar muito para alcançá-los.", e Desenvolvimento de Negócios,C4,3,Gestão da Mudança,U3,8,Introdução à Gestão da Mudança,Aula 2: Etapas da gestão da mudança,Identificar e organizar as etapas de um processo de mudança.,"
Gerar novas soluções.","Identificar as etapas de um processo de Gestão da Mudança.
Reconhecer a sequência das etapas de Gestão da Mudança.",2. Processo de Gestão da Mudança
,2,T,"Capacidade de apoiar o desenvolvimento e/ou a melhoria de produtos ou serviços inovadores que atendam às necessidades emergentes do mercado ou que introduzam novas funcionalidades e melhorias sobre os existentes; Habilidade em integrar e aplicar tecnologias emergentes no desenvolvimento de produtos, processos ou modelos de negócios, buscando soluções eficientes e competitivas; Identificar possibilidades em desenvolver e implementar modelos de negócios sustentáveis e escaláveis que capitalizem oportunidades de mercado e maximizem o valor para os stakeholders; Utilizar ferramentas de Design Thinking e Canvas para a solução de problemas complexos de forma criativa e centrada no usuário, bem como habilidade no uso do Business Model Canvas para a visualização estratégica de componentes-chave de um negócio; Identificar e compreender processos de mudança organizacional, que reverberam na eficácia da implementação de inovações.","Curiosidade - Ser interessado em ideias e ter paixão por aprender, compreensão e exploração intelectual; uma mentalidade curiosa;
Criatividade - Gerar novas maneiras de fazer ou pensar sobre as coisas por meio de exploração, aprendizagem a partir do fracasso, insight e visão;
Persistência - Ser capaz de perseverar em tarefas e atividades até que sejam concluídas;
Cooperação - Viver em harmonia com os outros e valorizar a interconexão entre todas as pessoas;
Tolerância ao estresse - Ter eficácia na modulação da ansiedade e capacidade de resolver problemas com calma;
Motivação de realização - Estabelecer padrões elevados para si mesmo e trabalhar muito para alcançá-los.", e Desenvolvimento de Negócios,C4,3,Gestão da Mudança,U3,8,Introdução à Gestão da Mudança,Aula 3: Ferramentas e técnicas para implementação da mudança,Identificar e organizar as etapas de um processo de mudança.,"
Gerar novas soluções.",Identificar e avaliar a eficácia das principais ferramentas de Gestão da Mudança.,3. Ferramentas e técnicas para implementação da mudança organizacional
X,2,T,"Capacidade de apoiar o desenvolvimento e/ou a melhoria de produtos ou serviços inovadores que atendam às necessidades emergentes do mercado ou que introduzam novas funcionalidades e melhorias sobre os existentes; Habilidade em integrar e aplicar tecnologias emergentes no desenvolvimento de produtos, processos ou modelos de negócios, buscando soluções eficientes e competitivas; Identificar possibilidades em desenvolver e implementar modelos de negócios sustentáveis e escaláveis que capitalizem oportunidades de mercado e maximizem o valor para os stakeholders; Utilizar ferramentas de Design Thinking e Canvas para a solução de problemas complexos de forma criativa e centrada no usuário, bem como habilidade no uso do Business Model Canvas para a visualização estratégica de componentes-chave de um negócio; Identificar e compreender processos de mudança organizacional, que reverberam na eficácia da implementação de inovações.","Curiosidade - Ser interessado em ideias e ter paixão por aprender, compreensão e exploração intelectual; uma mentalidade curiosa;
Criatividade - Gerar novas maneiras de fazer ou pensar sobre as coisas por meio de exploração, aprendizagem a partir do fracasso, insight e visão;
Persistência - Ser capaz de perseverar em tarefas e atividades até que sejam concluídas;
Cooperação - Viver em harmonia com os outros e valorizar a interconexão entre todas as pessoas;
Tolerância ao estresse - Ter eficácia na modulação da ansiedade e capacidade de resolver problemas com calma;
Motivação de realização - Estabelecer padrões elevados para si mesmo e trabalhar muito para alcançá-los.", e Desenvolvimento de Negócios,C4,3,Gestão da Mudança,U3,9,Modelos de Gestão da Mudança,Aula 1: Fundamentos da gestão da mudança organizacional,"Aplicar os princípios básicos, avaliando os modelos de gestão da mudança.",Trabalhar de forma colaborativa.,Identificar os princípios básicos da gestão da mudança e seus componentes essenciais para implementação nas organizações.,1. Princípios da Gestão da Mudança
X,2,T,"Capacidade de apoiar o desenvolvimento e/ou a melhoria de produtos ou serviços inovadores que atendam às necessidades emergentes do mercado ou que introduzam novas funcionalidades e melhorias sobre os existentes; Habilidade em integrar e aplicar tecnologias emergentes no desenvolvimento de produtos, processos ou modelos de negócios, buscando soluções eficientes e competitivas; Identificar possibilidades em desenvolver e implementar modelos de negócios sustentáveis e escaláveis que capitalizem oportunidades de mercado e maximizem o valor para os stakeholders; Utilizar ferramentas de Design Thinking e Canvas para a solução de problemas complexos de forma criativa e centrada no usuário, bem como habilidade no uso do Business Model Canvas para a visualização estratégica de componentes-chave de um negócio; Identificar e compreender processos de mudança organizacional, que reverberam na eficácia da implementação de inovações.","Curiosidade - Ser interessado em ideias e ter paixão por aprender, compreensão e exploração intelectual; uma mentalidade curiosa;
Criatividade - Gerar novas maneiras de fazer ou pensar sobre as coisas por meio de exploração, aprendizagem a partir do fracasso, insight e visão;
Persistência - Ser capaz de perseverar em tarefas e atividades até que sejam concluídas;
Cooperação - Viver em harmonia com os outros e valorizar a interconexão entre todas as pessoas;
Tolerância ao estresse - Ter eficácia na modulação da ansiedade e capacidade de resolver problemas com calma;
Motivação de realização - Estabelecer padrões elevados para si mesmo e trabalhar muito para alcançá-los.", e Desenvolvimento de Negócios,C4,3,Gestão da Mudança,U3,9,Modelos de Gestão da Mudança,Aula 2: Estratégias para implementar mudanças eficazes,"Aplicar os princípios básicos, avaliando os modelos de gestão da mudança.",Trabalhar de forma colaborativa.,"Identificar estratégias de implementação de mudanças, etapas do processo e problemas frequentes.",2. Planejamento de estratégias de mudança
X,2,T,"Capacidade de apoiar o desenvolvimento e/ou a melhoria de produtos ou serviços inovadores que atendam às necessidades emergentes do mercado ou que introduzam novas funcionalidades e melhorias sobre os existentes; Habilidade em integrar e aplicar tecnologias emergentes no desenvolvimento de produtos, processos ou modelos de negócios, buscando soluções eficientes e competitivas; Identificar possibilidades em desenvolver e implementar modelos de negócios sustentáveis e escaláveis que capitalizem oportunidades de mercado e maximizem o valor para os stakeholders; Utilizar ferramentas de Design Thinking e Canvas para a solução de problemas complexos de forma criativa e centrada no usuário, bem como habilidade no uso do Business Model Canvas para a visualização estratégica de componentes-chave de um negócio; Identificar e compreender processos de mudança organizacional, que reverberam na eficácia da implementação de inovações.","Curiosidade - Ser interessado em ideias e ter paixão por aprender, compreensão e exploração intelectual; uma mentalidade curiosa;
Criatividade - Gerar novas maneiras de fazer ou pensar sobre as coisas por meio de exploração, aprendizagem a partir do fracasso, insight e visão;
Persistência - Ser capaz de perseverar em tarefas e atividades até que sejam concluídas;
Cooperação - Viver em harmonia com os outros e valorizar a interconexão entre todas as pessoas;
Tolerância ao estresse - Ter eficácia na modulação da ansiedade e capacidade de resolver problemas com calma;
Motivação de realização - Estabelecer padrões elevados para si mesmo e trabalhar muito para alcançá-los.", e Desenvolvimento de Negócios,C4,3,Gestão da Mudança,U3,9,Modelos de Gestão da Mudança,Aula 3: Modelos de gestão da mudança,"Aplicar os princípios básicos, avaliando os modelos de gestão da mudança.",Trabalhar de forma colaborativa.,Identificar e avaliar modelos de gestão da mudança em diferentes contextos organizacionais.,3. Aplicação dos modelos de Gestão da Mudança
,2,T,"Capacidade de apoiar o desenvolvimento e/ou a melhoria de produtos ou serviços inovadores que atendam às necessidades emergentes do mercado ou que introduzam novas funcionalidades e melhorias sobre os existentes; Habilidade em integrar e aplicar tecnologias emergentes no desenvolvimento de produtos, processos ou modelos de negócios, buscando soluções eficientes e competitivas; Identificar possibilidades em desenvolver e implementar modelos de negócios sustentáveis e escaláveis que capitalizem oportunidades de mercado e maximizem o valor para os stakeholders; Utilizar ferramentas de Design Thinking e Canvas para a solução de problemas complexos de forma criativa e centrada no usuário, bem como habilidade no uso do Business Model Canvas para a visualização estratégica de componentes-chave de um negócio; Identificar e compreender processos de mudança organizacional, que reverberam na eficácia da implementação de inovações.","Curiosidade - Ser interessado em ideias e ter paixão por aprender, compreensão e exploração intelectual; uma mentalidade curiosa;
Criatividade - Gerar novas maneiras de fazer ou pensar sobre as coisas por meio de exploração, aprendizagem a partir do fracasso, insight e visão;
Persistência - Ser capaz de perseverar em tarefas e atividades até que sejam concluídas;
Cooperação - Viver em harmonia com os outros e valorizar a interconexão entre todas as pessoas;
Tolerância ao estresse - Ter eficácia na modulação da ansiedade e capacidade de resolver problemas com calma;
Motivação de realização - Estabelecer padrões elevados para si mesmo e trabalhar muito para alcançá-los.", e Desenvolvimento de Negócios,C4,3,Empreendedorismo e Modelos Empresariais,U5,10,Modelos de Negócios Inovadores: Construção e Exemplos,Aula 1: Construindo modelos de negócios sustentáveis,Identificar e aplicar ferramentas e estratégias para desenvolver e melhorar ideias de negócios.,Gerar soluções inovadoras.,Identificar elementos de um modelo de negócios sustentável e reconhecer casos de sucesso de microempresas sustentáveis.,1. Princípios de sustentabilidade empresarial
,2,T,"Capacidade de apoiar o desenvolvimento e/ou a melhoria de produtos ou serviços inovadores que atendam às necessidades emergentes do mercado ou que introduzam novas funcionalidades e melhorias sobre os existentes; Habilidade em integrar e aplicar tecnologias emergentes no desenvolvimento de produtos, processos ou modelos de negócios, buscando soluções eficientes e competitivas; Identificar possibilidades em desenvolver e implementar modelos de negócios sustentáveis e escaláveis que capitalizem oportunidades de mercado e maximizem o valor para os stakeholders; Utilizar ferramentas de Design Thinking e Canvas para a solução de problemas complexos de forma criativa e centrada no usuário, bem como habilidade no uso do Business Model Canvas para a visualização estratégica de componentes-chave de um negócio; Identificar e compreender processos de mudança organizacional, que reverberam na eficácia da implementação de inovações.","Curiosidade - Ser interessado em ideias e ter paixão por aprender, compreensão e exploração intelectual; uma mentalidade curiosa;
Criatividade - Gerar novas maneiras de fazer ou pensar sobre as coisas por meio de exploração, aprendizagem a partir do fracasso, insight e visão;
Persistência - Ser capaz de perseverar em tarefas e atividades até que sejam concluídas;
Cooperação - Viver em harmonia com os outros e valorizar a interconexão entre todas as pessoas;
Tolerância ao estresse - Ter eficácia na modulação da ansiedade e capacidade de resolver problemas com calma;
Motivação de realização - Estabelecer padrões elevados para si mesmo e trabalhar muito para alcançá-los.", e Desenvolvimento de Negócios,C4,3,Empreendedorismo e Modelos Empresariais,U5,10,Modelos de Negócios Inovadores: Construção e Exemplos,Aula 2:  e empreendedorismo,Identificar e aplicar ferramentas e estratégias para desenvolver e melhorar ideias de negócios.,Gerar soluções inovadoras.,Compreender como a criação de ideias inovadoras pode ser transformada em negócios viáveis.,2. Processo de  e empreendedorismo
,2,T,"Capacidade de apoiar o desenvolvimento e/ou a melhoria de produtos ou serviços inovadores que atendam às necessidades emergentes do mercado ou que introduzam novas funcionalidades e melhorias sobre os existentes; Habilidade em integrar e aplicar tecnologias emergentes no desenvolvimento de produtos, processos ou modelos de negócios, buscando soluções eficientes e competitivas; Identificar possibilidades em desenvolver e implementar modelos de negócios sustentáveis e escaláveis que capitalizem oportunidades de mercado e maximizem o valor para os stakeholders; Utilizar ferramentas de Design Thinking e Canvas para a solução de problemas complexos de forma criativa e centrada no usuário, bem como habilidade no uso do Business Model Canvas para a visualização estratégica de componentes-chave de um negócio; Identificar e compreender processos de mudança organizacional, que reverberam na eficácia da implementação de inovações.","Curiosidade - Ser interessado em ideias e ter paixão por aprender, compreensão e exploração intelectual; uma mentalidade curiosa;
Criatividade - Gerar novas maneiras de fazer ou pensar sobre as coisas por meio de exploração, aprendizagem a partir do fracasso, insight e visão;
Persistência - Ser capaz de perseverar em tarefas e atividades até que sejam concluídas;
Cooperação - Viver em harmonia com os outros e valorizar a interconexão entre todas as pessoas;
Tolerância ao estresse - Ter eficácia na modulação da ansiedade e capacidade de resolver problemas com calma;
Motivação de realização - Estabelecer padrões elevados para si mesmo e trabalhar muito para alcançá-los.", e Desenvolvimento de Negócios,C4,3,Empreendedorismo e Modelos Empresariais,U5,10,Modelos de Negócios Inovadores: Construção e Exemplos,Aula 3: Do planejamento à sustentabilidade,Identificar e aplicar ferramentas e estratégias para desenvolver e melhorar ideias de negócios.,Gerar soluções inovadoras.,"Explorar modelos de negócios sustentáveis adequados para pequenos empresários.
Reconhecer a importância do planejamento estratégico na sustentabilidade do negócio.",3. Planejamento estratégico
,Recomposição da Aprendizagem,,,,,,,,,,,,,,,
,2,T,"Capacidade de apoiar o desenvolvimento e/ou a melhoria de produtos ou serviços inovadores que atendam às necessidades emergentes do mercado ou que introduzam novas funcionalidades e melhorias sobre os existentes; Habilidade em integrar e aplicar tecnologias emergentes no desenvolvimento de produtos, processos ou modelos de negócios, buscando soluções eficientes e competitivas; Identificar possibilidades em desenvolver e implementar modelos de negócios sustentáveis e escaláveis que capitalizem oportunidades de mercado e maximizem o valor para os stakeholders; Utilizar ferramentas de Design Thinking e Canvas para a solução de problemas complexos de forma criativa e centrada no usuário, bem como habilidade no uso do Business Model Canvas para a visualização estratégica de componentes-chave de um negócio; Identificar e compreender processos de mudança organizacional, que reverberam na eficácia da implementação de inovações.","Curiosidade - Ser interessado em ideias e ter paixão por aprender, compreensão e exploração intelectual; uma mentalidade curiosa;
Criatividade - Gerar novas maneiras de fazer ou pensar sobre as coisas por meio de exploração, aprendizagem a partir do fracasso, insight e visão;
Persistência - Ser capaz de perseverar em tarefas e atividades até que sejam concluídas;
Cooperação - Viver em harmonia com os outros e valorizar a interconexão entre todas as pessoas;
Tolerância ao estresse - Ter eficácia na modulação da ansiedade e capacidade de resolver problemas com calma;
Motivação de realização - Estabelecer padrões elevados para si mesmo e trabalhar muito para alcançá-los.", e Desenvolvimento de Negócios,C4,3,Empreendedorismo e Modelos Empresariais,U5,11,Criação de Modelos de Negócios Sustentáveis,Aula 1: Fundamentos de modelos de negócios sustentáveis,Reconhecer a importância do empreendedorismo na criação de modelos de negócios sustentáveis.,Atuar crítica e responsavelmente.,"
Identificar a importância do empreendedorismo na criação de modelos de negócios sustentáveis.",1. Impactos na sustentabilidade empresarial
,2,T,"Capacidade de apoiar o desenvolvimento e/ou a melhoria de produtos ou serviços inovadores que atendam às necessidades emergentes do mercado ou que introduzam novas funcionalidades e melhorias sobre os existentes; Habilidade em integrar e aplicar tecnologias emergentes no desenvolvimento de produtos, processos ou modelos de negócios, buscando soluções eficientes e competitivas; Identificar possibilidades em desenvolver e implementar modelos de negócios sustentáveis e escaláveis que capitalizem oportunidades de mercado e maximizem o valor para os stakeholders; Utilizar ferramentas de Design Thinking e Canvas para a solução de problemas complexos de forma criativa e centrada no usuário, bem como habilidade no uso do Business Model Canvas para a visualização estratégica de componentes-chave de um negócio; Identificar e compreender processos de mudança organizacional, que reverberam na eficácia da implementação de inovações.","Curiosidade - Ser interessado em ideias e ter paixão por aprender, compreensão e exploração intelectual; uma mentalidade curiosa;
Criatividade - Gerar novas maneiras de fazer ou pensar sobre as coisas por meio de exploração, aprendizagem a partir do fracasso, insight e visão;
Persistência - Ser capaz de perseverar em tarefas e atividades até que sejam concluídas;
Cooperação - Viver em harmonia com os outros e valorizar a interconexão entre todas as pessoas;
Tolerância ao estresse - Ter eficácia na modulação da ansiedade e capacidade de resolver problemas com calma;
Motivação de realização - Estabelecer padrões elevados para si mesmo e trabalhar muito para alcançá-los.", e Desenvolvimento de Negócios,C4,3,Empreendedorismo e Modelos Empresariais,U5,11,Criação de Modelos de Negócios Sustentáveis,Aula 2: Estratégias de implementação de modelos sustentáveis,Reconhecer a importância do empreendedorismo na criação de modelos de negócios sustentáveis.,Atuar crítica e responsavelmente.,Conhecer estratégias para implementar sustentabilidade em um modelo de negócio.,2. Políticas de Responsabilidade Social x Resultados Financeiros
,2,T,"Capacidade de apoiar o desenvolvimento e/ou a melhoria de produtos ou serviços inovadores que atendam às necessidades emergentes do mercado ou que introduzam novas funcionalidades e melhorias sobre os existentes; Habilidade em integrar e aplicar tecnologias emergentes no desenvolvimento de produtos, processos ou modelos de negócios, buscando soluções eficientes e competitivas; Identificar possibilidades em desenvolver e implementar modelos de negócios sustentáveis e escaláveis que capitalizem oportunidades de mercado e maximizem o valor para os stakeholders; Utilizar ferramentas de Design Thinking e Canvas para a solução de problemas complexos de forma criativa e centrada no usuário, bem como habilidade no uso do Business Model Canvas para a visualização estratégica de componentes-chave de um negócio; Identificar e compreender processos de mudança organizacional, que reverberam na eficácia da implementação de inovações.","Curiosidade - Ser interessado em ideias e ter paixão por aprender, compreensão e exploração intelectual; uma mentalidade curiosa;
Criatividade - Gerar novas maneiras de fazer ou pensar sobre as coisas por meio de exploração, aprendizagem a partir do fracasso, insight e visão;
Persistência - Ser capaz de perseverar em tarefas e atividades até que sejam concluídas;
Cooperação - Viver em harmonia com os outros e valorizar a interconexão entre todas as pessoas;
Tolerância ao estresse - Ter eficácia na modulação da ansiedade e capacidade de resolver problemas com calma;
Motivação de realização - Estabelecer padrões elevados para si mesmo e trabalhar muito para alcançá-los.", e Desenvolvimento de Negócios,C4,3,Empreendedorismo e Modelos Empresariais,U5,11,Criação de Modelos de Negócios Sustentáveis,Aula 3: Avaliação de impacto de modelos de negócios sustentáveis,Reconhecer a importância do empreendedorismo na criação de modelos de negócios sustentáveis.,Atuar crítica e responsavelmente.,"Identificar impacto ambiental e social de diferentes modelos de negócios sustentáveis.
Identificar desafios e oportunidades associados a negócios sustentáveis.",3. Indicadores de sustentabilidade
,2,T,"Capacidade de apoiar o desenvolvimento e/ou a melhoria de produtos ou serviços inovadores que atendam às necessidades emergentes do mercado ou que introduzam novas funcionalidades e melhorias sobre os existentes; Habilidade em integrar e aplicar tecnologias emergentes no desenvolvimento de produtos, processos ou modelos de negócios, buscando soluções eficientes e competitivas; Identificar possibilidades em desenvolver e implementar modelos de negócios sustentáveis e escaláveis que capitalizem oportunidades de mercado e maximizem o valor para os stakeholders; Utilizar ferramentas de Design Thinking e Canvas para a solução de problemas complexos de forma criativa e centrada no usuário, bem como habilidade no uso do Business Model Canvas para a visualização estratégica de componentes-chave de um negócio; Identificar e compreender processos de mudança organizacional, que reverberam na eficácia da implementação de inovações.","Curiosidade - Ser interessado em ideias e ter paixão por aprender, compreensão e exploração intelectual; uma mentalidade curiosa;
Criatividade - Gerar novas maneiras de fazer ou pensar sobre as coisas por meio de exploração, aprendizagem a partir do fracasso, insight e visão;
Persistência - Ser capaz de perseverar em tarefas e atividades até que sejam concluídas;
Cooperação - Viver em harmonia com os outros e valorizar a interconexão entre todas as pessoas;
Tolerância ao estresse - Ter eficácia na modulação da ansiedade e capacidade de resolver problemas com calma;
Motivação de realização - Estabelecer padrões elevados para si mesmo e trabalhar muito para alcançá-los.", e Desenvolvimento de Negócios,C4,3,Design Thinking e Canvas,U4,12,Fundamentos do Design Thinking,Aula 1: Introdução ao Design Thinking,Identificar problemas nas etapas de desenvolvimento de projetos para a busca de soluções.,"
Gerar novas soluções.",Identificar as etapas principais do processo de Design Thinking e compreender a importância da empatia no desenvolvimento de soluções inovadoras.,1. Fundamentos e importância do Design Thinking
,2,T,"Capacidade de apoiar o desenvolvimento e/ou a melhoria de produtos ou serviços inovadores que atendam às necessidades emergentes do mercado ou que introduzam novas funcionalidades e melhorias sobre os existentes; Habilidade em integrar e aplicar tecnologias emergentes no desenvolvimento de produtos, processos ou modelos de negócios, buscando soluções eficientes e competitivas; Identificar possibilidades em desenvolver e implementar modelos de negócios sustentáveis e escaláveis que capitalizem oportunidades de mercado e maximizem o valor para os stakeholders; Utilizar ferramentas de Design Thinking e Canvas para a solução de problemas complexos de forma criativa e centrada no usuário, bem como habilidade no uso do Business Model Canvas para a visualização estratégica de componentes-chave de um negócio; Identificar e compreender processos de mudança organizacional, que reverberam na eficácia da implementação de inovações.","Curiosidade - Ser interessado em ideias e ter paixão por aprender, compreensão e exploração intelectual; uma mentalidade curiosa;
Criatividade - Gerar novas maneiras de fazer ou pensar sobre as coisas por meio de exploração, aprendizagem a partir do fracasso, insight e visão;
Persistência - Ser capaz de perseverar em tarefas e atividades até que sejam concluídas;
Cooperação - Viver em harmonia com os outros e valorizar a interconexão entre todas as pessoas;
Tolerância ao estresse - Ter eficácia na modulação da ansiedade e capacidade de resolver problemas com calma;
Motivação de realização - Estabelecer padrões elevados para si mesmo e trabalhar muito para alcançá-los.", e Desenvolvimento de Negócios,C4,3,Design Thinking e Canvas,U4,12,Fundamentos do Design Thinking,Aula 2: Métodos do Design Thinking,"Identificar problemas nas etapas de desenvolvimento de projetos para a busca de soluções.
","
Gerar novas soluções.",Compreender etapas e técnicas na etapa de prototipagem.,2. Métodos e etapas do Design Thinking
,2,T,"Capacidade de apoiar o desenvolvimento e/ou a melhoria de produtos ou serviços inovadores que atendam às necessidades emergentes do mercado ou que introduzam novas funcionalidades e melhorias sobre os existentes; Habilidade em integrar e aplicar tecnologias emergentes no desenvolvimento de produtos, processos ou modelos de negócios, buscando soluções eficientes e competitivas; Identificar possibilidades em desenvolver e implementar modelos de negócios sustentáveis e escaláveis que capitalizem oportunidades de mercado e maximizem o valor para os stakeholders; Utilizar ferramentas de Design Thinking e Canvas para a solução de problemas complexos de forma criativa e centrada no usuário, bem como habilidade no uso do Business Model Canvas para a visualização estratégica de componentes-chave de um negócio; Identificar e compreender processos de mudança organizacional, que reverberam na eficácia da implementação de inovações.","Curiosidade - Ser interessado em ideias e ter paixão por aprender, compreensão e exploração intelectual; uma mentalidade curiosa;
Criatividade - Gerar novas maneiras de fazer ou pensar sobre as coisas por meio de exploração, aprendizagem a partir do fracasso, insight e visão;
Persistência - Ser capaz de perseverar em tarefas e atividades até que sejam concluídas;
Cooperação - Viver em harmonia com os outros e valorizar a interconexão entre todas as pessoas;
Tolerância ao estresse - Ter eficácia na modulação da ansiedade e capacidade de resolver problemas com calma;
Motivação de realização - Estabelecer padrões elevados para si mesmo e trabalhar muito para alcançá-los.", e Desenvolvimento de Negócios,C4,3,Design Thinking e Canvas,U4,12,Fundamentos do Design Thinking,Aula 3: Implementação e aplicação do Design Thinking,"Identificar problemas nas etapas de desenvolvimento de projetos para a busca de soluções.
","
Gerar novas soluções.","Compreender a funcionalidade da metodologia Design Thinking para o desenvolvimento de produtos e serviços.
",3. Casos práticos e aplicações do Design Thinking
,2,T,"Capacidade de apoiar o desenvolvimento e/ou a melhoria de produtos ou serviços inovadores que atendam às necessidades emergentes do mercado ou que introduzam novas funcionalidades e melhorias sobre os existentes; Habilidade em integrar e aplicar tecnologias emergentes no desenvolvimento de produtos, processos ou modelos de negócios, buscando soluções eficientes e competitivas; Identificar possibilidades em desenvolver e implementar modelos de negócios sustentáveis e escaláveis que capitalizem oportunidades de mercado e maximizem o valor para os stakeholders; Utilizar ferramentas de Design Thinking e Canvas para a solução de problemas complexos de forma criativa e centrada no usuário, bem como habilidade no uso do Business Model Canvas para a visualização estratégica de componentes-chave de um negócio; Identificar e compreender processos de mudança organizacional, que reverberam na eficácia da implementação de inovações.","Curiosidade - Ser interessado em ideias e ter paixão por aprender, compreensão e exploração intelectual; uma mentalidade curiosa;
Criatividade - Gerar novas maneiras de fazer ou pensar sobre as coisas por meio de exploração, aprendizagem a partir do fracasso, insight e visão;
Persistência - Ser capaz de perseverar em tarefas e atividades até que sejam concluídas;
Cooperação - Viver em harmonia com os outros e valorizar a interconexão entre todas as pessoas;
Tolerância ao estresse - Ter eficácia na modulação da ansiedade e capacidade de resolver problemas com calma;
Motivação de realização - Estabelecer padrões elevados para si mesmo e trabalhar muito para alcançá-los.", e Desenvolvimento de Negócios,C4,3,Design Thinking e Canvas,U4,13,Etapas do Processo de Design Thinking,Aula 1: As bases do Design Thinking,Comunicar de forma clara os objetivos e as melhorias de um projeto.,"
Gerar novas soluções.",Identificar a importância da empatia e das técnicas de pesquisa para delimitar problemas no processo de Design Thinking.,1. Processo centrado no usuário
,2,T,"Capacidade de apoiar o desenvolvimento e/ou a melhoria de produtos ou serviços inovadores que atendam às necessidades emergentes do mercado ou que introduzam novas funcionalidades e melhorias sobre os existentes; Habilidade em integrar e aplicar tecnologias emergentes no desenvolvimento de produtos, processos ou modelos de negócios, buscando soluções eficientes e competitivas; Identificar possibilidades em desenvolver e implementar modelos de negócios sustentáveis e escaláveis que capitalizem oportunidades de mercado e maximizem o valor para os stakeholders; Utilizar ferramentas de Design Thinking e Canvas para a solução de problemas complexos de forma criativa e centrada no usuário, bem como habilidade no uso do Business Model Canvas para a visualização estratégica de componentes-chave de um negócio; Identificar e compreender processos de mudança organizacional, que reverberam na eficácia da implementação de inovações.","Curiosidade - Ser interessado em ideias e ter paixão por aprender, compreensão e exploração intelectual; uma mentalidade curiosa;
Criatividade - Gerar novas maneiras de fazer ou pensar sobre as coisas por meio de exploração, aprendizagem a partir do fracasso, insight e visão;
Persistência - Ser capaz de perseverar em tarefas e atividades até que sejam concluídas;
Cooperação - Viver em harmonia com os outros e valorizar a interconexão entre todas as pessoas;
Tolerância ao estresse - Ter eficácia na modulação da ansiedade e capacidade de resolver problemas com calma;
Motivação de realização - Estabelecer padrões elevados para si mesmo e trabalhar muito para alcançá-los.", e Desenvolvimento de Negócios,C4,3,Design Thinking e Canvas,U4,13,Etapas do Processo de Design Thinking,Aula 2: Ideação criativa,Comunicar de forma clara os objetivos e as melhorias de um projeto.,"
Gerar novas soluções.",Conhecer técnicas de brainstorming e de seleção de ideias.,2. Métodos estruturados de geração de ideias
,2,T,"Capacidade de apoiar o desenvolvimento e/ou a melhoria de produtos ou serviços inovadores que atendam às necessidades emergentes do mercado ou que introduzam novas funcionalidades e melhorias sobre os existentes; Habilidade em integrar e aplicar tecnologias emergentes no desenvolvimento de produtos, processos ou modelos de negócios, buscando soluções eficientes e competitivas; Identificar possibilidades em desenvolver e implementar modelos de negócios sustentáveis e escaláveis que capitalizem oportunidades de mercado e maximizem o valor para os stakeholders; Utilizar ferramentas de Design Thinking e Canvas para a solução de problemas complexos de forma criativa e centrada no usuário, bem como habilidade no uso do Business Model Canvas para a visualização estratégica de componentes-chave de um negócio; Identificar e compreender processos de mudança organizacional, que reverberam na eficácia da implementação de inovações.","Curiosidade - Ser interessado em ideias e ter paixão por aprender, compreensão e exploração intelectual; uma mentalidade curiosa;
Criatividade - Gerar novas maneiras de fazer ou pensar sobre as coisas por meio de exploração, aprendizagem a partir do fracasso, insight e visão;
Persistência - Ser capaz de perseverar em tarefas e atividades até que sejam concluídas;
Cooperação - Viver em harmonia com os outros e valorizar a interconexão entre todas as pessoas;
Tolerância ao estresse - Ter eficácia na modulação da ansiedade e capacidade de resolver problemas com calma;
Motivação de realização - Estabelecer padrões elevados para si mesmo e trabalhar muito para alcançá-los.", e Desenvolvimento de Negócios,C4,3,Design Thinking e Canvas,U4,13,Etapas do Processo de Design Thinking,Aula 3: Prototipagem rápida e storytelling,Comunicar de forma clara os objetivos e as melhorias de um projeto.,"
Gerar novas soluções.","Compreender técnicas de prototipagem, storytelling e coleta de feedback para validar e comunicar soluções.",3. Prototipagem rápida e storytelling
,Recomposição da Aprendizagem,,,,,,,,,,,,,,,
,2,P,"Capacidade de apoiar o desenvolvimento e/ou a melhoria de produtos ou serviços inovadores que atendam às necessidades emergentes do mercado ou que introduzam novas funcionalidades e melhorias sobre os existentes; Habilidade em integrar e aplicar tecnologias emergentes no desenvolvimento de produtos, processos ou modelos de negócios, buscando soluções eficientes e competitivas; Identificar possibilidades em desenvolver e implementar modelos de negócios sustentáveis e escaláveis que capitalizem oportunidades de mercado e maximizem o valor para os stakeholders; Utilizar ferramentas de Design Thinking e Canvas para a solução de problemas complexos de forma criativa e centrada no usuário, bem como habilidade no uso do Business Model Canvas para a visualização estratégica de componentes-chave de um negócio; Identificar e compreender processos de mudança organizacional, que reverberam na eficácia da implementação de inovações.","Curiosidade - Ser interessado em ideias e ter paixão por aprender, compreensão e exploração intelectual; uma mentalidade curiosa;
Criatividade - Gerar novas maneiras de fazer ou pensar sobre as coisas por meio de exploração, aprendizagem a partir do fracasso, insight e visão;
Persistência - Ser capaz de perseverar em tarefas e atividades até que sejam concluídas;
Cooperação - Viver em harmonia com os outros e valorizar a interconexão entre todas as pessoas;
Tolerância ao estresse - Ter eficácia na modulação da ansiedade e capacidade de resolver problemas com calma;
Motivação de realização - Estabelecer padrões elevados para si mesmo e trabalhar muito para alcançá-los.", e Desenvolvimento de Negócios,C4,3,Design Thinking e Canvas,U4,14,Design Thinking e Canvas: Colocando em Prática,Aula 1: Ideação: gerando soluções criativas,Desenvolver soluções práticas e inovadoras para os problemas selecionados no processo de ideação.,Trabalhar em equipe.,"Identificar desafios e definir o problema a ser abordado, aplicando técnicas de brainstorming para gerar e selecionar ideias.",1. Processo estruturado de ideação
,2,P,"Capacidade de apoiar o desenvolvimento e/ou a melhoria de produtos ou serviços inovadores que atendam às necessidades emergentes do mercado ou que introduzam novas funcionalidades e melhorias sobre os existentes; Habilidade em integrar e aplicar tecnologias emergentes no desenvolvimento de produtos, processos ou modelos de negócios, buscando soluções eficientes e competitivas; Identificar possibilidades em desenvolver e implementar modelos de negócios sustentáveis e escaláveis que capitalizem oportunidades de mercado e maximizem o valor para os stakeholders; Utilizar ferramentas de Design Thinking e Canvas para a solução de problemas complexos de forma criativa e centrada no usuário, bem como habilidade no uso do Business Model Canvas para a visualização estratégica de componentes-chave de um negócio; Identificar e compreender processos de mudança organizacional, que reverberam na eficácia da implementação de inovações.","Curiosidade - Ser interessado em ideias e ter paixão por aprender, compreensão e exploração intelectual; uma mentalidade curiosa;
Criatividade - Gerar novas maneiras de fazer ou pensar sobre as coisas por meio de exploração, aprendizagem a partir do fracasso, insight e visão;
Persistência - Ser capaz de perseverar em tarefas e atividades até que sejam concluídas;
Cooperação - Viver em harmonia com os outros e valorizar a interconexão entre todas as pessoas;
Tolerância ao estresse - Ter eficácia na modulação da ansiedade e capacidade de resolver problemas com calma;
Motivação de realização - Estabelecer padrões elevados para si mesmo e trabalhar muito para alcançá-los.", e Desenvolvimento de Negócios,C4,3,Design Thinking e Canvas,U4,14,Design Thinking e Canvas: Colocando em Prática,Aula 2: Prototipagem: transformando ideias em protótipos,Desenvolver soluções práticas e inovadoras para os problemas selecionados no processo de ideação.,Trabalhar em equipe.,Aplicar técnicas de brainstorming para gerar e selecionar ideias.,2. Técnicas de prototipagem rápida
,2,P,"Capacidade de apoiar o desenvolvimento e/ou a melhoria de produtos ou serviços inovadores que atendam às necessidades emergentes do mercado ou que introduzam novas funcionalidades e melhorias sobre os existentes; Habilidade em integrar e aplicar tecnologias emergentes no desenvolvimento de produtos, processos ou modelos de negócios, buscando soluções eficientes e competitivas; Identificar possibilidades em desenvolver e implementar modelos de negócios sustentáveis e escaláveis que capitalizem oportunidades de mercado e maximizem o valor para os stakeholders; Utilizar ferramentas de Design Thinking e Canvas para a solução de problemas complexos de forma criativa e centrada no usuário, bem como habilidade no uso do Business Model Canvas para a visualização estratégica de componentes-chave de um negócio; Identificar e compreender processos de mudança organizacional, que reverberam na eficácia da implementação de inovações.","Curiosidade - Ser interessado em ideias e ter paixão por aprender, compreensão e exploração intelectual; uma mentalidade curiosa;
Criatividade - Gerar novas maneiras de fazer ou pensar sobre as coisas por meio de exploração, aprendizagem a partir do fracasso, insight e visão;
Persistência - Ser capaz de perseverar em tarefas e atividades até que sejam concluídas;
Cooperação - Viver em harmonia com os outros e valorizar a interconexão entre todas as pessoas;
Tolerância ao estresse - Ter eficácia na modulação da ansiedade e capacidade de resolver problemas com calma;
Motivação de realização - Estabelecer padrões elevados para si mesmo e trabalhar muito para alcançá-los.", e Desenvolvimento de Negócios,C4,3,Design Thinking e Canvas,U4,14,Design Thinking e Canvas: Colocando em Prática,Aula 3: Storytelling: comunicando soluções,Desenvolver soluções práticas e inovadoras para os problemas selecionados no processo de ideação.,Trabalhar em equipe.,Utilizar técnicas de storytelling para criar uma narrativa persuasiva e captar a atenção do público-alvo.,3. Comunicação eficaz de ideias e soluções
,Recomposição da Aprendizagem,,,,,,,,,,,,,,,
,3,T,"Capacidade de apoiar o desenvolvimento e/ou a melhoria de produtos ou serviços inovadores que atendam às necessidades emergentes do mercado ou que introduzam novas funcionalidades e melhorias sobre os existentes; Habilidade em integrar e aplicar tecnologias emergentes no desenvolvimento de produtos, processos ou modelos de negócios, buscando soluções eficientes e competitivas; Identificar possibilidades em desenvolver e implementar modelos de negócios sustentáveis e escaláveis que capitalizem oportunidades de mercado e maximizem o valor para os stakeholders; Utilizar ferramentas de Design Thinking e Canvas para a solução de problemas complexos de forma criativa e centrada no usuário, bem como habilidade no uso do Business Model Canvas para a visualização estratégica de componentes-chave de um negócio; Identificar e compreender processos de mudança organizacional, que reverberam na eficácia da implementação de inovações.","Curiosidade - Ser interessado em ideias e ter paixão por aprender, compreensão e exploração intelectual; uma mentalidade curiosa;
Criatividade - Gerar novas maneiras de fazer ou pensar sobre as coisas por meio de exploração, aprendizagem a partir do fracasso, insight e visão;
Persistência - Ser capaz de perseverar em tarefas e atividades até que sejam concluídas;
Cooperação - Viver em harmonia com os outros e valorizar a interconexão entre todas as pessoas;
Tolerância ao estresse - Ter eficácia na modulação da ansiedade e capacidade de resolver problemas com calma;
Motivação de realização - Estabelecer padrões elevados para si mesmo e trabalhar muito para alcançá-los.", e Desenvolvimento de Negócios,C4,3,Design Thinking e Canvas,U4,15,Ferramentas de ,Aula 1: Mapa da empatia para Design Thinking ,"Aplicar metodologias de  por meio do Design Thinking para a busca de soluções no desenvolvimento de novos produtos e serviços.
",Resolver problemas.,Identificar conceitos fundamentais do Design Thinking.,1. Fundamentos do Design Thinking e Mapa da Empatia
,3,T,"Capacidade de apoiar o desenvolvimento e/ou a melhoria de produtos ou serviços inovadores que atendam às necessidades emergentes do mercado ou que introduzam novas funcionalidades e melhorias sobre os existentes; Habilidade em integrar e aplicar tecnologias emergentes no desenvolvimento de produtos, processos ou modelos de negócios, buscando soluções eficientes e competitivas; Identificar possibilidades em desenvolver e implementar modelos de negócios sustentáveis e escaláveis que capitalizem oportunidades de mercado e maximizem o valor para os stakeholders; Utilizar ferramentas de Design Thinking e Canvas para a solução de problemas complexos de forma criativa e centrada no usuário, bem como habilidade no uso do Business Model Canvas para a visualização estratégica de componentes-chave de um negócio; Identificar e compreender processos de mudança organizacional, que reverberam na eficácia da implementação de inovações.","Curiosidade - Ser interessado em ideias e ter paixão por aprender, compreensão e exploração intelectual; uma mentalidade curiosa;
Criatividade - Gerar novas maneiras de fazer ou pensar sobre as coisas por meio de exploração, aprendizagem a partir do fracasso, insight e visão;
Persistência - Ser capaz de perseverar em tarefas e atividades até que sejam concluídas;
Cooperação - Viver em harmonia com os outros e valorizar a interconexão entre todas as pessoas;
Tolerância ao estresse - Ter eficácia na modulação da ansiedade e capacidade de resolver problemas com calma;
Motivação de realização - Estabelecer padrões elevados para si mesmo e trabalhar muito para alcançá-los.", e Desenvolvimento de Negócios,C4,3,Design Thinking e Canvas,U4,15,Ferramentas de ,Aula 2: Fases do Design Thinking,"Aplicar metodologias de  por meio do Design Thinking para a busca de soluções no desenvolvimento de novos produtos e serviços.
",Resolver problemas.,Explorar etapas do Design Thinking.,"2. Projeto centrado em pessoas: empatia, definição, ideação"
,3,T,"Capacidade de apoiar o desenvolvimento e/ou a melhoria de produtos ou serviços inovadores que atendam às necessidades emergentes do mercado ou que introduzam novas funcionalidades e melhorias sobre os existentes; Habilidade em integrar e aplicar tecnologias emergentes no desenvolvimento de produtos, processos ou modelos de negócios, buscando soluções eficientes e competitivas; Identificar possibilidades em desenvolver e implementar modelos de negócios sustentáveis e escaláveis que capitalizem oportunidades de mercado e maximizem o valor para os stakeholders; Utilizar ferramentas de Design Thinking e Canvas para a solução de problemas complexos de forma criativa e centrada no usuário, bem como habilidade no uso do Business Model Canvas para a visualização estratégica de componentes-chave de um negócio; Identificar e compreender processos de mudança organizacional, que reverberam na eficácia da implementação de inovações.","Curiosidade - Ser interessado em ideias e ter paixão por aprender, compreensão e exploração intelectual; uma mentalidade curiosa;
Criatividade - Gerar novas maneiras de fazer ou pensar sobre as coisas por meio de exploração, aprendizagem a partir do fracasso, insight e visão;
Persistência - Ser capaz de perseverar em tarefas e atividades até que sejam concluídas;
Cooperação - Viver em harmonia com os outros e valorizar a interconexão entre todas as pessoas;
Tolerância ao estresse - Ter eficácia na modulação da ansiedade e capacidade de resolver problemas com calma;
Motivação de realização - Estabelecer padrões elevados para si mesmo e trabalhar muito para alcançá-los.", e Desenvolvimento de Negócios,C4,3,Design Thinking e Canvas,U4,15,Ferramentas de ,Aula 3: Aplicação de Canvas em startups,"Aplicar metodologias de  por meio do Design Thinking para a busca de soluções no desenvolvimento de novos produtos e serviços.
",Resolver problemas.,Conhecer Business Model Canvas.,3. Modelos de negócios inovadores e escaláveis
,3,T,"Capacidade de apoiar o desenvolvimento e/ou a melhoria de produtos ou serviços inovadores que atendam às necessidades emergentes do mercado ou que introduzam novas funcionalidades e melhorias sobre os existentes; Habilidade em integrar e aplicar tecnologias emergentes no desenvolvimento de produtos, processos ou modelos de negócios, buscando soluções eficientes e competitivas; Identificar possibilidades em desenvolver e implementar modelos de negócios sustentáveis e escaláveis que capitalizem oportunidades de mercado e maximizem o valor para os stakeholders; Utilizar ferramentas de Design Thinking e Canvas para a solução de problemas complexos de forma criativa e centrada no usuário, bem como habilidade no uso do Business Model Canvas para a visualização estratégica de componentes-chave de um negócio; Identificar e compreender processos de mudança organizacional, que reverberam na eficácia da implementação de inovações.","Curiosidade - Ser interessado em ideias e ter paixão por aprender, compreensão e exploração intelectual; uma mentalidade curiosa;
Criatividade - Gerar novas maneiras de fazer ou pensar sobre as coisas por meio de exploração, aprendizagem a partir do fracasso, insight e visão;
Persistência - Ser capaz de perseverar em tarefas e atividades até que sejam concluídas;
Cooperação - Viver em harmonia com os outros e valorizar a interconexão entre todas as pessoas;
Tolerância ao estresse - Ter eficácia na modulação da ansiedade e capacidade de resolver problemas com calma;
Motivação de realização - Estabelecer padrões elevados para si mesmo e trabalhar muito para alcançá-los.", e Desenvolvimento de Negócios,C4,3,Desenvolvimento de Produtos e Serviços,U2,16,Pesquisa e Desenvolvimento para ,Aula 1:  apoiada por pesquisa e desenvolvimento,"
Reconhecer etapas básicas de desenvolvimento de novos produtos e serviços.",Persistir diante de desafios e dificuldades.,Identificar métodos de pesquisa utilizados em projetos de .,1. Reconhecer as fases do desenvolvimento de produtos inovadores
,3,T,"Capacidade de apoiar o desenvolvimento e/ou a melhoria de produtos ou serviços inovadores que atendam às necessidades emergentes do mercado ou que introduzam novas funcionalidades e melhorias sobre os existentes; Habilidade em integrar e aplicar tecnologias emergentes no desenvolvimento de produtos, processos ou modelos de negócios, buscando soluções eficientes e competitivas; Identificar possibilidades em desenvolver e implementar modelos de negócios sustentáveis e escaláveis que capitalizem oportunidades de mercado e maximizem o valor para os stakeholders; Utilizar ferramentas de Design Thinking e Canvas para a solução de problemas complexos de forma criativa e centrada no usuário, bem como habilidade no uso do Business Model Canvas para a visualização estratégica de componentes-chave de um negócio; Identificar e compreender processos de mudança organizacional, que reverberam na eficácia da implementação de inovações.","Curiosidade - Ser interessado em ideias e ter paixão por aprender, compreensão e exploração intelectual; uma mentalidade curiosa;
Criatividade - Gerar novas maneiras de fazer ou pensar sobre as coisas por meio de exploração, aprendizagem a partir do fracasso, insight e visão;
Persistência - Ser capaz de perseverar em tarefas e atividades até que sejam concluídas;
Cooperação - Viver em harmonia com os outros e valorizar a interconexão entre todas as pessoas;
Tolerância ao estresse - Ter eficácia na modulação da ansiedade e capacidade de resolver problemas com calma;
Motivação de realização - Estabelecer padrões elevados para si mesmo e trabalhar muito para alcançá-los.", e Desenvolvimento de Negócios,C4,3,Desenvolvimento de Produtos e Serviços,U2,16,Pesquisa e Desenvolvimento para ,Aula 2: Ferramentas de pesquisa aplicadas à ,"
Reconhecer etapas básicas de desenvolvimento de novos produtos e serviços.",Persistir diante de desafios e dificuldades.,Utilizar ferramentas de pesquisa para identificar oportunidades de .,2. Identificar as principais metodologias utilizadas para fomentar 
,3,T,"Capacidade de apoiar o desenvolvimento e/ou a melhoria de produtos ou serviços inovadores que atendam às necessidades emergentes do mercado ou que introduzam novas funcionalidades e melhorias sobre os existentes; Habilidade em integrar e aplicar tecnologias emergentes no desenvolvimento de produtos, processos ou modelos de negócios, buscando soluções eficientes e competitivas; Identificar possibilidades em desenvolver e implementar modelos de negócios sustentáveis e escaláveis que capitalizem oportunidades de mercado e maximizem o valor para os stakeholders; Utilizar ferramentas de Design Thinking e Canvas para a solução de problemas complexos de forma criativa e centrada no usuário, bem como habilidade no uso do Business Model Canvas para a visualização estratégica de componentes-chave de um negócio; Identificar e compreender processos de mudança organizacional, que reverberam na eficácia da implementação de inovações.","Curiosidade - Ser interessado em ideias e ter paixão por aprender, compreensão e exploração intelectual; uma mentalidade curiosa;
Criatividade - Gerar novas maneiras de fazer ou pensar sobre as coisas por meio de exploração, aprendizagem a partir do fracasso, insight e visão;
Persistência - Ser capaz de perseverar em tarefas e atividades até que sejam concluídas;
Cooperação - Viver em harmonia com os outros e valorizar a interconexão entre todas as pessoas;
Tolerância ao estresse - Ter eficácia na modulação da ansiedade e capacidade de resolver problemas com calma;
Motivação de realização - Estabelecer padrões elevados para si mesmo e trabalhar muito para alcançá-los.", e Desenvolvimento de Negócios,C4,3,Desenvolvimento de Produtos e Serviços,U2,16,Pesquisa e Desenvolvimento para ,Aula 3: Ciclo de vida de produtos inovadores,"
Reconhecer etapas básicas de desenvolvimento de novos produtos e serviços.",Persistir diante de desafios e dificuldades.,Reconhecer ciclo de produtos desde o lançamento até a obsolescência.,3. Lançamento e posicionamento de produtos inovadores no mercado
,3,P,"Capacidade de apoiar o desenvolvimento e/ou a melhoria de produtos ou serviços inovadores que atendam às necessidades emergentes do mercado ou que introduzam novas funcionalidades e melhorias sobre os existentes; Habilidade em integrar e aplicar tecnologias emergentes no desenvolvimento de produtos, processos ou modelos de negócios, buscando soluções eficientes e competitivas; Identificar possibilidades em desenvolver e implementar modelos de negócios sustentáveis e escaláveis que capitalizem oportunidades de mercado e maximizem o valor para os stakeholders; Utilizar ferramentas de Design Thinking e Canvas para a solução de problemas complexos de forma criativa e centrada no usuário, bem como habilidade no uso do Business Model Canvas para a visualização estratégica de componentes-chave de um negócio; Identificar e compreender processos de mudança organizacional, que reverberam na eficácia da implementação de inovações.","Curiosidade - Ser interessado em ideias e ter paixão por aprender, compreensão e exploração intelectual; uma mentalidade curiosa;
Criatividade - Gerar novas maneiras de fazer ou pensar sobre as coisas por meio de exploração, aprendizagem a partir do fracasso, insight e visão;
Persistência - Ser capaz de perseverar em tarefas e atividades até que sejam concluídas;
Cooperação - Viver em harmonia com os outros e valorizar a interconexão entre todas as pessoas;
Tolerância ao estresse - Ter eficácia na modulação da ansiedade e capacidade de resolver problemas com calma;
Motivação de realização - Estabelecer padrões elevados para si mesmo e trabalhar muito para alcançá-los.", e Desenvolvimento de Negócios,C4,3,Empreendedorismo e Modelos Empresariais,U5,17,Pitch para Investidores na Prática,Aula 1: Problema x proposição de valor,Praticar pitch para o desenvolvimento da comunicação persuasiva.,Comunicar-se de forma eficaz.,Identificar um problema de mercado e formular uma proposta de valor.,1. Criação de valor para o cliente
,3,P,"Capacidade de apoiar o desenvolvimento e/ou a melhoria de produtos ou serviços inovadores que atendam às necessidades emergentes do mercado ou que introduzam novas funcionalidades e melhorias sobre os existentes; Habilidade em integrar e aplicar tecnologias emergentes no desenvolvimento de produtos, processos ou modelos de negócios, buscando soluções eficientes e competitivas; Identificar possibilidades em desenvolver e implementar modelos de negócios sustentáveis e escaláveis que capitalizem oportunidades de mercado e maximizem o valor para os stakeholders; Utilizar ferramentas de Design Thinking e Canvas para a solução de problemas complexos de forma criativa e centrada no usuário, bem como habilidade no uso do Business Model Canvas para a visualização estratégica de componentes-chave de um negócio; Identificar e compreender processos de mudança organizacional, que reverberam na eficácia da implementação de inovações.","Curiosidade - Ser interessado em ideias e ter paixão por aprender, compreensão e exploração intelectual; uma mentalidade curiosa;
Criatividade - Gerar novas maneiras de fazer ou pensar sobre as coisas por meio de exploração, aprendizagem a partir do fracasso, insight e visão;
Persistência - Ser capaz de perseverar em tarefas e atividades até que sejam concluídas;
Cooperação - Viver em harmonia com os outros e valorizar a interconexão entre todas as pessoas;
Tolerância ao estresse - Ter eficácia na modulação da ansiedade e capacidade de resolver problemas com calma;
Motivação de realização - Estabelecer padrões elevados para si mesmo e trabalhar muito para alcançá-los.", e Desenvolvimento de Negócios,C4,3,Empreendedorismo e Modelos Empresariais,U5,17,Pitch para Investidores na Prática,Aula 2: Estruturação de pitch,Praticar pitch para o desenvolvimento da comunicação persuasiva.,Comunicar-se de forma eficaz.,Desenvolver um pitch estruturado.,2. Princípios de storytelling
,3,P,"Capacidade de apoiar o desenvolvimento e/ou a melhoria de produtos ou serviços inovadores que atendam às necessidades emergentes do mercado ou que introduzam novas funcionalidades e melhorias sobre os existentes; Habilidade em integrar e aplicar tecnologias emergentes no desenvolvimento de produtos, processos ou modelos de negócios, buscando soluções eficientes e competitivas; Identificar possibilidades em desenvolver e implementar modelos de negócios sustentáveis e escaláveis que capitalizem oportunidades de mercado e maximizem o valor para os stakeholders; Utilizar ferramentas de Design Thinking e Canvas para a solução de problemas complexos de forma criativa e centrada no usuário, bem como habilidade no uso do Business Model Canvas para a visualização estratégica de componentes-chave de um negócio; Identificar e compreender processos de mudança organizacional, que reverberam na eficácia da implementação de inovações.","Curiosidade - Ser interessado em ideias e ter paixão por aprender, compreensão e exploração intelectual; uma mentalidade curiosa;
Criatividade - Gerar novas maneiras de fazer ou pensar sobre as coisas por meio de exploração, aprendizagem a partir do fracasso, insight e visão;
Persistência - Ser capaz de perseverar em tarefas e atividades até que sejam concluídas;
Cooperação - Viver em harmonia com os outros e valorizar a interconexão entre todas as pessoas;
Tolerância ao estresse - Ter eficácia na modulação da ansiedade e capacidade de resolver problemas com calma;
Motivação de realização - Estabelecer padrões elevados para si mesmo e trabalhar muito para alcançá-los.", e Desenvolvimento de Negócios,C4,3,Empreendedorismo e Modelos Empresariais,U5,17,Pitch para Investidores na Prática,Aula 3: Feedback construtivo,Praticar pitch para o desenvolvimento da comunicação persuasiva.,Comunicar-se de forma eficaz.,Apresentar o pitch desenvolvido.,3. Iteração com base em feedback
,Recomposição da Aprendizagem,,,,,,,,,,,,,,,
,3,T,"Capacidade de apoiar o desenvolvimento e/ou a melhoria de produtos ou serviços inovadores que atendam às necessidades emergentes do mercado ou que introduzam novas funcionalidades e melhorias sobre os existentes; Habilidade em integrar e aplicar tecnologias emergentes no desenvolvimento de produtos, processos ou modelos de negócios, buscando soluções eficientes e competitivas; Identificar possibilidades em desenvolver e implementar modelos de negócios sustentáveis e escaláveis que capitalizem oportunidades de mercado e maximizem o valor para os stakeholders; Utilizar ferramentas de Design Thinking e Canvas para a solução de problemas complexos de forma criativa e centrada no usuário, bem como habilidade no uso do Business Model Canvas para a visualização estratégica de componentes-chave de um negócio; Identificar e compreender processos de mudança organizacional, que reverberam na eficácia da implementação de inovações.","Curiosidade - Ser interessado em ideias e ter paixão por aprender, compreensão e exploração intelectual; uma mentalidade curiosa;
Criatividade - Gerar novas maneiras de fazer ou pensar sobre as coisas por meio de exploração, aprendizagem a partir do fracasso, insight e visão;
Persistência - Ser capaz de perseverar em tarefas e atividades até que sejam concluídas;
Cooperação - Viver em harmonia com os outros e valorizar a interconexão entre todas as pessoas;
Tolerância ao estresse - Ter eficácia na modulação da ansiedade e capacidade de resolver problemas com calma;
Motivação de realização - Estabelecer padrões elevados para si mesmo e trabalhar muito para alcançá-los.", e Desenvolvimento de Negócios,C4,3, e Tecnologia,U1,18,Tecnologia na Administração: Transformação Digital,Aula 1: Primeiros passos na transformação digital,"
Identificar processos de mudança organizacional.",Ser flexível.,Identificar principais conceitos e benefícios da transformação digital.,1. Tecnologias emergentes e impactos nos negócios
,3,T,"Capacidade de apoiar o desenvolvimento e/ou a melhoria de produtos ou serviços inovadores que atendam às necessidades emergentes do mercado ou que introduzam novas funcionalidades e melhorias sobre os existentes; Habilidade em integrar e aplicar tecnologias emergentes no desenvolvimento de produtos, processos ou modelos de negócios, buscando soluções eficientes e competitivas; Identificar possibilidades em desenvolver e implementar modelos de negócios sustentáveis e escaláveis que capitalizem oportunidades de mercado e maximizem o valor para os stakeholders; Utilizar ferramentas de Design Thinking e Canvas para a solução de problemas complexos de forma criativa e centrada no usuário, bem como habilidade no uso do Business Model Canvas para a visualização estratégica de componentes-chave de um negócio; Identificar e compreender processos de mudança organizacional, que reverberam na eficácia da implementação de inovações.","Curiosidade - Ser interessado em ideias e ter paixão por aprender, compreensão e exploração intelectual; uma mentalidade curiosa;
Criatividade - Gerar novas maneiras de fazer ou pensar sobre as coisas por meio de exploração, aprendizagem a partir do fracasso, insight e visão;
Persistência - Ser capaz de perseverar em tarefas e atividades até que sejam concluídas;
Cooperação - Viver em harmonia com os outros e valorizar a interconexão entre todas as pessoas;
Tolerância ao estresse - Ter eficácia na modulação da ansiedade e capacidade de resolver problemas com calma;
Motivação de realização - Estabelecer padrões elevados para si mesmo e trabalhar muito para alcançá-los.", e Desenvolvimento de Negócios,C4,3, e Tecnologia,U1,18,Tecnologia na Administração: Transformação Digital,Aula 2: Tecnologias disruptivas no ambiente corporativo,"
Identificar processos de mudança organizacional.",Ser flexível.,Explorar como tecnologias disruptivas moldam novas oportunidades de negócios.,2. Blockchain e realidade aumentada
,3,T,"Capacidade de apoiar o desenvolvimento e/ou a melhoria de produtos ou serviços inovadores que atendam às necessidades emergentes do mercado ou que introduzam novas funcionalidades e melhorias sobre os existentes; Habilidade em integrar e aplicar tecnologias emergentes no desenvolvimento de produtos, processos ou modelos de negócios, buscando soluções eficientes e competitivas; Identificar possibilidades em desenvolver e implementar modelos de negócios sustentáveis e escaláveis que capitalizem oportunidades de mercado e maximizem o valor para os stakeholders; Utilizar ferramentas de Design Thinking e Canvas para a solução de problemas complexos de forma criativa e centrada no usuário, bem como habilidade no uso do Business Model Canvas para a visualização estratégica de componentes-chave de um negócio; Identificar e compreender processos de mudança organizacional, que reverberam na eficácia da implementação de inovações.","Curiosidade - Ser interessado em ideias e ter paixão por aprender, compreensão e exploração intelectual; uma mentalidade curiosa;
Criatividade - Gerar novas maneiras de fazer ou pensar sobre as coisas por meio de exploração, aprendizagem a partir do fracasso, insight e visão;
Persistência - Ser capaz de perseverar em tarefas e atividades até que sejam concluídas;
Cooperação - Viver em harmonia com os outros e valorizar a interconexão entre todas as pessoas;
Tolerância ao estresse - Ter eficácia na modulação da ansiedade e capacidade de resolver problemas com calma;
Motivação de realização - Estabelecer padrões elevados para si mesmo e trabalhar muito para alcançá-los.", e Desenvolvimento de Negócios,C4,3, e Tecnologia,U1,18,Tecnologia na Administração: Transformação Digital,Aula 3: Implementação da transformação digital,"
Identificar processos de mudança organizacional.",Ser flexível.,Conhecer abordagens para incorporar transformação digital.,3. Design Thinking e Lean Startup
X,3,T,"Capacidade de apoiar o desenvolvimento e/ou a melhoria de produtos ou serviços inovadores que atendam às necessidades emergentes do mercado ou que introduzam novas funcionalidades e melhorias sobre os existentes; Habilidade em integrar e aplicar tecnologias emergentes no desenvolvimento de produtos, processos ou modelos de negócios, buscando soluções eficientes e competitivas; Identificar possibilidades em desenvolver e implementar modelos de negócios sustentáveis e escaláveis que capitalizem oportunidades de mercado e maximizem o valor para os stakeholders; Utilizar ferramentas de Design Thinking e Canvas para a solução de problemas complexos de forma criativa e centrada no usuário, bem como habilidade no uso do Business Model Canvas para a visualização estratégica de componentes-chave de um negócio; Identificar e compreender processos de mudança organizacional, que reverberam na eficácia da implementação de inovações.","Curiosidade - Ser interessado em ideias e ter paixão por aprender, compreensão e exploração intelectual; uma mentalidade curiosa;
Criatividade - Gerar novas maneiras de fazer ou pensar sobre as coisas por meio de exploração, aprendizagem a partir do fracasso, insight e visão;
Persistência - Ser capaz de perseverar em tarefas e atividades até que sejam concluídas;
Cooperação - Viver em harmonia com os outros e valorizar a interconexão entre todas as pessoas;
Tolerância ao estresse - Ter eficácia na modulação da ansiedade e capacidade de resolver problemas com calma;
Motivação de realização - Estabelecer padrões elevados para si mesmo e trabalhar muito para alcançá-los.", e Desenvolvimento de Negócios,C4,3,Gestão da Mudança,U3,19,Resistência à Mudança: Como Superar?,Aula 1: Reconhecendo a resistência à mudança,"Identificar razões da resistência.
",Ser resiliente.,Identificar conceitos e impactos da resistência à mudança.,1. Modelos de resistência à mudança
X,3,T,"Capacidade de apoiar o desenvolvimento e/ou a melhoria de produtos ou serviços inovadores que atendam às necessidades emergentes do mercado ou que introduzam novas funcionalidades e melhorias sobre os existentes; Habilidade em integrar e aplicar tecnologias emergentes no desenvolvimento de produtos, processos ou modelos de negócios, buscando soluções eficientes e competitivas; Identificar possibilidades em desenvolver e implementar modelos de negócios sustentáveis e escaláveis que capitalizem oportunidades de mercado e maximizem o valor para os stakeholders; Utilizar ferramentas de Design Thinking e Canvas para a solução de problemas complexos de forma criativa e centrada no usuário, bem como habilidade no uso do Business Model Canvas para a visualização estratégica de componentes-chave de um negócio; Identificar e compreender processos de mudança organizacional, que reverberam na eficácia da implementação de inovações.","Curiosidade - Ser interessado em ideias e ter paixão por aprender, compreensão e exploração intelectual; uma mentalidade curiosa;
Criatividade - Gerar novas maneiras de fazer ou pensar sobre as coisas por meio de exploração, aprendizagem a partir do fracasso, insight e visão;
Persistência - Ser capaz de perseverar em tarefas e atividades até que sejam concluídas;
Cooperação - Viver em harmonia com os outros e valorizar a interconexão entre todas as pessoas;
Tolerância ao estresse - Ter eficácia na modulação da ansiedade e capacidade de resolver problemas com calma;
Motivação de realização - Estabelecer padrões elevados para si mesmo e trabalhar muito para alcançá-los.", e Desenvolvimento de Negócios,C4,3,Gestão da Mudança,U3,19,Resistência à Mudança: Como Superar?,Aula 2: Causas e impactos da resistência à mudança,"Identificar razões da resistência.
",Ser resiliente.,Identificar causas da resistência à mudança.,2. Fatores organizacionais que influenciam a resistência à mudança
X,3,T,"Capacidade de apoiar o desenvolvimento e/ou a melhoria de produtos ou serviços inovadores que atendam às necessidades emergentes do mercado ou que introduzam novas funcionalidades e melhorias sobre os existentes; Habilidade em integrar e aplicar tecnologias emergentes no desenvolvimento de produtos, processos ou modelos de negócios, buscando soluções eficientes e competitivas; Identificar possibilidades em desenvolver e implementar modelos de negócios sustentáveis e escaláveis que capitalizem oportunidades de mercado e maximizem o valor para os stakeholders; Utilizar ferramentas de Design Thinking e Canvas para a solução de problemas complexos de forma criativa e centrada no usuário, bem como habilidade no uso do Business Model Canvas para a visualização estratégica de componentes-chave de um negócio; Identificar e compreender processos de mudança organizacional, que reverberam na eficácia da implementação de inovações.","Curiosidade - Ser interessado em ideias e ter paixão por aprender, compreensão e exploração intelectual; uma mentalidade curiosa;
Criatividade - Gerar novas maneiras de fazer ou pensar sobre as coisas por meio de exploração, aprendizagem a partir do fracasso, insight e visão;
Persistência - Ser capaz de perseverar em tarefas e atividades até que sejam concluídas;
Cooperação - Viver em harmonia com os outros e valorizar a interconexão entre todas as pessoas;
Tolerância ao estresse - Ter eficácia na modulação da ansiedade e capacidade de resolver problemas com calma;
Motivação de realização - Estabelecer padrões elevados para si mesmo e trabalhar muito para alcançá-los.", e Desenvolvimento de Negócios,C4,3,Gestão da Mudança,U3,19,Resistência à Mudança: Como Superar?,Aula 3: Ferramentas para superar a resistência,"Identificar razões da resistência.
",Ser resiliente.,Reconhecer técnicas de gestão da mudança.,3. Casos de gestão da mudança
,3,T,"Capacidade de apoiar o desenvolvimento e/ou a melhoria de produtos ou serviços inovadores que atendam às necessidades emergentes do mercado ou que introduzam novas funcionalidades e melhorias sobre os existentes; Habilidade em integrar e aplicar tecnologias emergentes no desenvolvimento de produtos, processos ou modelos de negócios, buscando soluções eficientes e competitivas; Identificar possibilidades em desenvolver e implementar modelos de negócios sustentáveis e escaláveis que capitalizem oportunidades de mercado e maximizem o valor para os stakeholders; Utilizar ferramentas de Design Thinking e Canvas para a solução de problemas complexos de forma criativa e centrada no usuário, bem como habilidade no uso do Business Model Canvas para a visualização estratégica de componentes-chave de um negócio; Identificar e compreender processos de mudança organizacional, que reverberam na eficácia da implementação de inovações.","Curiosidade - Ser interessado em ideias e ter paixão por aprender, compreensão e exploração intelectual; uma mentalidade curiosa;
Criatividade - Gerar novas maneiras de fazer ou pensar sobre as coisas por meio de exploração, aprendizagem a partir do fracasso, insight e visão;
Persistência - Ser capaz de perseverar em tarefas e atividades até que sejam concluídas;
Cooperação - Viver em harmonia com os outros e valorizar a interconexão entre todas as pessoas;
Tolerância ao estresse - Ter eficácia na modulação da ansiedade e capacidade de resolver problemas com calma;
Motivação de realização - Estabelecer padrões elevados para si mesmo e trabalhar muito para alcançá-los.", e Desenvolvimento de Negócios,C4,3,Desenvolvimento de Produtos e Serviços,U2,20,Desenvolvimento de Produtos e Serviços Inovadores,Aula 1: Fundamentos do desenvolvimento de produtos e serviços inovadores,"
Aplicar ferramentas para desenvolvimento de produtos e serviços.",Ser resiliente.,Identificar principais conceitos e etapas do desenvolvimento de produtos e serviços inovadores.,1. Processo de desenvolvimento de produtos e serviços
,3,T,"Capacidade de apoiar o desenvolvimento e/ou a melhoria de produtos ou serviços inovadores que atendam às necessidades emergentes do mercado ou que introduzam novas funcionalidades e melhorias sobre os existentes; Habilidade em integrar e aplicar tecnologias emergentes no desenvolvimento de produtos, processos ou modelos de negócios, buscando soluções eficientes e competitivas; Identificar possibilidades em desenvolver e implementar modelos de negócios sustentáveis e escaláveis que capitalizem oportunidades de mercado e maximizem o valor para os stakeholders; Utilizar ferramentas de Design Thinking e Canvas para a solução de problemas complexos de forma criativa e centrada no usuário, bem como habilidade no uso do Business Model Canvas para a visualização estratégica de componentes-chave de um negócio; Identificar e compreender processos de mudança organizacional, que reverberam na eficácia da implementação de inovações.","Curiosidade - Ser interessado em ideias e ter paixão por aprender, compreensão e exploração intelectual; uma mentalidade curiosa;
Criatividade - Gerar novas maneiras de fazer ou pensar sobre as coisas por meio de exploração, aprendizagem a partir do fracasso, insight e visão;
Persistência - Ser capaz de perseverar em tarefas e atividades até que sejam concluídas;
Cooperação - Viver em harmonia com os outros e valorizar a interconexão entre todas as pessoas;
Tolerância ao estresse - Ter eficácia na modulação da ansiedade e capacidade de resolver problemas com calma;
Motivação de realização - Estabelecer padrões elevados para si mesmo e trabalhar muito para alcançá-los.", e Desenvolvimento de Negócios,C4,3,Desenvolvimento de Produtos e Serviços,U2,20,Desenvolvimento de Produtos e Serviços Inovadores,Aula 2: Ferramentas de desenvolvimento para ,"
Aplicar ferramentas para desenvolvimento de produtos e serviços.",Ser resiliente.,Explorar diferentes ferramentas utilizadas para  no desenvolvimento de produtos e serviços.,2. Tipos de estratégia de 
,3,T,"Capacidade de apoiar o desenvolvimento e/ou a melhoria de produtos ou serviços inovadores que atendam às necessidades emergentes do mercado ou que introduzam novas funcionalidades e melhorias sobre os existentes; Habilidade em integrar e aplicar tecnologias emergentes no desenvolvimento de produtos, processos ou modelos de negócios, buscando soluções eficientes e competitivas; Identificar possibilidades em desenvolver e implementar modelos de negócios sustentáveis e escaláveis que capitalizem oportunidades de mercado e maximizem o valor para os stakeholders; Utilizar ferramentas de Design Thinking e Canvas para a solução de problemas complexos de forma criativa e centrada no usuário, bem como habilidade no uso do Business Model Canvas para a visualização estratégica de componentes-chave de um negócio; Identificar e compreender processos de mudança organizacional, que reverberam na eficácia da implementação de inovações.","Curiosidade - Ser interessado em ideias e ter paixão por aprender, compreensão e exploração intelectual; uma mentalidade curiosa;
Criatividade - Gerar novas maneiras de fazer ou pensar sobre as coisas por meio de exploração, aprendizagem a partir do fracasso, insight e visão;
Persistência - Ser capaz de perseverar em tarefas e atividades até que sejam concluídas;
Cooperação - Viver em harmonia com os outros e valorizar a interconexão entre todas as pessoas;
Tolerância ao estresse - Ter eficácia na modulação da ansiedade e capacidade de resolver problemas com calma;
Motivação de realização - Estabelecer padrões elevados para si mesmo e trabalhar muito para alcançá-los.", e Desenvolvimento de Negócios,C4,3,Desenvolvimento de Produtos e Serviços,U2,20,Desenvolvimento de Produtos e Serviços Inovadores,Aula 3: Prototipagem e teste de conceitos inovadores,"
Aplicar ferramentas para desenvolvimento de produtos e serviços.",Ser resiliente.,Reconhecer a importância da prototipagem rápida.,3. Processo de prototipagem e teste de conceitos
,Recomposição da Aprendizagem,,,,,,,,,,,,,,,
,3,P,"Capacidade de apoiar o desenvolvimento e/ou a melhoria de produtos ou serviços inovadores que atendam às necessidades emergentes do mercado ou que introduzam novas funcionalidades e melhorias sobre os existentes; Habilidade em integrar e aplicar tecnologias emergentes no desenvolvimento de produtos, processos ou modelos de negócios, buscando soluções eficientes e competitivas; Identificar possibilidades em desenvolver e implementar modelos de negócios sustentáveis e escaláveis que capitalizem oportunidades de mercado e maximizem o valor para os stakeholders; Utilizar ferramentas de Design Thinking e Canvas para a solução de problemas complexos de forma criativa e centrada no usuário, bem como habilidade no uso do Business Model Canvas para a visualização estratégica de componentes-chave de um negócio; Identificar e compreender processos de mudança organizacional, que reverberam na eficácia da implementação de inovações.","Curiosidade - Ser interessado em ideias e ter paixão por aprender, compreensão e exploração intelectual; uma mentalidade curiosa;
Criatividade - Gerar novas maneiras de fazer ou pensar sobre as coisas por meio de exploração, aprendizagem a partir do fracasso, insight e visão;
Persistência - Ser capaz de perseverar em tarefas e atividades até que sejam concluídas;
Cooperação - Viver em harmonia com os outros e valorizar a interconexão entre todas as pessoas;
Tolerância ao estresse - Ter eficácia na modulação da ansiedade e capacidade de resolver problemas com calma;
Motivação de realização - Estabelecer padrões elevados para si mesmo e trabalhar muito para alcançá-los.", e Desenvolvimento de Negócios,C4,3,Desenvolvimento de Produtos e Serviços,U2,21,Criação de Protótipos de Produtos e Serviços Inovadores,Aula 1: Introdução à criação de protótipos inovadores,Utilizar métodos de prototipagem rápida.,"
Gerar soluções originais e inovadoras.",Identificar diferentes tipos de protótipo e suas aplicações.,1. Métodos de prototipagem
,3,P,"Capacidade de apoiar o desenvolvimento e/ou a melhoria de produtos ou serviços inovadores que atendam às necessidades emergentes do mercado ou que introduzam novas funcionalidades e melhorias sobre os existentes; Habilidade em integrar e aplicar tecnologias emergentes no desenvolvimento de produtos, processos ou modelos de negócios, buscando soluções eficientes e competitivas; Identificar possibilidades em desenvolver e implementar modelos de negócios sustentáveis e escaláveis que capitalizem oportunidades de mercado e maximizem o valor para os stakeholders; Utilizar ferramentas de Design Thinking e Canvas para a solução de problemas complexos de forma criativa e centrada no usuário, bem como habilidade no uso do Business Model Canvas para a visualização estratégica de componentes-chave de um negócio; Identificar e compreender processos de mudança organizacional, que reverberam na eficácia da implementação de inovações.","Curiosidade - Ser interessado em ideias e ter paixão por aprender, compreensão e exploração intelectual; uma mentalidade curiosa;
Criatividade - Gerar novas maneiras de fazer ou pensar sobre as coisas por meio de exploração, aprendizagem a partir do fracasso, insight e visão;
Persistência - Ser capaz de perseverar em tarefas e atividades até que sejam concluídas;
Cooperação - Viver em harmonia com os outros e valorizar a interconexão entre todas as pessoas;
Tolerância ao estresse - Ter eficácia na modulação da ansiedade e capacidade de resolver problemas com calma;
Motivação de realização - Estabelecer padrões elevados para si mesmo e trabalhar muito para alcançá-los.", e Desenvolvimento de Negócios,C4,3,Desenvolvimento de Produtos e Serviços,U2,21,Criação de Protótipos de Produtos e Serviços Inovadores,Aula 2: Técnicas de prototipagem rápida,Utilizar métodos de prototipagem rápida.,"
Gerar soluções originais e inovadoras.",Utilizar ferramentas e técnicas de prototipagem rápida.,2. Métodos de construção de protótipos
,3,P,"Capacidade de apoiar o desenvolvimento e/ou a melhoria de produtos ou serviços inovadores que atendam às necessidades emergentes do mercado ou que introduzam novas funcionalidades e melhorias sobre os existentes; Habilidade em integrar e aplicar tecnologias emergentes no desenvolvimento de produtos, processos ou modelos de negócios, buscando soluções eficientes e competitivas; Identificar possibilidades em desenvolver e implementar modelos de negócios sustentáveis e escaláveis que capitalizem oportunidades de mercado e maximizem o valor para os stakeholders; Utilizar ferramentas de Design Thinking e Canvas para a solução de problemas complexos de forma criativa e centrada no usuário, bem como habilidade no uso do Business Model Canvas para a visualização estratégica de componentes-chave de um negócio; Identificar e compreender processos de mudança organizacional, que reverberam na eficácia da implementação de inovações.","Curiosidade - Ser interessado em ideias e ter paixão por aprender, compreensão e exploração intelectual; uma mentalidade curiosa;
Criatividade - Gerar novas maneiras de fazer ou pensar sobre as coisas por meio de exploração, aprendizagem a partir do fracasso, insight e visão;
Persistência - Ser capaz de perseverar em tarefas e atividades até que sejam concluídas;
Cooperação - Viver em harmonia com os outros e valorizar a interconexão entre todas as pessoas;
Tolerância ao estresse - Ter eficácia na modulação da ansiedade e capacidade de resolver problemas com calma;
Motivação de realização - Estabelecer padrões elevados para si mesmo e trabalhar muito para alcançá-los.", e Desenvolvimento de Negócios,C4,3,Desenvolvimento de Produtos e Serviços,U2,21,Criação de Protótipos de Produtos e Serviços Inovadores,Aula 3: Testando e refinando protótipos,Utilizar métodos de prototipagem rápida.,"
Gerar soluções originais e inovadoras.",Saber tratar feedbacks para refinamento.,3. Processos de validação de protótipos
,Recomposição da Aprendizagem,,,,,,,,,,,,,,,
,4,T,"Capacidade de apoiar o desenvolvimento e/ou a melhoria de produtos ou serviços inovadores que atendam às necessidades emergentes do mercado ou que introduzam novas funcionalidades e melhorias sobre os existentes; Habilidade em integrar e aplicar tecnologias emergentes no desenvolvimento de produtos, processos ou modelos de negócios, buscando soluções eficientes e competitivas; Identificar possibilidades em desenvolver e implementar modelos de negócios sustentáveis e escaláveis que capitalizem oportunidades de mercado e maximizem o valor para os stakeholders; Utilizar ferramentas de Design Thinking e Canvas para a solução de problemas complexos de forma criativa e centrada no usuário, bem como habilidade no uso do Business Model Canvas para a visualização estratégica de componentes-chave de um negócio; Identificar e compreender processos de mudança organizacional, que reverberam na eficácia da implementação de inovações.","Curiosidade - Ser interessado em ideias e ter paixão por aprender, compreensão e exploração intelectual; uma mentalidade curiosa;
Criatividade - Gerar novas maneiras de fazer ou pensar sobre as coisas por meio de exploração, aprendizagem a partir do fracasso, insight e visão;
Persistência - Ser capaz de perseverar em tarefas e atividades até que sejam concluídas;
Cooperação - Viver em harmonia com os outros e valorizar a interconexão entre todas as pessoas;
Tolerância ao estresse - Ter eficácia na modulação da ansiedade e capacidade de resolver problemas com calma;
Motivação de realização - Estabelecer padrões elevados para si mesmo e trabalhar muito para alcançá-los.", e Desenvolvimento de Negócios,C4,3,Design Thinking e Canvas,U4,22,Business Model Canvas para Pequenos Negócios,Aula 1: Importância do BMC para pequenos negócios,"
Desenvolver propostas de valor, estrutura de custos e fontes de receitas para pequenos negócios.",Pensar analiticamente.,Reconhecer conceito e importância do BMC para pequenos negócios.,1. Estrutura e componentes do BMC
,4,T,"Capacidade de apoiar o desenvolvimento e/ou a melhoria de produtos ou serviços inovadores que atendam às necessidades emergentes do mercado ou que introduzam novas funcionalidades e melhorias sobre os existentes; Habilidade em integrar e aplicar tecnologias emergentes no desenvolvimento de produtos, processos ou modelos de negócios, buscando soluções eficientes e competitivas; Identificar possibilidades em desenvolver e implementar modelos de negócios sustentáveis e escaláveis que capitalizem oportunidades de mercado e maximizem o valor para os stakeholders; Utilizar ferramentas de Design Thinking e Canvas para a solução de problemas complexos de forma criativa e centrada no usuário, bem como habilidade no uso do Business Model Canvas para a visualização estratégica de componentes-chave de um negócio; Identificar e compreender processos de mudança organizacional, que reverberam na eficácia da implementação de inovações.","Curiosidade - Ser interessado em ideias e ter paixão por aprender, compreensão e exploração intelectual; uma mentalidade curiosa;
Criatividade - Gerar novas maneiras de fazer ou pensar sobre as coisas por meio de exploração, aprendizagem a partir do fracasso, insight e visão;
Persistência - Ser capaz de perseverar em tarefas e atividades até que sejam concluídas;
Cooperação - Viver em harmonia com os outros e valorizar a interconexão entre todas as pessoas;
Tolerância ao estresse - Ter eficácia na modulação da ansiedade e capacidade de resolver problemas com calma;
Motivação de realização - Estabelecer padrões elevados para si mesmo e trabalhar muito para alcançá-los.", e Desenvolvimento de Negócios,C4,3,Design Thinking e Canvas,U4,22,Business Model Canvas para Pequenos Negócios,Aula 2: Análise de mercado e proposta de valor no contexto de pequenos negócios,"
Desenvolver propostas de valor, estrutura de custos e fontes de receitas para pequenos negócios.",Pensar analiticamente.,Formular proposta de valor utilizando BMC.,2. Proposta de valor e segmentos de clientes para pequenos negócios
,4,T,"Capacidade de apoiar o desenvolvimento e/ou a melhoria de produtos ou serviços inovadores que atendam às necessidades emergentes do mercado ou que introduzam novas funcionalidades e melhorias sobre os existentes; Habilidade em integrar e aplicar tecnologias emergentes no desenvolvimento de produtos, processos ou modelos de negócios, buscando soluções eficientes e competitivas; Identificar possibilidades em desenvolver e implementar modelos de negócios sustentáveis e escaláveis que capitalizem oportunidades de mercado e maximizem o valor para os stakeholders; Utilizar ferramentas de Design Thinking e Canvas para a solução de problemas complexos de forma criativa e centrada no usuário, bem como habilidade no uso do Business Model Canvas para a visualização estratégica de componentes-chave de um negócio; Identificar e compreender processos de mudança organizacional, que reverberam na eficácia da implementação de inovações.","Curiosidade - Ser interessado em ideias e ter paixão por aprender, compreensão e exploração intelectual; uma mentalidade curiosa;
Criatividade - Gerar novas maneiras de fazer ou pensar sobre as coisas por meio de exploração, aprendizagem a partir do fracasso, insight e visão;
Persistência - Ser capaz de perseverar em tarefas e atividades até que sejam concluídas;
Cooperação - Viver em harmonia com os outros e valorizar a interconexão entre todas as pessoas;
Tolerância ao estresse - Ter eficácia na modulação da ansiedade e capacidade de resolver problemas com calma;
Motivação de realização - Estabelecer padrões elevados para si mesmo e trabalhar muito para alcançá-los.", e Desenvolvimento de Negócios,C4,3,Design Thinking e Canvas,U4,22,Business Model Canvas para Pequenos Negócios,Aula 3: Estrutura de custos e fontes de receitas para pequenos negócios,"
Desenvolver propostas de valor, estrutura de custos e fontes de receitas para pequenos negócios.",Pensar analiticamente.,Identificar estrutura de custos e fontes de receita para pequenos negócios.,3. Estrutura de custos e fontes de receita para pequenos negócios
,4,P,"Capacidade de apoiar o desenvolvimento e/ou a melhoria de produtos ou serviços inovadores que atendam às necessidades emergentes do mercado ou que introduzam novas funcionalidades e melhorias sobre os existentes; Habilidade em integrar e aplicar tecnologias emergentes no desenvolvimento de produtos, processos ou modelos de negócios, buscando soluções eficientes e competitivas; Identificar possibilidades em desenvolver e implementar modelos de negócios sustentáveis e escaláveis que capitalizem oportunidades de mercado e maximizem o valor para os stakeholders; Utilizar ferramentas de Design Thinking e Canvas para a solução de problemas complexos de forma criativa e centrada no usuário, bem como habilidade no uso do Business Model Canvas para a visualização estratégica de componentes-chave de um negócio; Identificar e compreender processos de mudança organizacional, que reverberam na eficácia da implementação de inovações.","Curiosidade - Ser interessado em ideias e ter paixão por aprender, compreensão e exploração intelectual; uma mentalidade curiosa;
Criatividade - Gerar novas maneiras de fazer ou pensar sobre as coisas por meio de exploração, aprendizagem a partir do fracasso, insight e visão;
Persistência - Ser capaz de perseverar em tarefas e atividades até que sejam concluídas;
Cooperação - Viver em harmonia com os outros e valorizar a interconexão entre todas as pessoas;
Tolerância ao estresse - Ter eficácia na modulação da ansiedade e capacidade de resolver problemas com calma;
Motivação de realização - Estabelecer padrões elevados para si mesmo e trabalhar muito para alcançá-los.", e Desenvolvimento de Negócios,C4,3,Design Thinking e Canvas,U4,23,Criação de Modelos de Negócios com Canvas,Aula 1: Criação de proposta de valor e segmento de clientes,"
Desenvolver propostas de valor, estrutura de custos e fontes de receitas para pequenos negócios.",Pensar analiticamente.,Descrever a proposta de valor de um negócio e identificar os segmentos de clientes.,1. Alinhamento entre proposta de valor e segmentos de clientes
,4,P,"Capacidade de apoiar o desenvolvimento e/ou a melhoria de produtos ou serviços inovadores que atendam às necessidades emergentes do mercado ou que introduzam novas funcionalidades e melhorias sobre os existentes; Habilidade em integrar e aplicar tecnologias emergentes no desenvolvimento de produtos, processos ou modelos de negócios, buscando soluções eficientes e competitivas; Identificar possibilidades em desenvolver e implementar modelos de negócios sustentáveis e escaláveis que capitalizem oportunidades de mercado e maximizem o valor para os stakeholders; Utilizar ferramentas de Design Thinking e Canvas para a solução de problemas complexos de forma criativa e centrada no usuário, bem como habilidade no uso do Business Model Canvas para a visualização estratégica de componentes-chave de um negócio; Identificar e compreender processos de mudança organizacional, que reverberam na eficácia da implementação de inovações.","Curiosidade - Ser interessado em ideias e ter paixão por aprender, compreensão e exploração intelectual; uma mentalidade curiosa;
Criatividade - Gerar novas maneiras de fazer ou pensar sobre as coisas por meio de exploração, aprendizagem a partir do fracasso, insight e visão;
Persistência - Ser capaz de perseverar em tarefas e atividades até que sejam concluídas;
Cooperação - Viver em harmonia com os outros e valorizar a interconexão entre todas as pessoas;
Tolerância ao estresse - Ter eficácia na modulação da ansiedade e capacidade de resolver problemas com calma;
Motivação de realização - Estabelecer padrões elevados para si mesmo e trabalhar muito para alcançá-los.", e Desenvolvimento de Negócios,C4,3,Design Thinking e Canvas,U4,23,Criação de Modelos de Negócios com Canvas,"Aula 2: Canais de distribuição, relacionamento com clientes e fontes de receita","
Desenvolver propostas de valor, estrutura de custos e fontes de receitas para pequenos negócios.",Pensar analiticamente.,Descrever canais de distribuição e formas de relacionamento com cliente e listar principais fontes de receita.,"2. Estratégias de distribuição, relacionamento e monetização"
,4,P,"Capacidade de apoiar o desenvolvimento e/ou a melhoria de produtos ou serviços inovadores que atendam às necessidades emergentes do mercado ou que introduzam novas funcionalidades e melhorias sobre os existentes; Habilidade em integrar e aplicar tecnologias emergentes no desenvolvimento de produtos, processos ou modelos de negócios, buscando soluções eficientes e competitivas; Identificar possibilidades em desenvolver e implementar modelos de negócios sustentáveis e escaláveis que capitalizem oportunidades de mercado e maximizem o valor para os stakeholders; Utilizar ferramentas de Design Thinking e Canvas para a solução de problemas complexos de forma criativa e centrada no usuário, bem como habilidade no uso do Business Model Canvas para a visualização estratégica de componentes-chave de um negócio; Identificar e compreender processos de mudança organizacional, que reverberam na eficácia da implementação de inovações.","Curiosidade - Ser interessado em ideias e ter paixão por aprender, compreensão e exploração intelectual; uma mentalidade curiosa;
Criatividade - Gerar novas maneiras de fazer ou pensar sobre as coisas por meio de exploração, aprendizagem a partir do fracasso, insight e visão;
Persistência - Ser capaz de perseverar em tarefas e atividades até que sejam concluídas;
Cooperação - Viver em harmonia com os outros e valorizar a interconexão entre todas as pessoas;
Tolerância ao estresse - Ter eficácia na modulação da ansiedade e capacidade de resolver problemas com calma;
Motivação de realização - Estabelecer padrões elevados para si mesmo e trabalhar muito para alcançá-los.", e Desenvolvimento de Negócios,C4,3,Design Thinking e Canvas,U4,23,Criação de Modelos de Negócios com Canvas,"Aula 3: Recursos e atividades principais, parcerias e estrutura de custos","
Desenvolver propostas de valor, estrutura de custos e fontes de receitas para pequenos negócios.",Pensar analiticamente.,"Descrever recursos-chave, atividades principais, parcerias e estrutura de custos.",3. Planejamento de infraestrutura e custos
,Recomposição da Aprendizagem,,,,,,,,,,,,,,,
,4,T,"Capacidade de apoiar o desenvolvimento e/ou a melhoria de produtos ou serviços inovadores que atendam às necessidades emergentes do mercado ou que introduzam novas funcionalidades e melhorias sobre os existentes; Habilidade em integrar e aplicar tecnologias emergentes no desenvolvimento de produtos, processos ou modelos de negócios, buscando soluções eficientes e competitivas; Identificar possibilidades em desenvolver e implementar modelos de negócios sustentáveis e escaláveis que capitalizem oportunidades de mercado e maximizem o valor para os stakeholders; Utilizar ferramentas de Design Thinking e Canvas para a solução de problemas complexos de forma criativa e centrada no usuário, bem como habilidade no uso do Business Model Canvas para a visualização estratégica de componentes-chave de um negócio; Identificar e compreender processos de mudança organizacional, que reverberam na eficácia da implementação de inovações.","Curiosidade - Ser interessado em ideias e ter paixão por aprender, compreensão e exploração intelectual; uma mentalidade curiosa;
Criatividade - Gerar novas maneiras de fazer ou pensar sobre as coisas por meio de exploração, aprendizagem a partir do fracasso, insight e visão;
Persistência - Ser capaz de perseverar em tarefas e atividades até que sejam concluídas;
Cooperação - Viver em harmonia com os outros e valorizar a interconexão entre todas as pessoas;
Tolerância ao estresse - Ter eficácia na modulação da ansiedade e capacidade de resolver problemas com calma;
Motivação de realização - Estabelecer padrões elevados para si mesmo e trabalhar muito para alcançá-los.", e Desenvolvimento de Negócios,C4,3,Desenvolvimento de Produtos e Serviços,U2,24, na Gestão de Produtos e Serviços,Aula 1: Papel da  na evolução de produtos e serviços,"
Aplicar ferramentas para fomentar .",Ser criativo.,Compreender a importância e o impacto da  na evolução de produtos e serviços.,1. Influência da  na competitividade do mercado
,4,T,"Capacidade de apoiar o desenvolvimento e/ou a melhoria de produtos ou serviços inovadores que atendam às necessidades emergentes do mercado ou que introduzam novas funcionalidades e melhorias sobre os existentes; Habilidade em integrar e aplicar tecnologias emergentes no desenvolvimento de produtos, processos ou modelos de negócios, buscando soluções eficientes e competitivas; Identificar possibilidades em desenvolver e implementar modelos de negócios sustentáveis e escaláveis que capitalizem oportunidades de mercado e maximizem o valor para os stakeholders; Utilizar ferramentas de Design Thinking e Canvas para a solução de problemas complexos de forma criativa e centrada no usuário, bem como habilidade no uso do Business Model Canvas para a visualização estratégica de componentes-chave de um negócio; Identificar e compreender processos de mudança organizacional, que reverberam na eficácia da implementação de inovações.","Curiosidade - Ser interessado em ideias e ter paixão por aprender, compreensão e exploração intelectual; uma mentalidade curiosa;
Criatividade - Gerar novas maneiras de fazer ou pensar sobre as coisas por meio de exploração, aprendizagem a partir do fracasso, insight e visão;
Persistência - Ser capaz de perseverar em tarefas e atividades até que sejam concluídas;
Cooperação - Viver em harmonia com os outros e valorizar a interconexão entre todas as pessoas;
Tolerância ao estresse - Ter eficácia na modulação da ansiedade e capacidade de resolver problemas com calma;
Motivação de realização - Estabelecer padrões elevados para si mesmo e trabalhar muito para alcançá-los.", e Desenvolvimento de Negócios,C4,3,Desenvolvimento de Produtos e Serviços,U2,24, na Gestão de Produtos e Serviços,Aula 2: Maneiras de implementar  em produtos e serviços,"
Aplicar ferramentas para fomentar .",Ser criativo.,Relacionar estratégias e abordagens eficazes para implementar  em produtos e serviços.,2. Desafios na implementação de inovações
,4,T,"Capacidade de apoiar o desenvolvimento e/ou a melhoria de produtos ou serviços inovadores que atendam às necessidades emergentes do mercado ou que introduzam novas funcionalidades e melhorias sobre os existentes; Habilidade em integrar e aplicar tecnologias emergentes no desenvolvimento de produtos, processos ou modelos de negócios, buscando soluções eficientes e competitivas; Identificar possibilidades em desenvolver e implementar modelos de negócios sustentáveis e escaláveis que capitalizem oportunidades de mercado e maximizem o valor para os stakeholders; Utilizar ferramentas de Design Thinking e Canvas para a solução de problemas complexos de forma criativa e centrada no usuário, bem como habilidade no uso do Business Model Canvas para a visualização estratégica de componentes-chave de um negócio; Identificar e compreender processos de mudança organizacional, que reverberam na eficácia da implementação de inovações.","Curiosidade - Ser interessado em ideias e ter paixão por aprender, compreensão e exploração intelectual; uma mentalidade curiosa;
Criatividade - Gerar novas maneiras de fazer ou pensar sobre as coisas por meio de exploração, aprendizagem a partir do fracasso, insight e visão;
Persistência - Ser capaz de perseverar em tarefas e atividades até que sejam concluídas;
Cooperação - Viver em harmonia com os outros e valorizar a interconexão entre todas as pessoas;
Tolerância ao estresse - Ter eficácia na modulação da ansiedade e capacidade de resolver problemas com calma;
Motivação de realização - Estabelecer padrões elevados para si mesmo e trabalhar muito para alcançá-los.", e Desenvolvimento de Negócios,C4,3,Desenvolvimento de Produtos e Serviços,U2,24, na Gestão de Produtos e Serviços,Aula 3: Desenvolvimento e implementação de ideias inovadoras,"
Aplicar ferramentas para fomentar .",Ser criativo.,Identificar como ideias inovadoras são desenvolvidas e implementadas.,3. Impactos de ideias inovadoras no crescimento das empresas
,4,T,"Capacidade de apoiar o desenvolvimento e/ou a melhoria de produtos ou serviços inovadores que atendam às necessidades emergentes do mercado ou que introduzam novas funcionalidades e melhorias sobre os existentes; Habilidade em integrar e aplicar tecnologias emergentes no desenvolvimento de produtos, processos ou modelos de negócios, buscando soluções eficientes e competitivas; Identificar possibilidades em desenvolver e implementar modelos de negócios sustentáveis e escaláveis que capitalizem oportunidades de mercado e maximizem o valor para os stakeholders; Utilizar ferramentas de Design Thinking e Canvas para a solução de problemas complexos de forma criativa e centrada no usuário, bem como habilidade no uso do Business Model Canvas para a visualização estratégica de componentes-chave de um negócio; Identificar e compreender processos de mudança organizacional, que reverberam na eficácia da implementação de inovações.","Curiosidade - Ser interessado em ideias e ter paixão por aprender, compreensão e exploração intelectual; uma mentalidade curiosa;
Criatividade - Gerar novas maneiras de fazer ou pensar sobre as coisas por meio de exploração, aprendizagem a partir do fracasso, insight e visão;
Persistência - Ser capaz de perseverar em tarefas e atividades até que sejam concluídas;
Cooperação - Viver em harmonia com os outros e valorizar a interconexão entre todas as pessoas;
Tolerância ao estresse - Ter eficácia na modulação da ansiedade e capacidade de resolver problemas com calma;
Motivação de realização - Estabelecer padrões elevados para si mesmo e trabalhar muito para alcançá-los.", e Desenvolvimento de Negócios,C4,3, e Tecnologia,U1,25, Aberta,Aula 1:  aberta: conceitos e fundamentos,"
Aplicar ferramentas para fomentar .",Trabalhar de forma colaborativa.,Entender conceito de  aberta e seus fundamentos.,1. Descrever o papel da  aberta no desenvolvimento de estratégias inovadoras e competitivas
,4,T,"Capacidade de apoiar o desenvolvimento e/ou a melhoria de produtos ou serviços inovadores que atendam às necessidades emergentes do mercado ou que introduzam novas funcionalidades e melhorias sobre os existentes; Habilidade em integrar e aplicar tecnologias emergentes no desenvolvimento de produtos, processos ou modelos de negócios, buscando soluções eficientes e competitivas; Identificar possibilidades em desenvolver e implementar modelos de negócios sustentáveis e escaláveis que capitalizem oportunidades de mercado e maximizem o valor para os stakeholders; Utilizar ferramentas de Design Thinking e Canvas para a solução de problemas complexos de forma criativa e centrada no usuário, bem como habilidade no uso do Business Model Canvas para a visualização estratégica de componentes-chave de um negócio; Identificar e compreender processos de mudança organizacional, que reverberam na eficácia da implementação de inovações.","Curiosidade - Ser interessado em ideias e ter paixão por aprender, compreensão e exploração intelectual; uma mentalidade curiosa;
Criatividade - Gerar novas maneiras de fazer ou pensar sobre as coisas por meio de exploração, aprendizagem a partir do fracasso, insight e visão;
Persistência - Ser capaz de perseverar em tarefas e atividades até que sejam concluídas;
Cooperação - Viver em harmonia com os outros e valorizar a interconexão entre todas as pessoas;
Tolerância ao estresse - Ter eficácia na modulação da ansiedade e capacidade de resolver problemas com calma;
Motivação de realização - Estabelecer padrões elevados para si mesmo e trabalhar muito para alcançá-los.", e Desenvolvimento de Negócios,C4,3, e Tecnologia,U1,25, Aberta,Aula 2: Modelos e exemplos de  aberta em empresas,"
Aplicar ferramentas para fomentar .",Trabalhar de forma colaborativa.,Explorar diferentes modelos e exemplos práticos de  aberta.,2. Identificar diferentes modelos de  aberta
,4,T,"Capacidade de apoiar o desenvolvimento e/ou a melhoria de produtos ou serviços inovadores que atendam às necessidades emergentes do mercado ou que introduzam novas funcionalidades e melhorias sobre os existentes; Habilidade em integrar e aplicar tecnologias emergentes no desenvolvimento de produtos, processos ou modelos de negócios, buscando soluções eficientes e competitivas; Identificar possibilidades em desenvolver e implementar modelos de negócios sustentáveis e escaláveis que capitalizem oportunidades de mercado e maximizem o valor para os stakeholders; Utilizar ferramentas de Design Thinking e Canvas para a solução de problemas complexos de forma criativa e centrada no usuário, bem como habilidade no uso do Business Model Canvas para a visualização estratégica de componentes-chave de um negócio; Identificar e compreender processos de mudança organizacional, que reverberam na eficácia da implementação de inovações.","Curiosidade - Ser interessado em ideias e ter paixão por aprender, compreensão e exploração intelectual; uma mentalidade curiosa;
Criatividade - Gerar novas maneiras de fazer ou pensar sobre as coisas por meio de exploração, aprendizagem a partir do fracasso, insight e visão;
Persistência - Ser capaz de perseverar em tarefas e atividades até que sejam concluídas;
Cooperação - Viver em harmonia com os outros e valorizar a interconexão entre todas as pessoas;
Tolerância ao estresse - Ter eficácia na modulação da ansiedade e capacidade de resolver problemas com calma;
Motivação de realização - Estabelecer padrões elevados para si mesmo e trabalhar muito para alcançá-los.", e Desenvolvimento de Negócios,C4,3, e Tecnologia,U1,25, Aberta,Aula 3: Benefícios e desafios da  aberta para organizações,"
Aplicar ferramentas para fomentar .",Trabalhar de forma colaborativa.,Identificar benefícios e desafios da  aberta.,3. Reconhecer impactos da  aberta
X,4,P,"Capacidade de apoiar o desenvolvimento e/ou a melhoria de produtos ou serviços inovadores que atendam às necessidades emergentes do mercado ou que introduzam novas funcionalidades e melhorias sobre os existentes; Habilidade em integrar e aplicar tecnologias emergentes no desenvolvimento de produtos, processos ou modelos de negócios, buscando soluções eficientes e competitivas; Identificar possibilidades em desenvolver e implementar modelos de negócios sustentáveis e escaláveis que capitalizem oportunidades de mercado e maximizem o valor para os stakeholders; Utilizar ferramentas de Design Thinking e Canvas para a solução de problemas complexos de forma criativa e centrada no usuário, bem como habilidade no uso do Business Model Canvas para a visualização estratégica de componentes-chave de um negócio; Identificar e compreender processos de mudança organizacional, que reverberam na eficácia da implementação de inovações.","Curiosidade - Ser interessado em ideias e ter paixão por aprender, compreensão e exploração intelectual; uma mentalidade curiosa;
Criatividade - Gerar novas maneiras de fazer ou pensar sobre as coisas por meio de exploração, aprendizagem a partir do fracasso, insight e visão;
Persistência - Ser capaz de perseverar em tarefas e atividades até que sejam concluídas;
Cooperação - Viver em harmonia com os outros e valorizar a interconexão entre todas as pessoas;
Tolerância ao estresse - Ter eficácia na modulação da ansiedade e capacidade de resolver problemas com calma;
Motivação de realização - Estabelecer padrões elevados para si mesmo e trabalhar muito para alcançá-los.", e Desenvolvimento de Negócios,C4,3, e Tecnologia,U1,26,Simulação de  Tecnológica,Aula 1: Entendendo as necessidades dos clientes,"
Aplicar ferramentas para fomentar .",Pensar estrategicamente.,Identificar necessidades e problemas de clientes para criar soluções úteis.,1. Pesquisa de mercado
X,4,P,"Capacidade de apoiar o desenvolvimento e/ou a melhoria de produtos ou serviços inovadores que atendam às necessidades emergentes do mercado ou que introduzam novas funcionalidades e melhorias sobre os existentes; Habilidade em integrar e aplicar tecnologias emergentes no desenvolvimento de produtos, processos ou modelos de negócios, buscando soluções eficientes e competitivas; Identificar possibilidades em desenvolver e implementar modelos de negócios sustentáveis e escaláveis que capitalizem oportunidades de mercado e maximizem o valor para os stakeholders; Utilizar ferramentas de Design Thinking e Canvas para a solução de problemas complexos de forma criativa e centrada no usuário, bem como habilidade no uso do Business Model Canvas para a visualização estratégica de componentes-chave de um negócio; Identificar e compreender processos de mudança organizacional, que reverberam na eficácia da implementação de inovações.","Curiosidade - Ser interessado em ideias e ter paixão por aprender, compreensão e exploração intelectual; uma mentalidade curiosa;
Criatividade - Gerar novas maneiras de fazer ou pensar sobre as coisas por meio de exploração, aprendizagem a partir do fracasso, insight e visão;
Persistência - Ser capaz de perseverar em tarefas e atividades até que sejam concluídas;
Cooperação - Viver em harmonia com os outros e valorizar a interconexão entre todas as pessoas;
Tolerância ao estresse - Ter eficácia na modulação da ansiedade e capacidade de resolver problemas com calma;
Motivação de realização - Estabelecer padrões elevados para si mesmo e trabalhar muito para alcançá-los.", e Desenvolvimento de Negócios,C4,3, e Tecnologia,U1,26,Simulação de  Tecnológica,Aula 2: Criando protótipos tecnológicos simples,"
Aplicar ferramentas para fomentar .",Pensar estrategicamente.,Criar protótipos simples que representem ideias para resolver problemas.,2. Processo de criação de representações físicas ou digitais
X,4,P,"Capacidade de apoiar o desenvolvimento e/ou a melhoria de produtos ou serviços inovadores que atendam às necessidades emergentes do mercado ou que introduzam novas funcionalidades e melhorias sobre os existentes; Habilidade em integrar e aplicar tecnologias emergentes no desenvolvimento de produtos, processos ou modelos de negócios, buscando soluções eficientes e competitivas; Identificar possibilidades em desenvolver e implementar modelos de negócios sustentáveis e escaláveis que capitalizem oportunidades de mercado e maximizem o valor para os stakeholders; Utilizar ferramentas de Design Thinking e Canvas para a solução de problemas complexos de forma criativa e centrada no usuário, bem como habilidade no uso do Business Model Canvas para a visualização estratégica de componentes-chave de um negócio; Identificar e compreender processos de mudança organizacional, que reverberam na eficácia da implementação de inovações.","Curiosidade - Ser interessado em ideias e ter paixão por aprender, compreensão e exploração intelectual; uma mentalidade curiosa;
Criatividade - Gerar novas maneiras de fazer ou pensar sobre as coisas por meio de exploração, aprendizagem a partir do fracasso, insight e visão;
Persistência - Ser capaz de perseverar em tarefas e atividades até que sejam concluídas;
Cooperação - Viver em harmonia com os outros e valorizar a interconexão entre todas as pessoas;
Tolerância ao estresse - Ter eficácia na modulação da ansiedade e capacidade de resolver problemas com calma;
Motivação de realização - Estabelecer padrões elevados para si mesmo e trabalhar muito para alcançá-los.", e Desenvolvimento de Negócios,C4,3, e Tecnologia,U1,26,Simulação de  Tecnológica,Aula 3: Planejando a implementação,"
Aplicar ferramentas para fomentar .",Pensar estrategicamente.,Criar plano básico para colocar soluções em prática.,3. Planejamento e organização de etapas para colocar uma solução em prática
,Recomposição da Aprendizagem,,,,,,,,,,,,,,,
,4,T,"Capacidade de apoiar o desenvolvimento e/ou a melhoria de produtos ou serviços inovadores que atendam às necessidades emergentes do mercado ou que introduzam novas funcionalidades e melhorias sobre os existentes; Habilidade em integrar e aplicar tecnologias emergentes no desenvolvimento de produtos, processos ou modelos de negócios, buscando soluções eficientes e competitivas; Identificar possibilidades em desenvolver e implementar modelos de negócios sustentáveis e escaláveis que capitalizem oportunidades de mercado e maximizem o valor para os stakeholders; Utilizar ferramentas de Design Thinking e Canvas para a solução de problemas complexos de forma criativa e centrada no usuário, bem como habilidade no uso do Business Model Canvas para a visualização estratégica de componentes-chave de um negócio; Identificar e compreender processos de mudança organizacional, que reverberam na eficácia da implementação de inovações.","Curiosidade - Ser interessado em ideias e ter paixão por aprender, compreensão e exploração intelectual; uma mentalidade curiosa;
Criatividade - Gerar novas maneiras de fazer ou pensar sobre as coisas por meio de exploração, aprendizagem a partir do fracasso, insight e visão;
Persistência - Ser capaz de perseverar em tarefas e atividades até que sejam concluídas;
Cooperação - Viver em harmonia com os outros e valorizar a interconexão entre todas as pessoas;
Tolerância ao estresse - Ter eficácia na modulação da ansiedade e capacidade de resolver problemas com calma;
Motivação de realização - Estabelecer padrões elevados para si mesmo e trabalhar muito para alcançá-los.", e Desenvolvimento de Negócios,C4,3,Desenvolvimento de Produtos e Serviços,U2,27,Métodos Ágeis: Desenvolvimento de Produtos e Serviços Inovadores,Aula 1: Métodos ágeis para microempreendedores,"
Aplicar práticas básicas de Scrum e Kanban no desenvolvimento de produtos e serviços inovadores.",Resolver problemas.,Explorar como métodos ágeis podem ser adaptados e aplicados no contexto de microempreendedores para o desenvolvimento de produtos e serviços inovadores.,1. Adaptação de métodos ágeis para microempreendedores
,4,T,"Capacidade de apoiar o desenvolvimento e/ou a melhoria de produtos ou serviços inovadores que atendam às necessidades emergentes do mercado ou que introduzam novas funcionalidades e melhorias sobre os existentes; Habilidade em integrar e aplicar tecnologias emergentes no desenvolvimento de produtos, processos ou modelos de negócios, buscando soluções eficientes e competitivas; Identificar possibilidades em desenvolver e implementar modelos de negócios sustentáveis e escaláveis que capitalizem oportunidades de mercado e maximizem o valor para os stakeholders; Utilizar ferramentas de Design Thinking e Canvas para a solução de problemas complexos de forma criativa e centrada no usuário, bem como habilidade no uso do Business Model Canvas para a visualização estratégica de componentes-chave de um negócio; Identificar e compreender processos de mudança organizacional, que reverberam na eficácia da implementação de inovações.","Curiosidade - Ser interessado em ideias e ter paixão por aprender, compreensão e exploração intelectual; uma mentalidade curiosa;
Criatividade - Gerar novas maneiras de fazer ou pensar sobre as coisas por meio de exploração, aprendizagem a partir do fracasso, insight e visão;
Persistência - Ser capaz de perseverar em tarefas e atividades até que sejam concluídas;
Cooperação - Viver em harmonia com os outros e valorizar a interconexão entre todas as pessoas;
Tolerância ao estresse - Ter eficácia na modulação da ansiedade e capacidade de resolver problemas com calma;
Motivação de realização - Estabelecer padrões elevados para si mesmo e trabalhar muito para alcançá-los.", e Desenvolvimento de Negócios,C4,3,Desenvolvimento de Produtos e Serviços,U2,27,Métodos Ágeis: Desenvolvimento de Produtos e Serviços Inovadores,Aula 2: Scrum aplicado ao desenvolvimento de produtos inovadores,"
Aplicar práticas básicas de Scrum e Kanban no desenvolvimento de produtos e serviços inovadores.",Resolver problemas.,Compreender como o Scrum pode ser utilizado por microempreendedores no desenvolvimento de produtos inovadores.,2. Estrutura do Scrum aplicada a microempreendedores
,4,T,"Capacidade de apoiar o desenvolvimento e/ou a melhoria de produtos ou serviços inovadores que atendam às necessidades emergentes do mercado ou que introduzam novas funcionalidades e melhorias sobre os existentes; Habilidade em integrar e aplicar tecnologias emergentes no desenvolvimento de produtos, processos ou modelos de negócios, buscando soluções eficientes e competitivas; Identificar possibilidades em desenvolver e implementar modelos de negócios sustentáveis e escaláveis que capitalizem oportunidades de mercado e maximizem o valor para os stakeholders; Utilizar ferramentas de Design Thinking e Canvas para a solução de problemas complexos de forma criativa e centrada no usuário, bem como habilidade no uso do Business Model Canvas para a visualização estratégica de componentes-chave de um negócio; Identificar e compreender processos de mudança organizacional, que reverberam na eficácia da implementação de inovações.","Curiosidade - Ser interessado em ideias e ter paixão por aprender, compreensão e exploração intelectual; uma mentalidade curiosa;
Criatividade - Gerar novas maneiras de fazer ou pensar sobre as coisas por meio de exploração, aprendizagem a partir do fracasso, insight e visão;
Persistência - Ser capaz de perseverar em tarefas e atividades até que sejam concluídas;
Cooperação - Viver em harmonia com os outros e valorizar a interconexão entre todas as pessoas;
Tolerância ao estresse - Ter eficácia na modulação da ansiedade e capacidade de resolver problemas com calma;
Motivação de realização - Estabelecer padrões elevados para si mesmo e trabalhar muito para alcançá-los.", e Desenvolvimento de Negócios,C4,3,Desenvolvimento de Produtos e Serviços,U2,27,Métodos Ágeis: Desenvolvimento de Produtos e Serviços Inovadores,Aula 3: Kanban na gestão de serviços para microempresas,"
Aplicar práticas básicas de Scrum e Kanban no desenvolvimento de produtos e serviços inovadores.",Resolver problemas.,Identificar princípios do Kanban e como podem ser aplicados na gestão de serviços para microempresas.,3. Princípios e práticas do Kanban para microempresas
,4,P,"Capacidade de apoiar o desenvolvimento e/ou a melhoria de produtos ou serviços inovadores que atendam às necessidades emergentes do mercado ou que introduzam novas funcionalidades e melhorias sobre os existentes; Habilidade em integrar e aplicar tecnologias emergentes no desenvolvimento de produtos, processos ou modelos de negócios, buscando soluções eficientes e competitivas; Identificar possibilidades em desenvolver e implementar modelos de negócios sustentáveis e escaláveis que capitalizem oportunidades de mercado e maximizem o valor para os stakeholders; Utilizar ferramentas de Design Thinking e Canvas para a solução de problemas complexos de forma criativa e centrada no usuário, bem como habilidade no uso do Business Model Canvas para a visualização estratégica de componentes-chave de um negócio; Identificar e compreender processos de mudança organizacional, que reverberam na eficácia da implementação de inovações.","Curiosidade - Ser interessado em ideias e ter paixão por aprender, compreensão e exploração intelectual; uma mentalidade curiosa;
Criatividade - Gerar novas maneiras de fazer ou pensar sobre as coisas por meio de exploração, aprendizagem a partir do fracasso, insight e visão;
Persistência - Ser capaz de perseverar em tarefas e atividades até que sejam concluídas;
Cooperação - Viver em harmonia com os outros e valorizar a interconexão entre todas as pessoas;
Tolerância ao estresse - Ter eficácia na modulação da ansiedade e capacidade de resolver problemas com calma;
Motivação de realização - Estabelecer padrões elevados para si mesmo e trabalhar muito para alcançá-los.", e Desenvolvimento de Negócios,C4,3,Desenvolvimento de Produtos e Serviços,U2,28,Desenvolvimento de Serviços: Design de Experiência,Aula 1: Listar pontos de contato na jornada do cliente,"
Desenvolver protótipos de serviços que atendam às expectativas dos clientes.",Resolver problemas.,Identificar como diferentes pontos de contato afetam a experiência do cliente e influenciam a satisfação e a percepção do serviço.,1. Jornada do cliente no design de experiência
,4,P,"Capacidade de apoiar o desenvolvimento e/ou a melhoria de produtos ou serviços inovadores que atendam às necessidades emergentes do mercado ou que introduzam novas funcionalidades e melhorias sobre os existentes; Habilidade em integrar e aplicar tecnologias emergentes no desenvolvimento de produtos, processos ou modelos de negócios, buscando soluções eficientes e competitivas; Identificar possibilidades em desenvolver e implementar modelos de negócios sustentáveis e escaláveis que capitalizem oportunidades de mercado e maximizem o valor para os stakeholders; Utilizar ferramentas de Design Thinking e Canvas para a solução de problemas complexos de forma criativa e centrada no usuário, bem como habilidade no uso do Business Model Canvas para a visualização estratégica de componentes-chave de um negócio; Identificar e compreender processos de mudança organizacional, que reverberam na eficácia da implementação de inovações.","Curiosidade - Ser interessado em ideias e ter paixão por aprender, compreensão e exploração intelectual; uma mentalidade curiosa;
Criatividade - Gerar novas maneiras de fazer ou pensar sobre as coisas por meio de exploração, aprendizagem a partir do fracasso, insight e visão;
Persistência - Ser capaz de perseverar em tarefas e atividades até que sejam concluídas;
Cooperação - Viver em harmonia com os outros e valorizar a interconexão entre todas as pessoas;
Tolerância ao estresse - Ter eficácia na modulação da ansiedade e capacidade de resolver problemas com calma;
Motivação de realização - Estabelecer padrões elevados para si mesmo e trabalhar muito para alcançá-los.", e Desenvolvimento de Negócios,C4,3,Desenvolvimento de Produtos e Serviços,U2,28,Desenvolvimento de Serviços: Design de Experiência,Aula 2: Descrever protótipos simples de serviços,"
Desenvolver protótipos de serviços que atendam às expectativas dos clientes.",Resolver problemas.,Criar representações visuais e funcionais de serviços que ajudem a comunicar ideias e testar conceitos com simplicidade.,2. Desenvolvimento de protótipos para serviços
,4,P,"Capacidade de apoiar o desenvolvimento e/ou a melhoria de produtos ou serviços inovadores que atendam às necessidades emergentes do mercado ou que introduzam novas funcionalidades e melhorias sobre os existentes; Habilidade em integrar e aplicar tecnologias emergentes no desenvolvimento de produtos, processos ou modelos de negócios, buscando soluções eficientes e competitivas; Identificar possibilidades em desenvolver e implementar modelos de negócios sustentáveis e escaláveis que capitalizem oportunidades de mercado e maximizem o valor para os stakeholders; Utilizar ferramentas de Design Thinking e Canvas para a solução de problemas complexos de forma criativa e centrada no usuário, bem como habilidade no uso do Business Model Canvas para a visualização estratégica de componentes-chave de um negócio; Identificar e compreender processos de mudança organizacional, que reverberam na eficácia da implementação de inovações.","Curiosidade - Ser interessado em ideias e ter paixão por aprender, compreensão e exploração intelectual; uma mentalidade curiosa;
Criatividade - Gerar novas maneiras de fazer ou pensar sobre as coisas por meio de exploração, aprendizagem a partir do fracasso, insight e visão;
Persistência - Ser capaz de perseverar em tarefas e atividades até que sejam concluídas;
Cooperação - Viver em harmonia com os outros e valorizar a interconexão entre todas as pessoas;
Tolerância ao estresse - Ter eficácia na modulação da ansiedade e capacidade de resolver problemas com calma;
Motivação de realização - Estabelecer padrões elevados para si mesmo e trabalhar muito para alcançá-los.", e Desenvolvimento de Negócios,C4,3,Desenvolvimento de Produtos e Serviços,U2,28,Desenvolvimento de Serviços: Design de Experiência,Aula 3: Revisar e ajustar serviços com base em feedback,"
Desenvolver protótipos de serviços que atendam às expectativas dos clientes.",Resolver problemas.,Identificar áreas de melhorias e propor alterações que otimizem o desempenho do serviço ou protótipo.,3. Feedback e melhoria contínua
,Recomposição da Aprendizagem,,,,,,,,,,,,,,,
,1,T,"Aprender a redigir e-mails, relatórios e outros documentos empresariais de forma eficaz; Aprender a estruturar e organizar apresentações e relatórios de maneira clara e concisa; Desenvolver habilidades de apresentação em público, incluindo controle do nervosismo e uso adequado de recursos visuais; Identificar pontos fortes e áreas de melhoria pessoal e profissional; Compreender as normas de etiqueta e protocolo empresarial em diferentes contextos; Comunicar ideias claramente e persuadir stakeholders de maneira eficaz, tanto internamente quanto externamente.","Assertividade - Ser capaz de expressar opiniões, necessidades e sentimentos com confiança e exercer influência social;
Empatia - Compreender e preocupar-se com os outros e com o seu bem-estar. Valorizar e investir no relacionamento próximo;
Iniciativa social - Ser capaz de se aproximar de outras pessoas, tanto amigos quanto estranhos, iniciando e mantendo conexões sociais;
Controle emocional - Criar estratégias eficazes para regular o temperamento, a raiva e a irritação diante das frustrações.",Comunicação Empresarial,C5,3,Comunicação Verbal e Não Verbal,U1,1,Conceitos de comunicação ,Aula 1: Definição e importância da comunicação ,Identificar os elementos básicos da comunicação e distinguir entre linguagem verbal e não verbal.,Comunicar-se de forma eficaz.,Compreender o conceito e a importância da comunicação nas organizações. ,1. Conceito de comunicação 
,1,T,"Aprender a redigir e-mails, relatórios e outros documentos empresariais de forma eficaz; Aprender a estruturar e organizar apresentações e relatórios de maneira clara e concisa; Desenvolver habilidades de apresentação em público, incluindo controle do nervosismo e uso adequado de recursos visuais; Identificar pontos fortes e áreas de melhoria pessoal e profissional; Compreender as normas de etiqueta e protocolo empresarial em diferentes contextos; Comunicar ideias claramente e persuadir stakeholders de maneira eficaz, tanto internamente quanto externamente.","Assertividade - Ser capaz de expressar opiniões, necessidades e sentimentos com confiança e exercer influência social;
Empatia - Compreender e preocupar-se com os outros e com o seu bem-estar. Valorizar e investir no relacionamento próximo;
Iniciativa social - Ser capaz de se aproximar de outras pessoas, tanto amigos quanto estranhos, iniciando e mantendo conexões sociais;
Controle emocional - Criar estratégias eficazes para regular o temperamento, a raiva e a irritação diante das frustrações.",Comunicação Empresarial,C5,3,Comunicação Verbal e Não Verbal,U1,1,Conceitos de comunicação ,Aula 2: Processo de comunicação ,Identificar os elementos básicos da comunicação e distinguir entre linguagem verbal e não verbal.,Comunicar-se de forma eficaz.,"Compreender o processo de comunicação e identificar seus componentes, relacionando-os ao contexto organizacional.",2. Processo de comunicação 
,1,T,"Aprender a redigir e-mails, relatórios e outros documentos empresariais de forma eficaz; Aprender a estruturar e organizar apresentações e relatórios de maneira clara e concisa; Desenvolver habilidades de apresentação em público, incluindo controle do nervosismo e uso adequado de recursos visuais; Identificar pontos fortes e áreas de melhoria pessoal e profissional; Compreender as normas de etiqueta e protocolo empresarial em diferentes contextos; Comunicar ideias claramente e persuadir stakeholders de maneira eficaz, tanto internamente quanto externamente.","Assertividade - Ser capaz de expressar opiniões, necessidades e sentimentos com confiança e exercer influência social;
Empatia - Compreender e preocupar-se com os outros e com o seu bem-estar. Valorizar e investir no relacionamento próximo;
Iniciativa social - Ser capaz de se aproximar de outras pessoas, tanto amigos quanto estranhos, iniciando e mantendo conexões sociais;
Controle emocional - Criar estratégias eficazes para regular o temperamento, a raiva e a irritação diante das frustrações.",Comunicação Empresarial,C5,3,Comunicação Verbal e Não Verbal,U1,1,Conceitos de comunicação ,Aula 3: Aplicação prática ,Identificar os elementos básicos da comunicação e distinguir entre linguagem verbal e não verbal.,Comunicar-se de forma eficaz.,Aplicar conceitos sobre processo de comunicação em situações do ambiente organizacional.,3. Aplicação prática 
,1,T,"Aprender a redigir e-mails, relatórios e outros documentos empresariais de forma eficaz; Aprender a estruturar e organizar apresentações e relatórios de maneira clara e concisa; Desenvolver habilidades de apresentação em público, incluindo controle do nervosismo e uso adequado de recursos visuais; Identificar pontos fortes e áreas de melhoria pessoal e profissional; Compreender as normas de etiqueta e protocolo empresarial em diferentes contextos; Comunicar ideias claramente e persuadir stakeholders de maneira eficaz, tanto internamente quanto externamente.","Assertividade - Ser capaz de expressar opiniões, necessidades e sentimentos com confiança e exercer influência social;
Empatia - Compreender e preocupar-se com os outros e com o seu bem-estar. Valorizar e investir no relacionamento próximo;
Iniciativa social - Ser capaz de se aproximar de outras pessoas, tanto amigos quanto estranhos, iniciando e mantendo conexões sociais;
Controle emocional - Criar estratégias eficazes para regular o temperamento, a raiva e a irritação diante das frustrações.",Comunicação Empresarial,C5,3,Comunicação Verbal e Não Verbal,U1,2,Tipos de comunicação ,Aula 1: Comunicação formal: ascendente e descendente,Reconhecer o papel da comunicação e suas implicações no ambiente organizacional.,Comunicar-se com assertividade.,"Entender os diferentes fluxos da comunicação formal nas organizações, com foco na comunicação ascendente e descendente.",Comunicação ascendente e descendente
,1,T,"Aprender a redigir e-mails, relatórios e outros documentos empresariais de forma eficaz; Aprender a estruturar e organizar apresentações e relatórios de maneira clara e concisa; Desenvolver habilidades de apresentação em público, incluindo controle do nervosismo e uso adequado de recursos visuais; Identificar pontos fortes e áreas de melhoria pessoal e profissional; Compreender as normas de etiqueta e protocolo empresarial em diferentes contextos; Comunicar ideias claramente e persuadir stakeholders de maneira eficaz, tanto internamente quanto externamente.","Assertividade - Ser capaz de expressar opiniões, necessidades e sentimentos com confiança e exercer influência social;
Empatia - Compreender e preocupar-se com os outros e com o seu bem-estar. Valorizar e investir no relacionamento próximo;
Iniciativa social - Ser capaz de se aproximar de outras pessoas, tanto amigos quanto estranhos, iniciando e mantendo conexões sociais;
Controle emocional - Criar estratégias eficazes para regular o temperamento, a raiva e a irritação diante das frustrações.",Comunicação Empresarial,C5,3,Comunicação Verbal e Não Verbal,U1,2,Tipos de comunicação ,Aula 2: Comunicação formal: lateral,Reconhecer o papel da comunicação e suas implicações no ambiente organizacional.,Comunicar-se com assertividade.,Compreender a comunicação lateral nas organizações.,Comunicação lateral
,1,T,"Aprender a redigir e-mails, relatórios e outros documentos empresariais de forma eficaz; Aprender a estruturar e organizar apresentações e relatórios de maneira clara e concisa; Desenvolver habilidades de apresentação em público, incluindo controle do nervosismo e uso adequado de recursos visuais; Identificar pontos fortes e áreas de melhoria pessoal e profissional; Compreender as normas de etiqueta e protocolo empresarial em diferentes contextos; Comunicar ideias claramente e persuadir stakeholders de maneira eficaz, tanto internamente quanto externamente.","Assertividade - Ser capaz de expressar opiniões, necessidades e sentimentos com confiança e exercer influência social;
Empatia - Compreender e preocupar-se com os outros e com o seu bem-estar. Valorizar e investir no relacionamento próximo;
Iniciativa social - Ser capaz de se aproximar de outras pessoas, tanto amigos quanto estranhos, iniciando e mantendo conexões sociais;
Controle emocional - Criar estratégias eficazes para regular o temperamento, a raiva e a irritação diante das frustrações.",Comunicação Empresarial,C5,3,Comunicação Verbal e Não Verbal,U1,2,Tipos de comunicação ,Aula 3: Comunicação informal,Reconhecer o papel da comunicação e suas implicações no ambiente organizacional.,Comunicar-se com assertividade.,Compreender a comunicação informal nas organizações.,3. Comunicação Informal
,Recomposição da Aprendizagem,,,,,,,,,,,,,,,
X,1,T,"Aprender a redigir e-mails, relatórios e outros documentos empresariais de forma eficaz; Aprender a estruturar e organizar apresentações e relatórios de maneira clara e concisa; Desenvolver habilidades de apresentação em público, incluindo controle do nervosismo e uso adequado de recursos visuais; Identificar pontos fortes e áreas de melhoria pessoal e profissional; Compreender as normas de etiqueta e protocolo empresarial em diferentes contextos; Comunicar ideias claramente e persuadir stakeholders de maneira eficaz, tanto internamente quanto externamente.","Assertividade - Ser capaz de expressar opiniões, necessidades e sentimentos com confiança e exercer influência social;
Empatia - Compreender e preocupar-se com os outros e com o seu bem-estar. Valorizar e investir no relacionamento próximo;
Iniciativa social - Ser capaz de se aproximar de outras pessoas, tanto amigos quanto estranhos, iniciando e mantendo conexões sociais;
Controle emocional - Criar estratégias eficazes para regular o temperamento, a raiva e a irritação diante das frustrações.",Comunicação Empresarial,C5,3,Comunicação Empresarial,U2,3,Democratização da informação ,Aula 1: Introdução à democratização da informação ,"Utilizar ferramentas adequadas para promover a democratização da informação nas organizações, contribuindo para um ambiente mais transparente, colaborativo e eficiente.",Demonstrar interesse por novas ideias e conhecimentos.,Compreender a importância da democratização da informação e suas principais barreiras nas organizações.,1. Democratização e barreiras da informação 
X,1,T,"Aprender a redigir e-mails, relatórios e outros documentos empresariais de forma eficaz; Aprender a estruturar e organizar apresentações e relatórios de maneira clara e concisa; Desenvolver habilidades de apresentação em público, incluindo controle do nervosismo e uso adequado de recursos visuais; Identificar pontos fortes e áreas de melhoria pessoal e profissional; Compreender as normas de etiqueta e protocolo empresarial em diferentes contextos; Comunicar ideias claramente e persuadir stakeholders de maneira eficaz, tanto internamente quanto externamente.","Assertividade - Ser capaz de expressar opiniões, necessidades e sentimentos com confiança e exercer influência social;
Empatia - Compreender e preocupar-se com os outros e com o seu bem-estar. Valorizar e investir no relacionamento próximo;
Iniciativa social - Ser capaz de se aproximar de outras pessoas, tanto amigos quanto estranhos, iniciando e mantendo conexões sociais;
Controle emocional - Criar estratégias eficazes para regular o temperamento, a raiva e a irritação diante das frustrações.",Comunicação Empresarial,C5,3,Comunicação Empresarial,U2,3,Democratização da informação ,Aula 2: Tecnologias e ferramentas da democratização,"Utilizar ferramentas adequadas para promover a democratização da informação nas organizações, contribuindo para um ambiente mais transparente, colaborativo e eficiente.",Demonstrar interesse por novas ideias e conhecimentos.,"Conhecer tecnologias, ferramentas e iniciativas que promovem a democratização da informação nas organizações.",2. Tecnologias e ferramentas da democratização da informação 
X,1,T,"Aprender a redigir e-mails, relatórios e outros documentos empresariais de forma eficaz; Aprender a estruturar e organizar apresentações e relatórios de maneira clara e concisa; Desenvolver habilidades de apresentação em público, incluindo controle do nervosismo e uso adequado de recursos visuais; Identificar pontos fortes e áreas de melhoria pessoal e profissional; Compreender as normas de etiqueta e protocolo empresarial em diferentes contextos; Comunicar ideias claramente e persuadir stakeholders de maneira eficaz, tanto internamente quanto externamente.","Assertividade - Ser capaz de expressar opiniões, necessidades e sentimentos com confiança e exercer influência social;
Empatia - Compreender e preocupar-se com os outros e com o seu bem-estar. Valorizar e investir no relacionamento próximo;
Iniciativa social - Ser capaz de se aproximar de outras pessoas, tanto amigos quanto estranhos, iniciando e mantendo conexões sociais;
Controle emocional - Criar estratégias eficazes para regular o temperamento, a raiva e a irritação diante das frustrações.",Comunicação Empresarial,C5,3,Comunicação Empresarial,U2,3,Democratização da informação ,Aula 3: Aplicação prática: estudo de caso ,"Utilizar ferramentas adequadas para promover a democratização da informação nas organizações, contribuindo para um ambiente mais transparente, colaborativo e eficiente.",Demonstrar interesse por novas ideias e conhecimentos.,"Aplicar, na prática, conceitos sobre democratização da informação em situações do ambiente organizacional.",3. Aplicação prática
,1,T,"Aprender a redigir e-mails, relatórios e outros documentos empresariais de forma eficaz; Aprender a estruturar e organizar apresentações e relatórios de maneira clara e concisa; Desenvolver habilidades de apresentação em público, incluindo controle do nervosismo e uso adequado de recursos visuais; Identificar pontos fortes e áreas de melhoria pessoal e profissional; Compreender as normas de etiqueta e protocolo empresarial em diferentes contextos; Comunicar ideias claramente e persuadir stakeholders de maneira eficaz, tanto internamente quanto externamente.","Assertividade - Ser capaz de expressar opiniões, necessidades e sentimentos com confiança e exercer influência social;
Empatia - Compreender e preocupar-se com os outros e com o seu bem-estar. Valorizar e investir no relacionamento próximo;
Iniciativa social - Ser capaz de se aproximar de outras pessoas, tanto amigos quanto estranhos, iniciando e mantendo conexões sociais;
Controle emocional - Criar estratégias eficazes para regular o temperamento, a raiva e a irritação diante das frustrações.",Comunicação Empresarial,C5,3,Comunicação Verbal e Não Verbal,U1,4,Comunicação não verbal ,Aula 1: Conceito e importância de comunicação não verbal ,"Utilizar adequadamente a comunicação não verbal para melhorar a clareza, a postura profissional e a eficácia nas interações do ambiente de trabalho.",Comunicar-se de forma eficaz em ambientes organizacionais.,Compreender a importância da comunicação não verbal no ambiente organizacional e identificar seus principais tipos para melhorar as interações profissionais.,1. Definição de comunicação não verbal
,1,T,"Aprender a redigir e-mails, relatórios e outros documentos empresariais de forma eficaz; Aprender a estruturar e organizar apresentações e relatórios de maneira clara e concisa; Desenvolver habilidades de apresentação em público, incluindo controle do nervosismo e uso adequado de recursos visuais; Identificar pontos fortes e áreas de melhoria pessoal e profissional; Compreender as normas de etiqueta e protocolo empresarial em diferentes contextos; Comunicar ideias claramente e persuadir stakeholders de maneira eficaz, tanto internamente quanto externamente.","Assertividade - Ser capaz de expressar opiniões, necessidades e sentimentos com confiança e exercer influência social;
Empatia - Compreender e preocupar-se com os outros e com o seu bem-estar. Valorizar e investir no relacionamento próximo;
Iniciativa social - Ser capaz de se aproximar de outras pessoas, tanto amigos quanto estranhos, iniciando e mantendo conexões sociais;
Controle emocional - Criar estratégias eficazes para regular o temperamento, a raiva e a irritação diante das frustrações.",Comunicação Empresarial,C5,3,Comunicação Verbal e Não Verbal,U1,4,Comunicação não verbal ,Aula 2: Falhas na comunicação não verbal,"Utilizar adequadamente a comunicação não verbal para melhorar a clareza, a postura profissional e a eficácia nas interações do ambiente de trabalho.",Comunicar-se de forma eficaz em ambientes organizacionais.,Identificar falhas comuns na comunicação não verbal e propor soluções para melhorar a clareza nas interações profissionais.,2. Falhas na comunicação não verbal
,1,T,"Aprender a redigir e-mails, relatórios e outros documentos empresariais de forma eficaz; Aprender a estruturar e organizar apresentações e relatórios de maneira clara e concisa; Desenvolver habilidades de apresentação em público, incluindo controle do nervosismo e uso adequado de recursos visuais; Identificar pontos fortes e áreas de melhoria pessoal e profissional; Compreender as normas de etiqueta e protocolo empresarial em diferentes contextos; Comunicar ideias claramente e persuadir stakeholders de maneira eficaz, tanto internamente quanto externamente.","Assertividade - Ser capaz de expressar opiniões, necessidades e sentimentos com confiança e exercer influência social;
Empatia - Compreender e preocupar-se com os outros e com o seu bem-estar. Valorizar e investir no relacionamento próximo;
Iniciativa social - Ser capaz de se aproximar de outras pessoas, tanto amigos quanto estranhos, iniciando e mantendo conexões sociais;
Controle emocional - Criar estratégias eficazes para regular o temperamento, a raiva e a irritação diante das frustrações.",Comunicação Empresarial,C5,3,Comunicação Verbal e Não Verbal,U1,4,Comunicação não verbal ,Aula 3: Aplicação prática ,"Utilizar adequadamente a comunicação não verbal para melhorar a clareza, a postura profissional e a eficácia nas interações do ambiente de trabalho.",Comunicar-se de forma eficaz em ambientes organizacionais.,Aplicar conceitos sobre comunicação não verbal nas organizações. ,3. Aplicação prática 
,1,T,"Aprender a redigir e-mails, relatórios e outros documentos empresariais de forma eficaz; Aprender a estruturar e organizar apresentações e relatórios de maneira clara e concisa; Desenvolver habilidades de apresentação em público, incluindo controle do nervosismo e uso adequado de recursos visuais; Identificar pontos fortes e áreas de melhoria pessoal e profissional; Compreender as normas de etiqueta e protocolo empresarial em diferentes contextos; Comunicar ideias claramente e persuadir stakeholders de maneira eficaz, tanto internamente quanto externamente.","Assertividade - Ser capaz de expressar opiniões, necessidades e sentimentos com confiança e exercer influência social;
Empatia - Compreender e preocupar-se com os outros e com o seu bem-estar. Valorizar e investir no relacionamento próximo;
Iniciativa social - Ser capaz de se aproximar de outras pessoas, tanto amigos quanto estranhos, iniciando e mantendo conexões sociais;
Controle emocional - Criar estratégias eficazes para regular o temperamento, a raiva e a irritação diante das frustrações.",Comunicação Empresarial,C5,3,Comunicação Verbal e Não Verbal,U1,5,Comunicação Assertiva,Aula 1: Comunicação assertiva: conceito e princípios ,Analisar falhas na comunicação assertiva e explorar estratégias de aprimoramento.,Comunicar-se com assertividade em ambientes organizacionais.,"Compreender o conceito de comunicação assertiva, seus benefícios e princípios, aplicando-os em situações do ambiente organizacional.",1. Definição de comunicação assertiva
,1,T,"Aprender a redigir e-mails, relatórios e outros documentos empresariais de forma eficaz; Aprender a estruturar e organizar apresentações e relatórios de maneira clara e concisa; Desenvolver habilidades de apresentação em público, incluindo controle do nervosismo e uso adequado de recursos visuais; Identificar pontos fortes e áreas de melhoria pessoal e profissional; Compreender as normas de etiqueta e protocolo empresarial em diferentes contextos; Comunicar ideias claramente e persuadir stakeholders de maneira eficaz, tanto internamente quanto externamente.","Assertividade - Ser capaz de expressar opiniões, necessidades e sentimentos com confiança e exercer influência social;
Empatia - Compreender e preocupar-se com os outros e com o seu bem-estar. Valorizar e investir no relacionamento próximo;
Iniciativa social - Ser capaz de se aproximar de outras pessoas, tanto amigos quanto estranhos, iniciando e mantendo conexões sociais;
Controle emocional - Criar estratégias eficazes para regular o temperamento, a raiva e a irritação diante das frustrações.",Comunicação Empresarial,C5,3,Comunicação Verbal e Não Verbal,U1,5,Comunicação Assertiva,Aula 2: Falhas comuns na comunicação assertiva,Analisar falhas na comunicação assertiva e explorar estratégias de aprimoramento.,Comunica-se com assertividade em ambientes organizacionais.,Identificar as principais falhas na comunicação assertiva e reconhecer estratégias para solucioná-las.,2. Falhas na comunicação assertiva
,1,T,"Aprender a redigir e-mails, relatórios e outros documentos empresariais de forma eficaz; Aprender a estruturar e organizar apresentações e relatórios de maneira clara e concisa; Desenvolver habilidades de apresentação em público, incluindo controle do nervosismo e uso adequado de recursos visuais; Identificar pontos fortes e áreas de melhoria pessoal e profissional; Compreender as normas de etiqueta e protocolo empresarial em diferentes contextos; Comunicar ideias claramente e persuadir stakeholders de maneira eficaz, tanto internamente quanto externamente.","Assertividade - Ser capaz de expressar opiniões, necessidades e sentimentos com confiança e exercer influência social;
Empatia - Compreender e preocupar-se com os outros e com o seu bem-estar. Valorizar e investir no relacionamento próximo;
Iniciativa social - Ser capaz de se aproximar de outras pessoas, tanto amigos quanto estranhos, iniciando e mantendo conexões sociais;
Controle emocional - Criar estratégias eficazes para regular o temperamento, a raiva e a irritação diante das frustrações.",Comunicação Empresarial,C5,3,Comunicação Verbal e Não Verbal,U1,5,Comunicação Assertiva,Aula 3: Técnicas da comunicação assertiva,Analisar falhas na comunicação assertiva e explorar estratégias de aprimoramento,Comunica-se com assertividade em ambientes organizacionais.,Aplicar técnicas de comunicação assertiva em situações do ambiente organizacional.,3. Técnicas da comunicação assertiva
,Recomposição da Aprendizagem,,,,,,,,,,,,,,,
,1,T,"Aprender a redigir e-mails, relatórios e outros documentos empresariais de forma eficaz; Aprender a estruturar e organizar apresentações e relatórios de maneira clara e concisa; Desenvolver habilidades de apresentação em público, incluindo controle do nervosismo e uso adequado de recursos visuais; Identificar pontos fortes e áreas de melhoria pessoal e profissional; Compreender as normas de etiqueta e protocolo empresarial em diferentes contextos; Comunicar ideias claramente e persuadir stakeholders de maneira eficaz, tanto internamente quanto externamente.","Assertividade - Ser capaz de expressar opiniões, necessidades e sentimentos com confiança e exercer influência social;
Empatia - Compreender e preocupar-se com os outros e com o seu bem-estar. Valorizar e investir no relacionamento próximo;
Iniciativa social - Ser capaz de se aproximar de outras pessoas, tanto amigos quanto estranhos, iniciando e mantendo conexões sociais;
Controle emocional - Criar estratégias eficazes para regular o temperamento, a raiva e a irritação diante das frustrações.",Comunicação Empresarial,C5,3,Técnicas para Apresentações Empresariais e Relatórios,U3,6,Técnicas para apresentação eficaz nas organizações ,Aula 1: Apresentação eficaz,"Organizar apresentações e relatórios coesos, claros e  concisos.",Comunica-se com assertividade em ambientes organizacionais.,Reconhecer os elementos que tornam uma apresentação eficaz no ambiente organizacional.,1. Apresentação eficaz e seus procedimentos
,1,T,"Aprender a redigir e-mails, relatórios e outros documentos empresariais de forma eficaz; Aprender a estruturar e organizar apresentações e relatórios de maneira clara e concisa; Desenvolver habilidades de apresentação em público, incluindo controle do nervosismo e uso adequado de recursos visuais; Identificar pontos fortes e áreas de melhoria pessoal e profissional; Compreender as normas de etiqueta e protocolo empresarial em diferentes contextos; Comunicar ideias claramente e persuadir stakeholders de maneira eficaz, tanto internamente quanto externamente.","Assertividade - Ser capaz de expressar opiniões, necessidades e sentimentos com confiança e exercer influência social;
Empatia - Compreender e preocupar-se com os outros e com o seu bem-estar. Valorizar e investir no relacionamento próximo;
Iniciativa social - Ser capaz de se aproximar de outras pessoas, tanto amigos quanto estranhos, iniciando e mantendo conexões sociais;
Controle emocional - Criar estratégias eficazes para regular o temperamento, a raiva e a irritação diante das frustrações.",Comunicação Empresarial,C5,3,Técnicas para Apresentações Empresariais e Relatórios,U3,6,Técnicas para apresentação eficaz nas organizações ,Aula 2: Técnica de apresentação: storytelling ,"Organizar apresentações e relatórios coesos, claros e  concisos.",Comunica-se com assertividade em ambientes organizacionais.,Compreender o conceito de storytelling para tornar apresentações mais eficazes no ambiente profissional.,2. Storytelling em uma apresentação eficaz
,1,T,"Aprender a redigir e-mails, relatórios e outros documentos empresariais de forma eficaz; Aprender a estruturar e organizar apresentações e relatórios de maneira clara e concisa; Desenvolver habilidades de apresentação em público, incluindo controle do nervosismo e uso adequado de recursos visuais; Identificar pontos fortes e áreas de melhoria pessoal e profissional; Compreender as normas de etiqueta e protocolo empresarial em diferentes contextos; Comunicar ideias claramente e persuadir stakeholders de maneira eficaz, tanto internamente quanto externamente.","Assertividade - Ser capaz de expressar opiniões, necessidades e sentimentos com confiança e exercer influência social;
Empatia - Compreender e preocupar-se com os outros e com o seu bem-estar. Valorizar e investir no relacionamento próximo;
Iniciativa social - Ser capaz de se aproximar de outras pessoas, tanto amigos quanto estranhos, iniciando e mantendo conexões sociais;
Controle emocional - Criar estratégias eficazes para regular o temperamento, a raiva e a irritação diante das frustrações.",Comunicação Empresarial,C5,3,Técnicas para Apresentações Empresariais e Relatórios,U3,6,Técnicas para apresentação eficaz nas organizações ,Aula 3: Ferramentas de apresentações eficazes,"Organizar apresentações e relatórios coesos, claros e  concisos.",Se comunicar com assertividade em ambientes organizacionais. ,Conhecer  ferramentas que auxiliam na criação de apresentações eficazes no ambiente profissional.,Ferramentas utilizadas em uma apresentação
,1,T,"Aprender a redigir e-mails, relatórios e outros documentos empresariais de forma eficaz; Aprender a estruturar e organizar apresentações e relatórios de maneira clara e concisa; Desenvolver habilidades de apresentação em público, incluindo controle do nervosismo e uso adequado de recursos visuais; Identificar pontos fortes e áreas de melhoria pessoal e profissional; Compreender as normas de etiqueta e protocolo empresarial em diferentes contextos; Comunicar ideias claramente e persuadir stakeholders de maneira eficaz, tanto internamente quanto externamente.","Assertividade - Ser capaz de expressar opiniões, necessidades e sentimentos com confiança e exercer influência social;
Empatia - Compreender e preocupar-se com os outros e com o seu bem-estar. Valorizar e investir no relacionamento próximo;
Iniciativa social - Ser capaz de se aproximar de outras pessoas, tanto amigos quanto estranhos, iniciando e mantendo conexões sociais;
Controle emocional - Criar estratégias eficazes para regular o temperamento, a raiva e a irritação diante das frustrações.",Comunicação Empresarial,C5,3,Comunicação Empresarial,U2,7,"Sistemas de comunicação,  barreiras e soluções nas empresas ",Aula 1: Sistemas de comunicação ,Identificar os tipos de sistemas de comunicação e sua função nas organizações.,Colaborar e comunicar-se efetivamente com colegas para alcançar objetivos comuns.,Compreender o conceito de sistemas de comunicação e  seus principais elementos no contexto organizacional.,1. Conceito de sistemas da comunicação 
,1,T,"Aprender a redigir e-mails, relatórios e outros documentos empresariais de forma eficaz; Aprender a estruturar e organizar apresentações e relatórios de maneira clara e concisa; Desenvolver habilidades de apresentação em público, incluindo controle do nervosismo e uso adequado de recursos visuais; Identificar pontos fortes e áreas de melhoria pessoal e profissional; Compreender as normas de etiqueta e protocolo empresarial em diferentes contextos; Comunicar ideias claramente e persuadir stakeholders de maneira eficaz, tanto internamente quanto externamente.","Assertividade - Ser capaz de expressar opiniões, necessidades e sentimentos com confiança e exercer influência social;
Empatia - Compreender e preocupar-se com os outros e com o seu bem-estar. Valorizar e investir no relacionamento próximo;
Iniciativa social - Ser capaz de se aproximar de outras pessoas, tanto amigos quanto estranhos, iniciando e mantendo conexões sociais;
Controle emocional - Criar estratégias eficazes para regular o temperamento, a raiva e a irritação diante das frustrações.",Comunicação Empresarial,C5,3,Comunicação Empresarial,U2,7,"Sistemas de comunicação,  barreiras e soluções nas empresas ",Aula 2: Barreiras de comunicação ,Identificar os tipos de sistemas de comunicação e sua função nas organizações.,Colaborar e comunicar-se efetivamente com colegas para alcançar objetivos comuns.,Compreender os tipos de barreiras à comunicação e como elas afetam o processo comunicacional nas organizações.,2. Barreiras à comunicação 
,1,T,"Aprender a redigir e-mails, relatórios e outros documentos empresariais de forma eficaz; Aprender a estruturar e organizar apresentações e relatórios de maneira clara e concisa; Desenvolver habilidades de apresentação em público, incluindo controle do nervosismo e uso adequado de recursos visuais; Identificar pontos fortes e áreas de melhoria pessoal e profissional; Compreender as normas de etiqueta e protocolo empresarial em diferentes contextos; Comunicar ideias claramente e persuadir stakeholders de maneira eficaz, tanto internamente quanto externamente.","Assertividade - Ser capaz de expressar opiniões, necessidades e sentimentos com confiança e exercer influência social;
Empatia - Compreender e preocupar-se com os outros e com o seu bem-estar. Valorizar e investir no relacionamento próximo;
Iniciativa social - Ser capaz de se aproximar de outras pessoas, tanto amigos quanto estranhos, iniciando e mantendo conexões sociais;
Controle emocional - Criar estratégias eficazes para regular o temperamento, a raiva e a irritação diante das frustrações.",Comunicação Empresarial,C5,3,Comunicação Empresarial,U2,7,"Sistemas de comunicação,  barreiras e soluções nas empresas ",Aula 3: Aplicação prática ,Identificar os tipos de sistemas de comunicação e sua função nas organizações.,Colaborar e comunicar-se efetivamente com colegas para alcançar objetivos comuns.,Aplicar conceitos sobre barreiras à comunicação. ,3. Aplicação prática 
,Recomposição da Aprendizagem,,,,,,,,,,,,,,,
,2,T,"Aprender a redigir e-mails, relatórios e outros documentos empresariais de forma eficaz; Aprender a estruturar e organizar apresentações e relatórios de maneira clara e concisa; Desenvolver habilidades de apresentação em público, incluindo controle do nervosismo e uso adequado de recursos visuais; Identificar pontos fortes e áreas de melhoria pessoal e profissional; Compreender as normas de etiqueta e protocolo empresarial em diferentes contextos; Comunicar ideias claramente e persuadir stakeholders de maneira eficaz, tanto internamente quanto externamente.","Assertividade - Ser capaz de expressar opiniões, necessidades e sentimentos com confiança e exercer influência social;
Empatia - Compreender e preocupar-se com os outros e com o seu bem-estar. Valorizar e investir no relacionamento próximo;
Iniciativa social - Ser capaz de se aproximar de outras pessoas, tanto amigos quanto estranhos, iniciando e mantendo conexões sociais;
Controle emocional - Criar estratégias eficazes para regular o temperamento, a raiva e a irritação diante das frustrações.",Comunicação Empresarial,C5,3,Comunicação Empresarial,U2,8,Percepção e Comunicação: Habilidades para comunicar,Aula 1: Percepção na comunicação organizacional,"Interpretar mensagens com precisão e ajustar a comunicação no ambiente de trabalho, utilizando a percepção.",Comunicar com assertividade.,Compreender o papel da percepção na comunicação verbal e não verbal e sua importância nas interações organizacionais.,1. Percepção na comunicação verbal e não verbal
,2,T,"Aprender a redigir e-mails, relatórios e outros documentos empresariais de forma eficaz; Aprender a estruturar e organizar apresentações e relatórios de maneira clara e concisa; Desenvolver habilidades de apresentação em público, incluindo controle do nervosismo e uso adequado de recursos visuais; Identificar pontos fortes e áreas de melhoria pessoal e profissional; Compreender as normas de etiqueta e protocolo empresarial em diferentes contextos; Comunicar ideias claramente e persuadir stakeholders de maneira eficaz, tanto internamente quanto externamente.","Assertividade - Ser capaz de expressar opiniões, necessidades e sentimentos com confiança e exercer influência social;
Empatia - Compreender e preocupar-se com os outros e com o seu bem-estar. Valorizar e investir no relacionamento próximo;
Iniciativa social - Ser capaz de se aproximar de outras pessoas, tanto amigos quanto estranhos, iniciando e mantendo conexões sociais;
Controle emocional - Criar estratégias eficazes para regular o temperamento, a raiva e a irritação diante das frustrações.",Comunicação Empresarial,C5,3,Comunicação Empresarial,U2,8,Percepção e Comunicação: Habilidades para comunicar,Aula 2: Influência da percepção na comunicação ,"Interpretar mensagens com precisão e ajustar a comunicação no ambiente de trabalho, utilizando a percepção",Comunicar-se com assertividade.,Identificar os principais fatores que influenciam a percepção e aplicar estratégias para aprimorar a percepção na comunicação organizacional.,2. Fatores da percepção 
,2,T,"Aprender a redigir e-mails, relatórios e outros documentos empresariais de forma eficaz; Aprender a estruturar e organizar apresentações e relatórios de maneira clara e concisa; Desenvolver habilidades de apresentação em público, incluindo controle do nervosismo e uso adequado de recursos visuais; Identificar pontos fortes e áreas de melhoria pessoal e profissional; Compreender as normas de etiqueta e protocolo empresarial em diferentes contextos; Comunicar ideias claramente e persuadir stakeholders de maneira eficaz, tanto internamente quanto externamente.","Assertividade - Ser capaz de expressar opiniões, necessidades e sentimentos com confiança e exercer influência social;
Empatia - Compreender e preocupar-se com os outros e com o seu bem-estar. Valorizar e investir no relacionamento próximo;
Iniciativa social - Ser capaz de se aproximar de outras pessoas, tanto amigos quanto estranhos, iniciando e mantendo conexões sociais;
Controle emocional - Criar estratégias eficazes para regular o temperamento, a raiva e a irritação diante das frustrações.",Comunicação Empresarial,C5,3,Comunicação Empresarial,U2,8,Percepção e comunicação: habilidades para comunicar,Aula 3: Aplicação prática: habilidades para comunicar,"Interpretar mensagens com precisão e ajustar a comunicação no ambiente de trabalho, utilizando a percepção",Comunicar-se com assertividade.,"Aplicar, na prática, conceitos sobre percepção na comunicação. ",3. Aplicação prática 
,2,T,"Aprender a redigir e-mails, relatórios e outros documentos empresariais de forma eficaz; Aprender a estruturar e organizar apresentações e relatórios de maneira clara e concisa; Desenvolver habilidades de apresentação em público, incluindo controle do nervosismo e uso adequado de recursos visuais; Identificar pontos fortes e áreas de melhoria pessoal e profissional; Compreender as normas de etiqueta e protocolo empresarial em diferentes contextos; Comunicar ideias claramente e persuadir stakeholders de maneira eficaz, tanto internamente quanto externamente.","Assertividade - Ser capaz de expressar opiniões, necessidades e sentimentos com confiança e exercer influência social;
Empatia - Compreender e preocupar-se com os outros e com o seu bem-estar. Valorizar e investir no relacionamento próximo;
Iniciativa social - Ser capaz de se aproximar de outras pessoas, tanto amigos quanto estranhos, iniciando e mantendo conexões sociais;
Controle emocional - Criar estratégias eficazes para regular o temperamento, a raiva e a irritação diante das frustrações.",Comunicação Empresarial,C5,3,Técnicas para Apresentações Empresariais e Relatórios,U3,9,Comunicação persuasiva nas organizações ,Aula 1: Definição de comunicação persuasiva nas organizações ,"Expressar-se junto a stakeholders por meio de comunicação clara, escuta ativa e argumentação lógica.",Comunicar-se de forma eficaz.,Compreender o conceito de comunicação persuasiva e sua importância para influenciar decisões no ambiente organizacional.,1. Definição de comunicação persuasiva nas organizações 
,2,T,"Aprender a redigir e-mails, relatórios e outros documentos empresariais de forma eficaz; Aprender a estruturar e organizar apresentações e relatórios de maneira clara e concisa; Desenvolver habilidades de apresentação em público, incluindo controle do nervosismo e uso adequado de recursos visuais; Identificar pontos fortes e áreas de melhoria pessoal e profissional; Compreender as normas de etiqueta e protocolo empresarial em diferentes contextos; Comunicar ideias claramente e persuadir stakeholders de maneira eficaz, tanto internamente quanto externamente.","Assertividade - Ser capaz de expressar opiniões, necessidades e sentimentos com confiança e exercer influência social;
Empatia - Compreender e preocupar-se com os outros e com o seu bem-estar. Valorizar e investir no relacionamento próximo;
Iniciativa social - Ser capaz de se aproximar de outras pessoas, tanto amigos quanto estranhos, iniciando e mantendo conexões sociais;
Controle emocional - Criar estratégias eficazes para regular o temperamento, a raiva e a irritação diante das frustrações.",Comunicação Empresarial,C5,3,Técnicas para Apresentações Empresariais e Relatórios,U3,9,Comunicação persuasiva nas organizações ,Aula 2: Comunicação persuasiva: influenciar sem manipular,"Expressar-se junto a stakeholders por meio de comunicação clara, escuta ativa e argumentação lógica.",Comunicar-se de forma eficaz.,"Desenvolver a capacidade de utilizar a comunicação persuasiva de forma ética no ambiente organizacional, diferenciando-a da manipulação.",2. Prática da comunicação persuasiva 
,2,T,"Aprender a redigir e-mails, relatórios e outros documentos empresariais de forma eficaz; Aprender a estruturar e organizar apresentações e relatórios de maneira clara e concisa; Desenvolver habilidades de apresentação em público, incluindo controle do nervosismo e uso adequado de recursos visuais; Identificar pontos fortes e áreas de melhoria pessoal e profissional; Compreender as normas de etiqueta e protocolo empresarial em diferentes contextos; Comunicar ideias claramente e persuadir stakeholders de maneira eficaz, tanto internamente quanto externamente.","Assertividade - Ser capaz de expressar opiniões, necessidades e sentimentos com confiança e exercer influência social;
Empatia - Compreender e preocupar-se com os outros e com o seu bem-estar. Valorizar e investir no relacionamento próximo;
Iniciativa social - Ser capaz de se aproximar de outras pessoas, tanto amigos quanto estranhos, iniciando e mantendo conexões sociais;
Controle emocional - Criar estratégias eficazes para regular o temperamento, a raiva e a irritação diante das frustrações.",Comunicação Empresarial,C5,3,Técnicas para Apresentações Empresariais e Relatórios,U3,9,Comunicação persuasiva nas organizações ,Aula 3: Escrita persuasiva nas organizações ,"Expressar-se junto a stakeholders por meio de comunicação clara, escuta ativa e argumentação lógica.",Comunicar-se de forma eficaz.,"Elaborar textos com linguagem persuasiva, aplicando técnicas de escrita adequadas ao contexto organizacional.",3. Escrita persuasiva nas organizações 
,2,T,"Aprender a redigir e-mails, relatórios e outros documentos empresariais de forma eficaz; Aprender a estruturar e organizar apresentações e relatórios de maneira clara e concisa; Desenvolver habilidades de apresentação em público, incluindo controle do nervosismo e uso adequado de recursos visuais; Identificar pontos fortes e áreas de melhoria pessoal e profissional; Compreender as normas de etiqueta e protocolo empresarial em diferentes contextos; Comunicar ideias claramente e persuadir stakeholders de maneira eficaz, tanto internamente quanto externamente.","Assertividade - Ser capaz de expressar opiniões, necessidades e sentimentos com confiança e exercer influência social;
Empatia - Compreender e preocupar-se com os outros e com o seu bem-estar. Valorizar e investir no relacionamento próximo;
Iniciativa social - Ser capaz de se aproximar de outras pessoas, tanto amigos quanto estranhos, iniciando e mantendo conexões sociais;
Controle emocional - Criar estratégias eficazes para regular o temperamento, a raiva e a irritação diante das frustrações.",Comunicação Empresarial,C5,3,Comunicação Empresarial,U2,10,Comunicação interna e externa nas organizações ,Aula 1: Comunicação interna e externa nas organizações,"Comunicar ideias de forma clara e persuasiva, tanto internamente quanto externamente, especialmente ao lidar com stakeholders.",Comunicar-se com assertividade.,"Compreender os conceitos de comunicação interna e externa, reconhecendo sua importância, benefícios e desafios no ambiente organizacional.",1. Definição de comunicação interna e externa nas organizações 
,2,T,"Aprender a redigir e-mails, relatórios e outros documentos empresariais de forma eficaz; Aprender a estruturar e organizar apresentações e relatórios de maneira clara e concisa; Desenvolver habilidades de apresentação em público, incluindo controle do nervosismo e uso adequado de recursos visuais; Identificar pontos fortes e áreas de melhoria pessoal e profissional; Compreender as normas de etiqueta e protocolo empresarial em diferentes contextos; Comunicar ideias claramente e persuadir stakeholders de maneira eficaz, tanto internamente quanto externamente.","Assertividade - Ser capaz de expressar opiniões, necessidades e sentimentos com confiança e exercer influência social;
Empatia - Compreender e preocupar-se com os outros e com o seu bem-estar. Valorizar e investir no relacionamento próximo;
Iniciativa social - Ser capaz de se aproximar de outras pessoas, tanto amigos quanto estranhos, iniciando e mantendo conexões sociais;
Controle emocional - Criar estratégias eficazes para regular o temperamento, a raiva e a irritação diante das frustrações.",Comunicação Empresarial,C5,3,Comunicação Empresarial,U2,10,Comunicação interna e externa nas organizações,Aula 2: Stakeholders e comunicação estratégica nas organizações,"Comunicar ideias de forma clara e persuasiva, tanto internamente quanto externamente, especialmente ao lidar com stakeholders.",Comunicar-se com assertividade.,Identificar os stakeholders internos e externos de uma organização e reconhecer estratégias de comunicação adequadas para cada público.,2. Stakeholders e a comunicação 
,2,T,"Aprender a redigir e-mails, relatórios e outros documentos empresariais de forma eficaz; Aprender a estruturar e organizar apresentações e relatórios de maneira clara e concisa; Desenvolver habilidades de apresentação em público, incluindo controle do nervosismo e uso adequado de recursos visuais; Identificar pontos fortes e áreas de melhoria pessoal e profissional; Compreender as normas de etiqueta e protocolo empresarial em diferentes contextos; Comunicar ideias claramente e persuadir stakeholders de maneira eficaz, tanto internamente quanto externamente.","Assertividade - Ser capaz de expressar opiniões, necessidades e sentimentos com confiança e exercer influência social;
Empatia - Compreender e preocupar-se com os outros e com o seu bem-estar. Valorizar e investir no relacionamento próximo;
Iniciativa social - Ser capaz de se aproximar de outras pessoas, tanto amigos quanto estranhos, iniciando e mantendo conexões sociais;
Controle emocional - Criar estratégias eficazes para regular o temperamento, a raiva e a irritação diante das frustrações.",Comunicação Empresarial,C5,3,Comunicação Empresarial,U2,10,Comunicação interna e externa nas organizações,Aula 3: Ferramentas digitais na comunicação organizacional,"Comunicar ideias de forma clara e persuasiva, tanto internamente quanto externamente, especialmente ao lidar com stakeholders.",Comunicar-se com assertividade.,Explorar o uso de ferramentas digitais para melhorar a comunicação interna e externa nas organizações.,3. Ferramentas digitais na comunicação 
,Recomposição da Aprendizagem,,,,,,,,,,,,,,,
,2,T,"Aprender a redigir e-mails, relatórios e outros documentos empresariais de forma eficaz; Aprender a estruturar e organizar apresentações e relatórios de maneira clara e concisa; Desenvolver habilidades de apresentação em público, incluindo controle do nervosismo e uso adequado de recursos visuais; Identificar pontos fortes e áreas de melhoria pessoal e profissional; Compreender as normas de etiqueta e protocolo empresarial em diferentes contextos; Comunicar ideias claramente e persuadir stakeholders de maneira eficaz, tanto internamente quanto externamente.","Assertividade - Ser capaz de expressar opiniões, necessidades e sentimentos com confiança e exercer influência social;
Empatia - Compreender e preocupar-se com os outros e com o seu bem-estar. Valorizar e investir no relacionamento próximo;
Iniciativa social - Ser capaz de se aproximar de outras pessoas, tanto amigos quanto estranhos, iniciando e mantendo conexões sociais;
Controle emocional - Criar estratégias eficazes para regular o temperamento, a raiva e a irritação diante das frustrações.",Comunicação Empresarial,C5,3,Comunicação Empresarial,U2,11,Organizações Conectadas: Desafios e oportunidades na era digital,Aula 1: Comunicação digital nas organizações ,Utilizar a comunicação digital para construir uma imagem profissional e agir com responsabilidade no ambiente de trabalho.,Demonstrar interesse por novas ideias e conhecimentos.,Compreender o conceito de comunicação digital e analisar como a linguagem digital contribui para a construção da identidade online no contexto organizacional.,Comunicação digital
,2,T,"Aprender a redigir e-mails, relatórios e outros documentos empresariais de forma eficaz; Aprender a estruturar e organizar apresentações e relatórios de maneira clara e concisa; Desenvolver habilidades de apresentação em público, incluindo controle do nervosismo e uso adequado de recursos visuais; Identificar pontos fortes e áreas de melhoria pessoal e profissional; Compreender as normas de etiqueta e protocolo empresarial em diferentes contextos; Comunicar ideias claramente e persuadir stakeholders de maneira eficaz, tanto internamente quanto externamente.","Assertividade - Ser capaz de expressar opiniões, necessidades e sentimentos com confiança e exercer influência social;
Empatia - Compreender e preocupar-se com os outros e com o seu bem-estar. Valorizar e investir no relacionamento próximo;
Iniciativa social - Ser capaz de se aproximar de outras pessoas, tanto amigos quanto estranhos, iniciando e mantendo conexões sociais;
Controle emocional - Criar estratégias eficazes para regular o temperamento, a raiva e a irritação diante das frustrações.",Comunicação Empresarial,C5,3,Comunicação Empresarial,U2,11,Organizações Conectadas: Desafios e oportunidades na era digital,Aula 2: Conflitos e fake news no mundo digital,Utilizar a comunicação digital para construir uma imagem profissional e agir com responsabilidade no ambiente de trabalho.,Demonstrar interesse por novas ideias e conhecimentos.,Analisar os principais conflitos no mundo digital e compreender o impacto das fake news no ambiente organizacional.,2. Conflitos no mundo digital 
,2,T,"Aprender a redigir e-mails, relatórios e outros documentos empresariais de forma eficaz; Aprender a estruturar e organizar apresentações e relatórios de maneira clara e concisa; Desenvolver habilidades de apresentação em público, incluindo controle do nervosismo e uso adequado de recursos visuais; Identificar pontos fortes e áreas de melhoria pessoal e profissional; Compreender as normas de etiqueta e protocolo empresarial em diferentes contextos; Comunicar ideias claramente e persuadir stakeholders de maneira eficaz, tanto internamente quanto externamente.","Assertividade - Ser capaz de expressar opiniões, necessidades e sentimentos com confiança e exercer influência social;
Empatia - Compreender e preocupar-se com os outros e com o seu bem-estar. Valorizar e investir no relacionamento próximo;
Iniciativa social - Ser capaz de se aproximar de outras pessoas, tanto amigos quanto estranhos, iniciando e mantendo conexões sociais;
Controle emocional - Criar estratégias eficazes para regular o temperamento, a raiva e a irritação diante das frustrações.",Comunicação Empresarial,C5,3,Comunicação Empresarial,U2,11,Organizações Conectadas: Desafios e oportunidades na era digital,Aula 3: A Inclusão digital e o ambiente organizacional,Utilizar a comunicação digital para construir uma imagem profissional e agir com responsabilidade no ambiente de trabalho.,Demonstrar interesse por novas ideias e conhecimentos.,Compreender a importância da inclusão digital e reconhecer a cidadania digital como parte da comunicação no ambiente organizacional.,3. Inclusão digital 
,2,T,"Aprender a redigir e-mails, relatórios e outros documentos empresariais de forma eficaz; Aprender a estruturar e organizar apresentações e relatórios de maneira clara e concisa; Desenvolver habilidades de apresentação em público, incluindo controle do nervosismo e uso adequado de recursos visuais; Identificar pontos fortes e áreas de melhoria pessoal e profissional; Compreender as normas de etiqueta e protocolo empresarial em diferentes contextos; Comunicar ideias claramente e persuadir stakeholders de maneira eficaz, tanto internamente quanto externamente.","Assertividade - Ser capaz de expressar opiniões, necessidades e sentimentos com confiança e exercer influência social;
Empatia - Compreender e preocupar-se com os outros e com o seu bem-estar. Valorizar e investir no relacionamento próximo;
Iniciativa social - Ser capaz de se aproximar de outras pessoas, tanto amigos quanto estranhos, iniciando e mantendo conexões sociais;
Controle emocional - Criar estratégias eficazes para regular o temperamento, a raiva e a irritação diante das frustrações.",Comunicação Empresarial,C5,3,Comunicação Empresarial,U2,12,Gestão da comunicação estratégica nas organizações ,Aula 1: Comunicação estratégica: definição e fluxo ,"Comunicar ideias com clareza e persuasão a públicos internos e externos, especialmente aos stakeholders.",Comunicar-se colaborativamente com colegas para alcançar objetivos comuns.,Compreender o conceito de comunicação estratégica e identificar seus principais componentes e fluxos no contexto organizacional.,1. Conceito de comunicação estratégica 
,2,T,"Aprender a redigir e-mails, relatórios e outros documentos empresariais de forma eficaz; Aprender a estruturar e organizar apresentações e relatórios de maneira clara e concisa; Desenvolver habilidades de apresentação em público, incluindo controle do nervosismo e uso adequado de recursos visuais; Identificar pontos fortes e áreas de melhoria pessoal e profissional; Compreender as normas de etiqueta e protocolo empresarial em diferentes contextos; Comunicar ideias claramente e persuadir stakeholders de maneira eficaz, tanto internamente quanto externamente.","Assertividade - Ser capaz de expressar opiniões, necessidades e sentimentos com confiança e exercer influência social;
Empatia - Compreender e preocupar-se com os outros e com o seu bem-estar. Valorizar e investir no relacionamento próximo;
Iniciativa social - Ser capaz de se aproximar de outras pessoas, tanto amigos quanto estranhos, iniciando e mantendo conexões sociais;
Controle emocional - Criar estratégias eficazes para regular o temperamento, a raiva e a irritação diante das frustrações.",Comunicação Empresarial,C5,3,Comunicação Empresarial,U2,12,Gestão da comunicação estratégica nas organizações ,Aula 2: Canais de comunicação ,"Comunicar ideias com clareza e persuasão a públicos internos e externos, especialmente aos stakeholders.",Comunicar colaborativamente com colegas para alcançar objetivos comuns.,Identificar os canais de comunicação interna e externa e seus critérios de escolha.,Canais de comunicação 
,2,T,"Aprender a redigir e-mails, relatórios e outros documentos empresariais de forma eficaz; Aprender a estruturar e organizar apresentações e relatórios de maneira clara e concisa; Desenvolver habilidades de apresentação em público, incluindo controle do nervosismo e uso adequado de recursos visuais; Identificar pontos fortes e áreas de melhoria pessoal e profissional; Compreender as normas de etiqueta e protocolo empresarial em diferentes contextos; Comunicar ideias claramente e persuadir stakeholders de maneira eficaz, tanto internamente quanto externamente.","Assertividade - Ser capaz de expressar opiniões, necessidades e sentimentos com confiança e exercer influência social;
Empatia - Compreender e preocupar-se com os outros e com o seu bem-estar. Valorizar e investir no relacionamento próximo;
Iniciativa social - Ser capaz de se aproximar de outras pessoas, tanto amigos quanto estranhos, iniciando e mantendo conexões sociais;
Controle emocional - Criar estratégias eficazes para regular o temperamento, a raiva e a irritação diante das frustrações.",Comunicação Empresarial,C5,3,Comunicação Empresarial,U2,12,Gestão da comunicação estratégica nas organizações ,Aula 3: Aplicação prática: comunicação estratégica,"Comunicar ideias com clareza e persuasão a públicos internos e externos, especialmente aos stakeholders.",Comunicar-se colaborativamente com colegas para alcançar objetivos comuns.,"Aplicar, na prática, conceitos sobre comunicação estratégica nas organizações. ",3. Aplicação prática 
,Recomposição da Aprendizagem,,,,,,,,,,,,,,,
,2,T,"Aprender a redigir e-mails, relatórios e outros documentos empresariais de forma eficaz; Aprender a estruturar e organizar apresentações e relatórios de maneira clara e concisa; Desenvolver habilidades de apresentação em público, incluindo controle do nervosismo e uso adequado de recursos visuais; Identificar pontos fortes e áreas de melhoria pessoal e profissional; Compreender as normas de etiqueta e protocolo empresarial em diferentes contextos; Comunicar ideias claramente e persuadir stakeholders de maneira eficaz, tanto internamente quanto externamente.","Assertividade - Ser capaz de expressar opiniões, necessidades e sentimentos com confiança e exercer influência social;
Empatia - Compreender e preocupar-se com os outros e com o seu bem-estar. Valorizar e investir no relacionamento próximo;
Iniciativa social - Ser capaz de se aproximar de outras pessoas, tanto amigos quanto estranhos, iniciando e mantendo conexões sociais;
Controle emocional - Criar estratégias eficazes para regular o temperamento, a raiva e a irritação diante das frustrações.",Comunicação Empresarial,C5,3,Técnicas para Apresentações Empresariais e Relatórios,U3,13,Apresentações com clareza e impacto,Aula 1: Falar em público ,"Estruturar apresentações e relatórios coesos, claros e concisos.",Comunicar-se colaborativamente com colegas para alcançar objetivos comuns.,"Aplicar  técnicas para falar em público de forma confiante, utilizando recursos  para engajar o público no contexto organizacional.",1. Falando em público: técnicas 
,2,T,"Aprender a redigir e-mails, relatórios e outros documentos empresariais de forma eficaz; Aprender a estruturar e organizar apresentações e relatórios de maneira clara e concisa; Desenvolver habilidades de apresentação em público, incluindo controle do nervosismo e uso adequado de recursos visuais; Identificar pontos fortes e áreas de melhoria pessoal e profissional; Compreender as normas de etiqueta e protocolo empresarial em diferentes contextos; Comunicar ideias claramente e persuadir stakeholders de maneira eficaz, tanto internamente quanto externamente.","Assertividade - Ser capaz de expressar opiniões, necessidades e sentimentos com confiança e exercer influência social;
Empatia - Compreender e preocupar-se com os outros e com o seu bem-estar. Valorizar e investir no relacionamento próximo;
Iniciativa social - Ser capaz de se aproximar de outras pessoas, tanto amigos quanto estranhos, iniciando e mantendo conexões sociais;
Controle emocional - Criar estratégias eficazes para regular o temperamento, a raiva e a irritação diante das frustrações.",Comunicação Empresarial,C5,3,Técnicas para Apresentações Empresariais e Relatórios,U3,13,Apresentações com clareza e impacto,Aula 2: Falar em público: superando desafios,"Estruturar apresentações e relatórios coesos, claros e concisos.",Comunicar-se colaborativamente com colegas para alcançar objetivos comuns.,Identificar técnicas para controlar o medo de falar em público e aumentar a confiança em apresentações no ambiente organizacional.,2. Medo de falar em público: utilizando técnicas 
,2,T,"Aprender a redigir e-mails, relatórios e outros documentos empresariais de forma eficaz; Aprender a estruturar e organizar apresentações e relatórios de maneira clara e concisa; Desenvolver habilidades de apresentação em público, incluindo controle do nervosismo e uso adequado de recursos visuais; Identificar pontos fortes e áreas de melhoria pessoal e profissional; Compreender as normas de etiqueta e protocolo empresarial em diferentes contextos; Comunicar ideias claramente e persuadir stakeholders de maneira eficaz, tanto internamente quanto externamente.","Assertividade - Ser capaz de expressar opiniões, necessidades e sentimentos com confiança e exercer influência social;
Empatia - Compreender e preocupar-se com os outros e com o seu bem-estar. Valorizar e investir no relacionamento próximo;
Iniciativa social - Ser capaz de se aproximar de outras pessoas, tanto amigos quanto estranhos, iniciando e mantendo conexões sociais;
Controle emocional - Criar estratégias eficazes para regular o temperamento, a raiva e a irritação diante das frustrações.",Comunicação Empresarial,C5,3,Técnicas para Apresentações Empresariais e Relatórios,U3,13,Apresentações com clareza e impacto,Aula 3: Apresentação atrativas,"Estruturar apresentações e relatórios coesos, claros e concisos.",Comunicar colaborativamente com colegas para alcançar objetivos comuns.,"Planejar uma apresentação atrativa em público, utilizando técnicas que envolvam a atenção do público.",Preparação de uma apresentação em público 
X,2,P,"Aprender a redigir e-mails, relatórios e outros documentos empresariais de forma eficaz; Aprender a estruturar e organizar apresentações e relatórios de maneira clara e concisa; Desenvolver habilidades de apresentação em público, incluindo controle do nervosismo e uso adequado de recursos visuais; Identificar pontos fortes e áreas de melhoria pessoal e profissional; Compreender as normas de etiqueta e protocolo empresarial em diferentes contextos; Comunicar ideias claramente e persuadir stakeholders de maneira eficaz, tanto internamente quanto externamente.","Assertividade - Ser capaz de expressar opiniões, necessidades e sentimentos com confiança e exercer influência social;
Empatia - Compreender e preocupar-se com os outros e com o seu bem-estar. Valorizar e investir no relacionamento próximo;
Iniciativa social - Ser capaz de se aproximar de outras pessoas, tanto amigos quanto estranhos, iniciando e mantendo conexões sociais;
Controle emocional - Criar estratégias eficazes para regular o temperamento, a raiva e a irritação diante das frustrações.",Comunicação Empresarial,C5,3,Técnicas para Apresentações Empresariais e Relatórios,U3,14,Persuasão Organizacional: Da palavra à ação,Aula 1: Campanha de comunicação: discurso oral ,"Estruturar apresentações e relatórios coesos, claros e concisos.",Comunicar-se colaborativamente com colegas para alcançar objetivos comuns.,Planejar uma campanha de comunicação persuasiva para um cenário organizacional e criar um discurso oral convincente.,1. Discurso oral da campanha de comunicação 
X,2,P,"Aprender a redigir e-mails, relatórios e outros documentos empresariais de forma eficaz; Aprender a estruturar e organizar apresentações e relatórios de maneira clara e concisa; Desenvolver habilidades de apresentação em público, incluindo controle do nervosismo e uso adequado de recursos visuais; Identificar pontos fortes e áreas de melhoria pessoal e profissional; Compreender as normas de etiqueta e protocolo empresarial em diferentes contextos; Comunicar ideias claramente e persuadir stakeholders de maneira eficaz, tanto internamente quanto externamente.","Assertividade - Ser capaz de expressar opiniões, necessidades e sentimentos com confiança e exercer influência social;
Empatia - Compreender e preocupar-se com os outros e com o seu bem-estar. Valorizar e investir no relacionamento próximo;
Iniciativa social - Ser capaz de se aproximar de outras pessoas, tanto amigos quanto estranhos, iniciando e mantendo conexões sociais;
Controle emocional - Criar estratégias eficazes para regular o temperamento, a raiva e a irritação diante das frustrações.",Comunicação Empresarial,C5,3,Técnicas para Apresentações Empresariais e Relatórios,U3,14,Persuasão Organizacional: Da palavra à ação,Aula 2: Campanha de comunicação: escrita persuasiva ,"Estruturar apresentações e relatórios coesos, claros e concisos.",Comunicar-se colaborativamente com colegas para alcançar objetivos comuns.,"Converter o discurso oral da campanha desenvolvida em uma mensagem escrita persuasiva, adaptada ao público-alvo.",2. Escrita persuasiva da campanha de comunicação 
X,2,P,"Aprender a redigir e-mails, relatórios e outros documentos empresariais de forma eficaz; Aprender a estruturar e organizar apresentações e relatórios de maneira clara e concisa; Desenvolver habilidades de apresentação em público, incluindo controle do nervosismo e uso adequado de recursos visuais; Identificar pontos fortes e áreas de melhoria pessoal e profissional; Compreender as normas de etiqueta e protocolo empresarial em diferentes contextos; Comunicar ideias claramente e persuadir stakeholders de maneira eficaz, tanto internamente quanto externamente.","Assertividade - Ser capaz de expressar opiniões, necessidades e sentimentos com confiança e exercer influência social;
Empatia - Compreender e preocupar-se com os outros e com o seu bem-estar. Valorizar e investir no relacionamento próximo;
Iniciativa social - Ser capaz de se aproximar de outras pessoas, tanto amigos quanto estranhos, iniciando e mantendo conexões sociais;
Controle emocional - Criar estratégias eficazes para regular o temperamento, a raiva e a irritação diante das frustrações.",Comunicação Empresarial,C5,3,Técnicas para Apresentações Empresariais e Relatórios,U3,14,Persuasão Organizacional: Da palavra à ação,Aula 3: Campanha de comunicação: peça da campanha de comunicação ,"Estruturar apresentações e relatórios coesos, claros e concisos.",Comunicar colaborativamente com colegas para alcançar objetivos comuns.,Criar uma peça de comunicação visual que reforce a campanha e a mensagem persuasiva.,3. Peça da comunicação visual 
,Recomposição da Aprendizagem,,,,,,,,,,,,,,,
Visita Técnica ,,,,,,,,,,,,,,,,
,3,T,"Aprender a redigir e-mails, relatórios e outros documentos empresariais de forma eficaz; Aprender a estruturar e organizar apresentações e relatórios de maneira clara e concisa; Desenvolver habilidades de apresentação em público, incluindo controle do nervosismo e uso adequado de recursos visuais; Identificar pontos fortes e áreas de melhoria pessoal e profissional; Compreender as normas de etiqueta e protocolo empresarial em diferentes contextos; Comunicar ideias claramente e persuadir stakeholders de maneira eficaz, tanto internamente quanto externamente.","Assertividade - Ser capaz de expressar opiniões, necessidades e sentimentos com confiança e exercer influência social;
Empatia - Compreender e preocupar-se com os outros e com o seu bem-estar. Valorizar e investir no relacionamento próximo;
Iniciativa social - Ser capaz de se aproximar de outras pessoas, tanto amigos quanto estranhos, iniciando e mantendo conexões sociais;
Controle emocional - Criar estratégias eficazes para regular o temperamento, a raiva e a irritação diante das frustrações.",Comunicação Empresarial,C5,3,Protocolo Empresarial e Comportamento ético,U6,15,A comunicação estratégica como ferramenta de gestão empresarial,Aula 1: Políticas de comunicação: diretrizes e elementos,Comunicar ideias de forma clara e persuasiva nos contextos organizacionais.,Cooperar e valorizar a interconexão entre pessoas.,"Compreender a política de comunicação organizacional, suas diretrizes e elementos essenciais.",1. Definição de política de comunicação organizacional.
,3,T,"Aprender a redigir e-mails, relatórios e outros documentos empresariais de forma eficaz; Aprender a estruturar e organizar apresentações e relatórios de maneira clara e concisa; Desenvolver habilidades de apresentação em público, incluindo controle do nervosismo e uso adequado de recursos visuais; Identificar pontos fortes e áreas de melhoria pessoal e profissional; Compreender as normas de etiqueta e protocolo empresarial em diferentes contextos; Comunicar ideias claramente e persuadir stakeholders de maneira eficaz, tanto internamente quanto externamente.","Assertividade - Ser capaz de expressar opiniões, necessidades e sentimentos com confiança e exercer influência social;
Empatia - Compreender e preocupar-se com os outros e com o seu bem-estar. Valorizar e investir no relacionamento próximo;
Iniciativa social - Ser capaz de se aproximar de outras pessoas, tanto amigos quanto estranhos, iniciando e mantendo conexões sociais;
Controle emocional - Criar estratégias eficazes para regular o temperamento, a raiva e a irritação diante das frustrações.",Comunicação Empresarial,C5,3,Protocolo Empresarial e Comportamento ético,U6,15,A comunicação estratégica como ferramenta de gestão empresarial,Aula 2: Comunicação Organizacional: Canais e estratégias ,Comunicar ideias de forma clara e persuasiva nos contextos organizacionais.,Cooperar e valorizar a interconexão entre pessoas.,Identificar os canais utilizados na  política de comunicação organizacional e propor estratégias para aumentar sua efetividade.,Canais de política de comunicação 
,3,T,"Aprender a redigir e-mails, relatórios e outros documentos empresariais de forma eficaz; Aprender a estruturar e organizar apresentações e relatórios de maneira clara e concisa; Desenvolver habilidades de apresentação em público, incluindo controle do nervosismo e uso adequado de recursos visuais; Identificar pontos fortes e áreas de melhoria pessoal e profissional; Compreender as normas de etiqueta e protocolo empresarial em diferentes contextos; Comunicar ideias claramente e persuadir stakeholders de maneira eficaz, tanto internamente quanto externamente.","Assertividade - Ser capaz de expressar opiniões, necessidades e sentimentos com confiança e exercer influência social;
Empatia - Compreender e preocupar-se com os outros e com o seu bem-estar. Valorizar e investir no relacionamento próximo;
Iniciativa social - Ser capaz de se aproximar de outras pessoas, tanto amigos quanto estranhos, iniciando e mantendo conexões sociais;
Controle emocional - Criar estratégias eficazes para regular o temperamento, a raiva e a irritação diante das frustrações.",Comunicação Empresarial,C5,3,Protocolo Empresarial e Comportamento ético,U6,15,A comunicação estratégica como ferramenta de gestão empresarial,Aula 3: Desempenho e crises: papel da comunicação,Comunicar ideias de forma clara e persuasiva nos contextos organizacionais.,Cooperar e valorizar a interconexão entre pessoas.,Identificar o impacto da política de comunicação no desempenho da empresa e na gestão de crises.,3. Impacto da política de comunicação no desempenho da empresa 
,3,T,"Aprender a redigir e-mails, relatórios e outros documentos empresariais de forma eficaz; Aprender a estruturar e organizar apresentações e relatórios de maneira clara e concisa; Desenvolver habilidades de apresentação em público, incluindo controle do nervosismo e uso adequado de recursos visuais; Identificar pontos fortes e áreas de melhoria pessoal e profissional; Compreender as normas de etiqueta e protocolo empresarial em diferentes contextos; Comunicar ideias claramente e persuadir stakeholders de maneira eficaz, tanto internamente quanto externamente.","Assertividade - Ser capaz de expressar opiniões, necessidades e sentimentos com confiança e exercer influência social;
Empatia - Compreender e preocupar-se com os outros e com o seu bem-estar. Valorizar e investir no relacionamento próximo;
Iniciativa social - Ser capaz de se aproximar de outras pessoas, tanto amigos quanto estranhos, iniciando e mantendo conexões sociais;
Controle emocional - Criar estratégias eficazes para regular o temperamento, a raiva e a irritação diante das frustrações.",Comunicação Empresarial,C5,3,Protocolo Empresarial e Comportamento ético,U6,16,Gestão de Comunicação e Conflitos no Ambiente Organizacional,Aula 1: Protocolos e cultura: como manter o respeito no trabalho,"Aplicar as normas de comportamento ético e o protocolo em interações formais, respeitando as hierarquias e convenções 
corporativas.",Apresentar persistência na superação de desafios organizacionais.,Compreender o conceito de protocolo empresarial e reconhecer sua importância para a cultura organizacional.,1. Definição e importância de protocolos empresariais
,3,T,"Aprender a redigir e-mails, relatórios e outros documentos empresariais de forma eficaz; Aprender a estruturar e organizar apresentações e relatórios de maneira clara e concisa; Desenvolver habilidades de apresentação em público, incluindo controle do nervosismo e uso adequado de recursos visuais; Identificar pontos fortes e áreas de melhoria pessoal e profissional; Compreender as normas de etiqueta e protocolo empresarial em diferentes contextos; Comunicar ideias claramente e persuadir stakeholders de maneira eficaz, tanto internamente quanto externamente.","Assertividade - Ser capaz de expressar opiniões, necessidades e sentimentos com confiança e exercer influência social;
Empatia - Compreender e preocupar-se com os outros e com o seu bem-estar. Valorizar e investir no relacionamento próximo;
Iniciativa social - Ser capaz de se aproximar de outras pessoas, tanto amigos quanto estranhos, iniciando e mantendo conexões sociais;
Controle emocional - Criar estratégias eficazes para regular o temperamento, a raiva e a irritação diante das frustrações.",Comunicação Empresarial,C5,3,Protocolo Empresarial e Comportamento ético,U6,16,Gestão de Comunicação e Conflitos no Ambiente Organizacional,Aula 2: Gestão de conflitos e soluções no ambiente interno,"Aplicar as normas de comportamento ético e o protocolo em interações formais, respeitando as hierarquias e convenções 
corporativas.",Apresentar persistência na superação de desafios organizacionais.,Reconhecer tipos de conflito no ambiente de trabalho e estratégias eficazes para sua mediação.,2. Gestão de conflitos organizacionais 
,3,T,"Aprender a redigir e-mails, relatórios e outros documentos empresariais de forma eficaz; Aprender a estruturar e organizar apresentações e relatórios de maneira clara e concisa; Desenvolver habilidades de apresentação em público, incluindo controle do nervosismo e uso adequado de recursos visuais; Identificar pontos fortes e áreas de melhoria pessoal e profissional; Compreender as normas de etiqueta e protocolo empresarial em diferentes contextos; Comunicar ideias claramente e persuadir stakeholders de maneira eficaz, tanto internamente quanto externamente.","Assertividade - Ser capaz de expressar opiniões, necessidades e sentimentos com confiança e exercer influência social;
Empatia - Compreender e preocupar-se com os outros e com o seu bem-estar. Valorizar e investir no relacionamento próximo;
Iniciativa social - Ser capaz de se aproximar de outras pessoas, tanto amigos quanto estranhos, iniciando e mantendo conexões sociais;
Controle emocional - Criar estratégias eficazes para regular o temperamento, a raiva e a irritação diante das frustrações.",Comunicação Empresarial,C5,3,Protocolo Empresarial e Comportamento ético,U6,16,Gestão de Comunicação e Conflitos no Ambiente Organizacional,Aula 3: Aplicação prática ,"Aplicar as normas de comportamento ético e o protocolo em interações formais, respeitando as hierarquias e convenções 
corporativas.",Apresentar persistência na superação de desafios organizacionais.,"Aplicar, na prática, conceitos sobre protocolo empresarial. ",3. Aplicação prática 
,3,T,"Aprender a redigir e-mails, relatórios e outros documentos empresariais de forma eficaz; Aprender a estruturar e organizar apresentações e relatórios de maneira clara e concisa; Desenvolver habilidades de apresentação em público, incluindo controle do nervosismo e uso adequado de recursos visuais; Identificar pontos fortes e áreas de melhoria pessoal e profissional; Compreender as normas de etiqueta e protocolo empresarial em diferentes contextos; Comunicar ideias claramente e persuadir stakeholders de maneira eficaz, tanto internamente quanto externamente.","Assertividade - Ser capaz de expressar opiniões, necessidades e sentimentos com confiança e exercer influência social;
Empatia - Compreender e preocupar-se com os outros e com o seu bem-estar. Valorizar e investir no relacionamento próximo;
Iniciativa social - Ser capaz de se aproximar de outras pessoas, tanto amigos quanto estranhos, iniciando e mantendo conexões sociais;
Controle emocional - Criar estratégias eficazes para regular o temperamento, a raiva e a irritação diante das frustrações.",Comunicação Empresarial,C5,3,Autoconhecimento e Desenvolvimento Pessoal ,U5,17,Postura Profissional e Conduta Ética no Ambiente Organizacional,Aula 1: Impacto da postura profissional na empresa,"Compreender normas de protocolo empresarial e comportamento 
ético.
",Agir de forma organizada e responsável nos ambientes organizacionais.,Compreender o impacto da postura profissional nos resultados da empresa e na imagem organizacional.,1. Impacto da postura profissional na empresa
,3,T,"Aprender a redigir e-mails, relatórios e outros documentos empresariais de forma eficaz; Aprender a estruturar e organizar apresentações e relatórios de maneira clara e concisa; Desenvolver habilidades de apresentação em público, incluindo controle do nervosismo e uso adequado de recursos visuais; Identificar pontos fortes e áreas de melhoria pessoal e profissional; Compreender as normas de etiqueta e protocolo empresarial em diferentes contextos; Comunicar ideias claramente e persuadir stakeholders de maneira eficaz, tanto internamente quanto externamente.","Assertividade - Ser capaz de expressar opiniões, necessidades e sentimentos com confiança e exercer influência social;
Empatia - Compreender e preocupar-se com os outros e com o seu bem-estar. Valorizar e investir no relacionamento próximo;
Iniciativa social - Ser capaz de se aproximar de outras pessoas, tanto amigos quanto estranhos, iniciando e mantendo conexões sociais;
Controle emocional - Criar estratégias eficazes para regular o temperamento, a raiva e a irritação diante das frustrações.",Comunicação Empresarial,C5,3,Autoconhecimento e Desenvolvimento Pessoal ,U5,17,Postura Profissional e Conduta Ética no Ambiente Organizacional,Aula 2: Importância da conduta ética e respeitosa no trabalho,"Compreender normas de protocolo empresarial e comportamento 
ético.
",Agir de forma organizada e responsável nos ambientes organizacionais.,Compreender a importância da conduta ética e respeitosa no ambiente organizacional e no relacionamento interpessoal.,Conduta ética na empresa
,3,T,"Aprender a redigir e-mails, relatórios e outros documentos empresariais de forma eficaz; Aprender a estruturar e organizar apresentações e relatórios de maneira clara e concisa; Desenvolver habilidades de apresentação em público, incluindo controle do nervosismo e uso adequado de recursos visuais; Identificar pontos fortes e áreas de melhoria pessoal e profissional; Compreender as normas de etiqueta e protocolo empresarial em diferentes contextos; Comunicar ideias claramente e persuadir stakeholders de maneira eficaz, tanto internamente quanto externamente.","Assertividade - Ser capaz de expressar opiniões, necessidades e sentimentos com confiança e exercer influência social;
Empatia - Compreender e preocupar-se com os outros e com o seu bem-estar. Valorizar e investir no relacionamento próximo;
Iniciativa social - Ser capaz de se aproximar de outras pessoas, tanto amigos quanto estranhos, iniciando e mantendo conexões sociais;
Controle emocional - Criar estratégias eficazes para regular o temperamento, a raiva e a irritação diante das frustrações.",Comunicação Empresarial,C5,3,Autoconhecimento e Desenvolvimento Pessoal ,U5,17,Postura Profissional e Conduta Ética no Ambiente Organizacional,Aula 3: Aplicação prática ,"Compreender normas de protocolo empresarial e comportamento 
ético.
",Agir de forma organizada e responsável nos ambientes organizacionais.,Aplicar conceitos sobre protocolo empresarial relacionados à ética em atividades práticas e simuladas.,3. Aplicação prática 
,Recomposição da Aprendizagem,,,,,,,,,,,,,,,
,3,T,"Aprender a redigir e-mails, relatórios e outros documentos empresariais de forma eficaz; Aprender a estruturar e organizar apresentações e relatórios de maneira clara e concisa; Desenvolver habilidades de apresentação em público, incluindo controle do nervosismo e uso adequado de recursos visuais; Identificar pontos fortes e áreas de melhoria pessoal e profissional; Compreender as normas de etiqueta e protocolo empresarial em diferentes contextos; Comunicar ideias claramente e persuadir stakeholders de maneira eficaz, tanto internamente quanto externamente.","Assertividade - Ser capaz de expressar opiniões, necessidades e sentimentos com confiança e exercer influência social;
Empatia - Compreender e preocupar-se com os outros e com o seu bem-estar. Valorizar e investir no relacionamento próximo;
Iniciativa social - Ser capaz de se aproximar de outras pessoas, tanto amigos quanto estranhos, iniciando e mantendo conexões sociais;
Controle emocional - Criar estratégias eficazes para regular o temperamento, a raiva e a irritação diante das frustrações.",Comunicação Empresarial,C5,3,Trabalho em Equipe,U4,18,Equipes de Alto Desempenho ,Aula 1: Importância e tipos de equipes no trabalho,Reconhecer os tipos de equipe e os fatores que contribuem para bons resultados organizacionais.,Trabalhar em equipe de forma colaborativa e flexível.,"Compreender a definição, a importância e os principais tipos de equipes existentes nas organizações.
",1. Definição de equipe no ambiente de trabalho
,3,T,"Aprender a redigir e-mails, relatórios e outros documentos empresariais de forma eficaz; Aprender a estruturar e organizar apresentações e relatórios de maneira clara e concisa; Desenvolver habilidades de apresentação em público, incluindo controle do nervosismo e uso adequado de recursos visuais; Identificar pontos fortes e áreas de melhoria pessoal e profissional; Compreender as normas de etiqueta e protocolo empresarial em diferentes contextos; Comunicar ideias claramente e persuadir stakeholders de maneira eficaz, tanto internamente quanto externamente.","Assertividade - Ser capaz de expressar opiniões, necessidades e sentimentos com confiança e exercer influência social;
Empatia - Compreender e preocupar-se com os outros e com o seu bem-estar. Valorizar e investir no relacionamento próximo;
Iniciativa social - Ser capaz de se aproximar de outras pessoas, tanto amigos quanto estranhos, iniciando e mantendo conexões sociais;
Controle emocional - Criar estratégias eficazes para regular o temperamento, a raiva e a irritação diante das frustrações.",Comunicação Empresarial,C5,3,Trabalho em Equipe,U4,18,Equipes de Alto Desempenho,Aula 2:  Equipes de alto desempenho: Elementos-chave,Reconhecer os tipos de equipe e os fatores que contribuem para bons resultados organizacionais.,Trabalhar em equipe de forma colaborativa e flexível.,Compreender o conceito e os fatores determinantes de equipes de alto desempenho.,2. Equipes de alto desempenho
,3,T,"Aprender a redigir e-mails, relatórios e outros documentos empresariais de forma eficaz; Aprender a estruturar e organizar apresentações e relatórios de maneira clara e concisa; Desenvolver habilidades de apresentação em público, incluindo controle do nervosismo e uso adequado de recursos visuais; Identificar pontos fortes e áreas de melhoria pessoal e profissional; Compreender as normas de etiqueta e protocolo empresarial em diferentes contextos; Comunicar ideias claramente e persuadir stakeholders de maneira eficaz, tanto internamente quanto externamente.","Assertividade - Ser capaz de expressar opiniões, necessidades e sentimentos com confiança e exercer influência social;
Empatia - Compreender e preocupar-se com os outros e com o seu bem-estar. Valorizar e investir no relacionamento próximo;
Iniciativa social - Ser capaz de se aproximar de outras pessoas, tanto amigos quanto estranhos, iniciando e mantendo conexões sociais;
Controle emocional - Criar estratégias eficazes para regular o temperamento, a raiva e a irritação diante das frustrações.",Comunicação Empresarial,C5,3,Trabalho em Equipe,U4,18,Equipes de Alto Desempenho,Aula 3: Equipes de alto desempenho: características e papéis ,Reconhecer os tipos de equipe e os fatores que contribuem para bons resultados organizacionais.,Trabalhar em equipe de forma colaborativa e flexível.,Reconhecer as principais características das equipes de alto desempenho e os papéis desempenhados por seus membros.,3. Características das equipes de alto desempenho
,3,T,"Aprender a redigir e-mails, relatórios e outros documentos empresariais de forma eficaz; Aprender a estruturar e organizar apresentações e relatórios de maneira clara e concisa; Desenvolver habilidades de apresentação em público, incluindo controle do nervosismo e uso adequado de recursos visuais; Identificar pontos fortes e áreas de melhoria pessoal e profissional; Compreender as normas de etiqueta e protocolo empresarial em diferentes contextos; Comunicar ideias claramente e persuadir stakeholders de maneira eficaz, tanto internamente quanto externamente.","Assertividade - Ser capaz de expressar opiniões, necessidades e sentimentos com confiança e exercer influência social;
Empatia - Compreender e preocupar-se com os outros e com o seu bem-estar. Valorizar e investir no relacionamento próximo;
Iniciativa social - Ser capaz de se aproximar de outras pessoas, tanto amigos quanto estranhos, iniciando e mantendo conexões sociais;
Controle emocional - Criar estratégias eficazes para regular o temperamento, a raiva e a irritação diante das frustrações.",Comunicação Empresarial,C5,3,Trabalho em Equipe,U4,19,Estruturas Organizacionais ,Aula 1: Estrutura formal e informal nas organizações,Reconhecer os tipos de estruturas organizacionais e os fatores que contribuem para bons resultados nas empresas.,Trabalhar em equipe de forma colaborativa e flexível.,Compreender as estruturas organizacionais formais e informais nas empresas.,1. Estrutura organizacional formal e informal
,3,T,"Aprender a redigir e-mails, relatórios e outros documentos empresariais de forma eficaz; Aprender a estruturar e organizar apresentações e relatórios de maneira clara e concisa; Desenvolver habilidades de apresentação em público, incluindo controle do nervosismo e uso adequado de recursos visuais; Identificar pontos fortes e áreas de melhoria pessoal e profissional; Compreender as normas de etiqueta e protocolo empresarial em diferentes contextos; Comunicar ideias claramente e persuadir stakeholders de maneira eficaz, tanto internamente quanto externamente.","Assertividade - Ser capaz de expressar opiniões, necessidades e sentimentos com confiança e exercer influência social;
Empatia - Compreender e preocupar-se com os outros e com o seu bem-estar. Valorizar e investir no relacionamento próximo;
Iniciativa social - Ser capaz de se aproximar de outras pessoas, tanto amigos quanto estranhos, iniciando e mantendo conexões sociais;
Controle emocional - Criar estratégias eficazes para regular o temperamento, a raiva e a irritação diante das frustrações.",Comunicação Empresarial,C5,3,Trabalho em Equipe,U4,19,Estruturas Organizacionais ,Aula 2: Estrutura matricial ,Reconhecer os tipos de estruturas organizacionais e os fatores que contribuem para bons resultados nas empresas.,Trabalhar em equipe de forma colaborativa e flexível.,Identificar a estrutura matricial e suas principais características.,2. Estrutura matricial
,3,T,"Aprender a redigir e-mails, relatórios e outros documentos empresariais de forma eficaz; Aprender a estruturar e organizar apresentações e relatórios de maneira clara e concisa; Desenvolver habilidades de apresentação em público, incluindo controle do nervosismo e uso adequado de recursos visuais; Identificar pontos fortes e áreas de melhoria pessoal e profissional; Compreender as normas de etiqueta e protocolo empresarial em diferentes contextos; Comunicar ideias claramente e persuadir stakeholders de maneira eficaz, tanto internamente quanto externamente.","Assertividade - Ser capaz de expressar opiniões, necessidades e sentimentos com confiança e exercer influência social;
Empatia - Compreender e preocupar-se com os outros e com o seu bem-estar. Valorizar e investir no relacionamento próximo;
Iniciativa social - Ser capaz de se aproximar de outras pessoas, tanto amigos quanto estranhos, iniciando e mantendo conexões sociais;
Controle emocional - Criar estratégias eficazes para regular o temperamento, a raiva e a irritação diante das frustrações.",Comunicação Empresarial,C5,3,Trabalho em Equipe,U4,19,Estruturas Organizacionais ,Aula 3: Estrutura em rede ,Reconhecer os tipos de estruturas organizacionais e os fatores que contribuem para bons resultados nas empresas.,Trabalhar em equipe de forma colaborativa e flexível.,Compreender a estrutura em rede e suas principais características.,3. Estrutura em rede 
,Recomposição da Aprendizagem,,,,,,,,,,,,,,,
,3,P,"Aprender a redigir e-mails, relatórios e outros documentos empresariais de forma eficaz; Aprender a estruturar e organizar apresentações e relatórios de maneira clara e concisa; Desenvolver habilidades de apresentação em público, incluindo controle do nervosismo e uso adequado de recursos visuais; Identificar pontos fortes e áreas de melhoria pessoal e profissional; Compreender as normas de etiqueta e protocolo empresarial em diferentes contextos; Comunicar ideias claramente e persuadir stakeholders de maneira eficaz, tanto internamente quanto externamente.","Assertividade - Ser capaz de expressar opiniões, necessidades e sentimentos com confiança e exercer influência social;
Empatia - Compreender e preocupar-se com os outros e com o seu bem-estar. Valorizar e investir no relacionamento próximo;
Iniciativa social - Ser capaz de se aproximar de outras pessoas, tanto amigos quanto estranhos, iniciando e mantendo conexões sociais;
Controle emocional - Criar estratégias eficazes para regular o temperamento, a raiva e a irritação diante das frustrações.",Comunicação Empresarial,C5,3,Trabalho em Equipe,U4,20,Construindo Equipes organizacionais na Prática,Aula 1: Formação da equipe e distribuição de papéis,Relacionar a formação de equipes e estruturas aos seus impactos nas organizações.,Trabalhar em equipe de forma colaborativa e flexível.,Compreender as características e papéis em equipes de alto desempenho por meio da aplicação prática. ,1. Características e papéis da equipe de alto desempenho na prática
,3,P,"Aprender a redigir e-mails, relatórios e outros documentos empresariais de forma eficaz; Aprender a estruturar e organizar apresentações e relatórios de maneira clara e concisa; Desenvolver habilidades de apresentação em público, incluindo controle do nervosismo e uso adequado de recursos visuais; Identificar pontos fortes e áreas de melhoria pessoal e profissional; Compreender as normas de etiqueta e protocolo empresarial em diferentes contextos; Comunicar ideias claramente e persuadir stakeholders de maneira eficaz, tanto internamente quanto externamente.","Assertividade - Ser capaz de expressar opiniões, necessidades e sentimentos com confiança e exercer influência social;
Empatia - Compreender e preocupar-se com os outros e com o seu bem-estar. Valorizar e investir no relacionamento próximo;
Iniciativa social - Ser capaz de se aproximar de outras pessoas, tanto amigos quanto estranhos, iniciando e mantendo conexões sociais;
Controle emocional - Criar estratégias eficazes para regular o temperamento, a raiva e a irritação diante das frustrações.",Comunicação Empresarial,C5,3,Trabalho em Equipe,U4,20,Construindo Equipes organizacionais na Prática,Aula 2: Aplicação da estrutura organizacional,Relacionar a formação de equipes e estruturas aos seus impactos nas organizações.,Trabalhar em equipe de forma colaborativa e flexível.,Experimentar o funcionamento da estrutura formal e informal dentro do grupo.,2. Funcionamento da estrutura organizacional na prática
,3,P,"Aprender a redigir e-mails, relatórios e outros documentos empresariais de forma eficaz; Aprender a estruturar e organizar apresentações e relatórios de maneira clara e concisa; Desenvolver habilidades de apresentação em público, incluindo controle do nervosismo e uso adequado de recursos visuais; Identificar pontos fortes e áreas de melhoria pessoal e profissional; Compreender as normas de etiqueta e protocolo empresarial em diferentes contextos; Comunicar ideias claramente e persuadir stakeholders de maneira eficaz, tanto internamente quanto externamente.","Assertividade - Ser capaz de expressar opiniões, necessidades e sentimentos com confiança e exercer influência social;
Empatia - Compreender e preocupar-se com os outros e com o seu bem-estar. Valorizar e investir no relacionamento próximo;
Iniciativa social - Ser capaz de se aproximar de outras pessoas, tanto amigos quanto estranhos, iniciando e mantendo conexões sociais;
Controle emocional - Criar estratégias eficazes para regular o temperamento, a raiva e a irritação diante das frustrações.",Comunicação Empresarial,C5,3,Trabalho em Equipe ,U4,20,Construindo Equipes organizacionais na Prática,Aula 3: Adaptação às  estruturas matricial e em rede,Relacionar a formação de equipes e estruturas aos seus impactos nas organizações.,Trabalhar em equipe de forma colaborativa e flexível.,"Simular a atuação de equipes em estruturas matriciais e em rede, desenvolvendo estratégias para adaptar processos e comunicação.
",3. Tipos de estrutura organizacional na prática. 
,Recomposição da Aprendizagem,,,,,,,,,,,,,,,
,4,T,"Aprender a redigir e-mails, relatórios e outros documentos empresariais de forma eficaz; Aprender a estruturar e organizar apresentações e relatórios de maneira clara e concisa; Desenvolver habilidades de apresentação em público, incluindo controle do nervosismo e uso adequado de recursos visuais; Identificar pontos fortes e áreas de melhoria pessoal e profissional; Compreender as normas de etiqueta e protocolo empresarial em diferentes contextos; Comunicar ideias claramente e persuadir stakeholders de maneira eficaz, tanto internamente quanto externamente.","Assertividade - Ser capaz de expressar opiniões, necessidades e sentimentos com confiança e exercer influência social;
Empatia - Compreender e preocupar-se com os outros e com o seu bem-estar. Valorizar e investir no relacionamento próximo;
Iniciativa social - Ser capaz de se aproximar de outras pessoas, tanto amigos quanto estranhos, iniciando e mantendo conexões sociais;
Controle emocional - Criar estratégias eficazes para regular o temperamento, a raiva e a irritação diante das frustrações.",Comunicação Empresarial,C5,3,Autoconhecimento e Desenvolvimento Pessoal ,U5,21,Mindset de Crescimento ,Aula 1: Tipos de mindset ,Compreender o significado de mindset e sua influência.,"Refletir sobre o desempenho pessoal, identificando pontos fortes e áreas para o autodesenvolvimento.",Compreender os tipos de mindset e sua influência no desenvolvimento profissional.,1. Definição de mindset
,4,T,"Aprender a redigir e-mails, relatórios e outros documentos empresariais de forma eficaz; Aprender a estruturar e organizar apresentações e relatórios de maneira clara e concisa; Desenvolver habilidades de apresentação em público, incluindo controle do nervosismo e uso adequado de recursos visuais; Identificar pontos fortes e áreas de melhoria pessoal e profissional; Compreender as normas de etiqueta e protocolo empresarial em diferentes contextos; Comunicar ideias claramente e persuadir stakeholders de maneira eficaz, tanto internamente quanto externamente.","Assertividade - Ser capaz de expressar opiniões, necessidades e sentimentos com confiança e exercer influência social;
Empatia - Compreender e preocupar-se com os outros e com o seu bem-estar. Valorizar e investir no relacionamento próximo;
Iniciativa social - Ser capaz de se aproximar de outras pessoas, tanto amigos quanto estranhos, iniciando e mantendo conexões sociais;
Controle emocional - Criar estratégias eficazes para regular o temperamento, a raiva e a irritação diante das frustrações.",Comunicação Empresarial,C5,3,Autoconhecimento e Desenvolvimento Pessoal ,U5,21,Mindset de Crescimento ,Aula 2: Mindset de crescimento e mudança no ambiente de trabalho,Compreender o significado de mindset e sua influência.,"Refletir sobre o desempenho pessoal, identificando pontos fortes e áreas para o autodesenvolvimento.",Identificar a relação entre o mindset de crescimento e os processos de mudança no ambiente de trabalho.,2. Mindset de crescimento 
,4,T,"Aprender a redigir e-mails, relatórios e outros documentos empresariais de forma eficaz; Aprender a estruturar e organizar apresentações e relatórios de maneira clara e concisa; Desenvolver habilidades de apresentação em público, incluindo controle do nervosismo e uso adequado de recursos visuais; Identificar pontos fortes e áreas de melhoria pessoal e profissional; Compreender as normas de etiqueta e protocolo empresarial em diferentes contextos; Comunicar ideias claramente e persuadir stakeholders de maneira eficaz, tanto internamente quanto externamente.","Assertividade - Ser capaz de expressar opiniões, necessidades e sentimentos com confiança e exercer influência social;
Empatia - Compreender e preocupar-se com os outros e com o seu bem-estar. Valorizar e investir no relacionamento próximo;
Iniciativa social - Ser capaz de se aproximar de outras pessoas, tanto amigos quanto estranhos, iniciando e mantendo conexões sociais;
Controle emocional - Criar estratégias eficazes para regular o temperamento, a raiva e a irritação diante das frustrações.",Comunicação Empresarial,C5,3,Autoconhecimento e Desenvolvimento Pessoal ,U5,21,Mindset de Crescimento ,Aula 3: Mindset de Crescimento nas Empresas: Casos de Sucesso,Compreender o significado de mindset e sua influência.,"Refletir sobre o desempenho pessoal, identificando pontos fortes e áreas para o autodesenvolvimento.",Compreender como o mindset de crescimento pode ser aplicado nas organizações para promover melhorias e .,3. Mindset de crescimento organizacional 
,4,T,"Aprender a redigir e-mails, relatórios e outros documentos empresariais de forma eficaz; Aprender a estruturar e organizar apresentações e relatórios de maneira clara e concisa; Desenvolver habilidades de apresentação em público, incluindo controle do nervosismo e uso adequado de recursos visuais; Identificar pontos fortes e áreas de melhoria pessoal e profissional; Compreender as normas de etiqueta e protocolo empresarial em diferentes contextos; Comunicar ideias claramente e persuadir stakeholders de maneira eficaz, tanto internamente quanto externamente.","Assertividade - Ser capaz de expressar opiniões, necessidades e sentimentos com confiança e exercer influência social;
Empatia - Compreender e preocupar-se com os outros e com o seu bem-estar. Valorizar e investir no relacionamento próximo;
Iniciativa social - Ser capaz de se aproximar de outras pessoas, tanto amigos quanto estranhos, iniciando e mantendo conexões sociais;
Controle emocional - Criar estratégias eficazes para regular o temperamento, a raiva e a irritação diante das frustrações.",Comunicação Empresarial,C5 ,3,Trabalho em Equipe,U4,22,Motivação no Ambiente de Trabalho,Aula 1: A hierarquia das necessidades de Maslow,"Compreender as teorias motivacionais no contexto organizacional.






",Apresentar senso crítico de análise.,Compreender a teoria da hierarquia das necessidades e sua aplicação no ambiente de trabalho.,1. Teoria da hierarquia das necessidades
,4,T,"Aprender a redigir e-mails, relatórios e outros documentos empresariais de forma eficaz; Aprender a estruturar e organizar apresentações e relatórios de maneira clara e concisa; Desenvolver habilidades de apresentação em público, incluindo controle do nervosismo e uso adequado de recursos visuais; Identificar pontos fortes e áreas de melhoria pessoal e profissional; Compreender as normas de etiqueta e protocolo empresarial em diferentes contextos; Comunicar ideias claramente e persuadir stakeholders de maneira eficaz, tanto internamente quanto externamente.","Assertividade - Ser capaz de expressar opiniões, necessidades e sentimentos com confiança e exercer influência social;
Empatia - Compreender e preocupar-se com os outros e com o seu bem-estar. Valorizar e investir no relacionamento próximo;
Iniciativa social - Ser capaz de se aproximar de outras pessoas, tanto amigos quanto estranhos, iniciando e mantendo conexões sociais;
Controle emocional - Criar estratégias eficazes para regular o temperamento, a raiva e a irritação diante das frustrações.",Comunicação Empresarial,C5 ,3,Trabalho em Equipe,U4,22,Motivação no Ambiente de Trabalho,Aula 2: A Motivação nas teorias de Maslow e Herzberg,"Compreender as teorias motivacionais no contexto organizacional.






",Apresentar senso crítico de análise.,"Relacionar a teoria da hierarquia das necessidades com a teoria dos dois fatores, reconhecendo semelhanças e diferenças.",Relação entre a teoria da hierarquia das necessidades e a teoria dos dois fatores
,4,T,"Aprender a redigir e-mails, relatórios e outros documentos empresariais de forma eficaz; Aprender a estruturar e organizar apresentações e relatórios de maneira clara e concisa; Desenvolver habilidades de apresentação em público, incluindo controle do nervosismo e uso adequado de recursos visuais; Identificar pontos fortes e áreas de melhoria pessoal e profissional; Compreender as normas de etiqueta e protocolo empresarial em diferentes contextos; Comunicar ideias claramente e persuadir stakeholders de maneira eficaz, tanto internamente quanto externamente.","Assertividade - Ser capaz de expressar opiniões, necessidades e sentimentos com confiança e exercer influência social;
Empatia - Compreender e preocupar-se com os outros e com o seu bem-estar. Valorizar e investir no relacionamento próximo;
Iniciativa social - Ser capaz de se aproximar de outras pessoas, tanto amigos quanto estranhos, iniciando e mantendo conexões sociais;
Controle emocional - Criar estratégias eficazes para regular o temperamento, a raiva e a irritação diante das frustrações.",Comunicação Empresarial,C5,3,Trabalho em Equipe,U4,22,Motivação no Ambiente de Trabalho,Aula 3: Aplicação prática ,"Compreender as teorias motivacionais no contexto organizacional.






",Apresentar senso crítico de análise.,"Aplicar, por meio de atividade prática, os conceitos apreendidos sobre a teoria da hierarquia das necessidades. ",3. Aplicação prática 
,4,T,"Aprender a redigir e-mails, relatórios e outros documentos empresariais de forma eficaz; Aprender a estruturar e organizar apresentações e relatórios de maneira clara e concisa; Desenvolver habilidades de apresentação em público, incluindo controle do nervosismo e uso adequado de recursos visuais; Identificar pontos fortes e áreas de melhoria pessoal e profissional; Compreender as normas de etiqueta e protocolo empresarial em diferentes contextos; Comunicar ideias claramente e persuadir stakeholders de maneira eficaz, tanto internamente quanto externamente.","Assertividade - Ser capaz de expressar opiniões, necessidades e sentimentos com confiança e exercer influência social;
Empatia - Compreender e preocupar-se com os outros e com o seu bem-estar. Valorizar e investir no relacionamento próximo;
Iniciativa social - Ser capaz de se aproximar de outras pessoas, tanto amigos quanto estranhos, iniciando e mantendo conexões sociais;
Controle emocional - Criar estratégias eficazes para regular o temperamento, a raiva e a irritação diante das frustrações.",Comunicação Empresarial,C5,3,Técnicas para Apresentações Empresariais e Relatórios,U3,23,Atitude e Compromisso no Ambiente de Trabalho,Aula 1: Protagonismo ,Desenvolver uma imagem profissional sólida no contexto organizacional.,Apresentar comportamento responsável  pelas suas ações e resultados. ,Compreender o que é  protagonismo e como desenvolvê-lo no ambiente profissional.,1. Definições de protagonismo
,4,T,"Aprender a redigir e-mails, relatórios e outros documentos empresariais de forma eficaz; Aprender a estruturar e organizar apresentações e relatórios de maneira clara e concisa; Desenvolver habilidades de apresentação em público, incluindo controle do nervosismo e uso adequado de recursos visuais; Identificar pontos fortes e áreas de melhoria pessoal e profissional; Compreender as normas de etiqueta e protocolo empresarial em diferentes contextos; Comunicar ideias claramente e persuadir stakeholders de maneira eficaz, tanto internamente quanto externamente.","Assertividade - Ser capaz de expressar opiniões, necessidades e sentimentos com confiança e exercer influência social;
Empatia - Compreender e preocupar-se com os outros e com o seu bem-estar. Valorizar e investir no relacionamento próximo;
Iniciativa social - Ser capaz de se aproximar de outras pessoas, tanto amigos quanto estranhos, iniciando e mantendo conexões sociais;
Controle emocional - Criar estratégias eficazes para regular o temperamento, a raiva e a irritação diante das frustrações.",Comunicação Empresarial,C5 ,3,Técnicas para Apresentações Empresariais e Relatórios,U3,23,Atitude e Compromisso no Ambiente de Trabalho,Aula 2: Impactos do protagonismo na empresa,Desenvolver uma imagem profissional sólida no contexto organizacional.,Apresentar comportamento responsável  pelas suas ações e resultados. ,Identificar o impacto do protagonismo no ambiente organizacional.,2. Impacto do protagonismo na empresa e nos colaboradores
,4,T,"Aprender a redigir e-mails, relatórios e outros documentos empresariais de forma eficaz; Aprender a estruturar e organizar apresentações e relatórios de maneira clara e concisa; Desenvolver habilidades de apresentação em público, incluindo controle do nervosismo e uso adequado de recursos visuais; Identificar pontos fortes e áreas de melhoria pessoal e profissional; Compreender as normas de etiqueta e protocolo empresarial em diferentes contextos; Comunicar ideias claramente e persuadir stakeholders de maneira eficaz, tanto internamente quanto externamente.","Assertividade - Ser capaz de expressar opiniões, necessidades e sentimentos com confiança e exercer influência social;
Empatia - Compreender e preocupar-se com os outros e com o seu bem-estar. Valorizar e investir no relacionamento próximo;
Iniciativa social - Ser capaz de se aproximar de outras pessoas, tanto amigos quanto estranhos, iniciando e mantendo conexões sociais;
Controle emocional - Criar estratégias eficazes para regular o temperamento, a raiva e a irritação diante das frustrações.",Comunicação Empresarial,C5,3,Técnicas para Apresentações Empresariais e Relatórios,U3,23,Atitude e Compromisso no Ambiente de Trabalho,Aula 3: Aplicação prática ,Desenvolver uma imagem profissional sólida no contexto organizacional.,Apresentar comportamento responsável  pelas suas ações e resultados. ,"Aplicar, por meio de atividades práticas, os conceitos apreendidos sobre protagonismo e seus desdobramentos nas empresas. ",3. Aplicação prática 
,Recomposição da Aprendizagem,,,,,,,,,,,,,,,
,4,T,"Aprender a redigir e-mails, relatórios e outros documentos empresariais de forma eficaz; Aprender a estruturar e organizar apresentações e relatórios de maneira clara e concisa; Desenvolver habilidades de apresentação em público, incluindo controle do nervosismo e uso adequado de recursos visuais; Identificar pontos fortes e áreas de melhoria pessoal e profissional; Compreender as normas de etiqueta e protocolo empresarial em diferentes contextos; Comunicar ideias claramente e persuadir stakeholders de maneira eficaz, tanto internamente quanto externamente.","Assertividade - Ser capaz de expressar opiniões, necessidades e sentimentos com confiança e exercer influência social;
Empatia - Compreender e preocupar-se com os outros e com o seu bem-estar. Valorizar e investir no relacionamento próximo;
Iniciativa social - Ser capaz de se aproximar de outras pessoas, tanto amigos quanto estranhos, iniciando e mantendo conexões sociais;
Controle emocional - Criar estratégias eficazes para regular o temperamento, a raiva e a irritação diante das frustrações.",Comunicação Empresarial,C5,3,Técnicas para Apresentações Empresariais e Relatórios,U3,24,Assertividade e relações no ambiente de trabalho,Aula 1: As relações profissionais e a importância da assertividade,"Comunicar de forma clara, por meio de escuta ativa, utilizando argumentos sólidos e coerentes.",Comunicar-se com assertividade.,Compreender a assertividade e seus benefícios no ambiente profissional.,1. Definição de assertividade
,4,T,"Aprender a redigir e-mails, relatórios e outros documentos empresariais de forma eficaz; Aprender a estruturar e organizar apresentações e relatórios de maneira clara e concisa; Desenvolver habilidades de apresentação em público, incluindo controle do nervosismo e uso adequado de recursos visuais; Identificar pontos fortes e áreas de melhoria pessoal e profissional; Compreender as normas de etiqueta e protocolo empresarial em diferentes contextos; Comunicar ideias claramente e persuadir stakeholders de maneira eficaz, tanto internamente quanto externamente.","Assertividade - Ser capaz de expressar opiniões, necessidades e sentimentos com confiança e exercer influência social;
Empatia - Compreender e preocupar-se com os outros e com o seu bem-estar. Valorizar e investir no relacionamento próximo;
Iniciativa social - Ser capaz de se aproximar de outras pessoas, tanto amigos quanto estranhos, iniciando e mantendo conexões sociais;
Controle emocional - Criar estratégias eficazes para regular o temperamento, a raiva e a irritação diante das frustrações.",Comunicação Empresarial,C5,3,Técnicas para Apresentações Empresariais e Relatórios,U3,24,Assertividade e relações no ambiente de trabalho,Aula 2: Assertividade nos contextos pessoal e profissional,"Comunicar de forma clara, por meio de escuta ativa, utilizando argumentos sólidos e coerentes.",Comunicar-se com assertividade.,Reconhecer a importância da assertividade nas relações organizacionais e interpessoais.,2. Assertividades nas relações organizacionais e interpessoais
,4,T,"Aprender a redigir e-mails, relatórios e outros documentos empresariais de forma eficaz; Aprender a estruturar e organizar apresentações e relatórios de maneira clara e concisa; Desenvolver habilidades de apresentação em público, incluindo controle do nervosismo e uso adequado de recursos visuais; Identificar pontos fortes e áreas de melhoria pessoal e profissional; Compreender as normas de etiqueta e protocolo empresarial em diferentes contextos; Comunicar ideias claramente e persuadir stakeholders de maneira eficaz, tanto internamente quanto externamente.","Assertividade - Ser capaz de expressar opiniões, necessidades e sentimentos com confiança e exercer influência social;
Empatia - Compreender e preocupar-se com os outros e com o seu bem-estar. Valorizar e investir no relacionamento próximo;
Iniciativa social - Ser capaz de se aproximar de outras pessoas, tanto amigos quanto estranhos, iniciando e mantendo conexões sociais;
Controle emocional - Criar estratégias eficazes para regular o temperamento, a raiva e a irritação diante das frustrações.",Comunicação Empresarial,C5,3,Técnicas para Apresentações Empresariais e Relatórios,U3,24,Assertividade e relações no ambiente de trabalho,Aula 3: Aplicação prática ,"Comunicar de forma clara, por meio de escuta ativa, utilizando argumentos sólidos e coerentes.",Comunicar-se com assertividade.,Aplicar conceitos sobre comunicação clara e assertividade no ambiente profissional.,3. Aplicação prática 
,4,T,"Aprender a redigir e-mails, relatórios e outros documentos empresariais de forma eficaz; Aprender a estruturar e organizar apresentações e relatórios de maneira clara e concisa; Desenvolver habilidades de apresentação em público, incluindo controle do nervosismo e uso adequado de recursos visuais; Identificar pontos fortes e áreas de melhoria pessoal e profissional; Compreender as normas de etiqueta e protocolo empresarial em diferentes contextos; Comunicar ideias claramente e persuadir stakeholders de maneira eficaz, tanto internamente quanto externamente.","Assertividade - Ser capaz de expressar opiniões, necessidades e sentimentos com confiança e exercer influência social;
Empatia - Compreender e preocupar-se com os outros e com o seu bem-estar. Valorizar e investir no relacionamento próximo;
Iniciativa social - Ser capaz de se aproximar de outras pessoas, tanto amigos quanto estranhos, iniciando e mantendo conexões sociais;
Controle emocional - Criar estratégias eficazes para regular o temperamento, a raiva e a irritação diante das frustrações.",Comunicação Empresarial,C5,3,Técnicas para Apresentações Empresariais e Relatórios,U3,25,Relatórios Empresariais: Estrutura e Impacto,Aula 1: Tipos de relatórios organizacionais,"Estruturar apresentações e relatórios claros, completos e coesos.",Analisar criticamente as informações coletadas e justificar suas escolhas de forma lógica.,Compreender a importância de relatórios organizacionais e os seus diversos tipos. ,1. Relatórios organizacionais
,4,T,"Aprender a redigir e-mails, relatórios e outros documentos empresariais de forma eficaz; Aprender a estruturar e organizar apresentações e relatórios de maneira clara e concisa; Desenvolver habilidades de apresentação em público, incluindo controle do nervosismo e uso adequado de recursos visuais; Identificar pontos fortes e áreas de melhoria pessoal e profissional; Compreender as normas de etiqueta e protocolo empresarial em diferentes contextos; Comunicar ideias claramente e persuadir stakeholders de maneira eficaz, tanto internamente quanto externamente.","Assertividade - Ser capaz de expressar opiniões, necessidades e sentimentos com confiança e exercer influência social;
Empatia - Compreender e preocupar-se com os outros e com o seu bem-estar. Valorizar e investir no relacionamento próximo;
Iniciativa social - Ser capaz de se aproximar de outras pessoas, tanto amigos quanto estranhos, iniciando e mantendo conexões sociais;
Controle emocional - Criar estratégias eficazes para regular o temperamento, a raiva e a irritação diante das frustrações.",Comunicação Empresarial,C5,3,Técnicas para Apresentações Empresariais e Relatórios,U3,25,Relatórios Empresariais: Estrutura e Impacto,Aula 2: Elaboração de um relatório organizacional,"Estruturar apresentações e relatórios claros, completos e coesos.",Analisar criticamente as informações coletadas e justificar suas escolhas de forma lógica.,Compreender como ocorre a construção de um relatório organizacional. ,2. Construção de um relatório organizacional
,4,T,"Aprender a redigir e-mails, relatórios e outros documentos empresariais de forma eficaz; Aprender a estruturar e organizar apresentações e relatórios de maneira clara e concisa; Desenvolver habilidades de apresentação em público, incluindo controle do nervosismo e uso adequado de recursos visuais; Identificar pontos fortes e áreas de melhoria pessoal e profissional; Compreender as normas de etiqueta e protocolo empresarial em diferentes contextos; Comunicar ideias claramente e persuadir stakeholders de maneira eficaz, tanto internamente quanto externamente.","Assertividade - Ser capaz de expressar opiniões, necessidades e sentimentos com confiança e exercer influência social;
Empatia - Compreender e preocupar-se com os outros e com o seu bem-estar. Valorizar e investir no relacionamento próximo;
Iniciativa social - Ser capaz de se aproximar de outras pessoas, tanto amigos quanto estranhos, iniciando e mantendo conexões sociais;
Controle emocional - Criar estratégias eficazes para regular o temperamento, a raiva e a irritação diante das frustrações.",Comunicação Empresarial,C5,3,Técnicas para Apresentações Empresariais e Relatórios,U3,25,Relatórios Empresariais: Estrutura e Impacto,Aula 3: Decisões baseadas em relatórios organizacionais,"Estruturar apresentações e relatórios claros, completos e coesos.",Analisar criticamente as informações coletadas e justificar suas escolhas de forma lógica.,Identificar como as decisões organizacionais podem ser tomadas a partir de relatórios organizacionais. ,3. Decisões organizacionais a partir de relatórios e reuniões
,Recomposição da Aprendizagem,,,,,,,,,,,,,,,
,4,P,"Aprender a redigir e-mails, relatórios e outros documentos empresariais de forma eficaz; Aprender a estruturar e organizar apresentações e relatórios de maneira clara e concisa; Desenvolver habilidades de apresentação em público, incluindo controle do nervosismo e uso adequado de recursos visuais; Identificar pontos fortes e áreas de melhoria pessoal e profissional; Compreender as normas de etiqueta e protocolo empresarial em diferentes contextos; Comunicar ideias claramente e persuadir stakeholders de maneira eficaz, tanto internamente quanto externamente.","Assertividade - Ser capaz de expressar opiniões, necessidades e sentimentos com confiança e exercer influência social;
Empatia - Compreender e preocupar-se com os outros e com o seu bem-estar. Valorizar e investir no relacionamento próximo;
Iniciativa social - Ser capaz de se aproximar de outras pessoas, tanto amigos quanto estranhos, iniciando e mantendo conexões sociais;
Controle emocional - Criar estratégias eficazes para regular o temperamento, a raiva e a irritação diante das frustrações.",Comunicação Empresarial,C5,3,Comunicação Empresarial,U2,26,Construção e apresentação de um relatório organizacional ,Aula 1: Simulando uma reunião organizacional ,"Estruturar apresentações e relatórios claros, completos e coesos.",Analisar criticamente as informações coletadas e justificar suas escolhas de forma lógica.,"Desenvolver a simulação de uma reunião organizacional, registrando os pontos relevantes discutidos para uso posterior na elaboração de um relatório.",1. Reunião organizacional 
,4,P,"Aprender a redigir e-mails, relatórios e outros documentos empresariais de forma eficaz; Aprender a estruturar e organizar apresentações e relatórios de maneira clara e concisa; Desenvolver habilidades de apresentação em público, incluindo controle do nervosismo e uso adequado de recursos visuais; Identificar pontos fortes e áreas de melhoria pessoal e profissional; Compreender as normas de etiqueta e protocolo empresarial em diferentes contextos; Comunicar ideias claramente e persuadir stakeholders de maneira eficaz, tanto internamente quanto externamente.","Assertividade - Ser capaz de expressar opiniões, necessidades e sentimentos com confiança e exercer influência social;
Empatia - Compreender e preocupar-se com os outros e com o seu bem-estar. Valorizar e investir no relacionamento próximo;
Iniciativa social - Ser capaz de se aproximar de outras pessoas, tanto amigos quanto estranhos, iniciando e mantendo conexões sociais;
Controle emocional - Criar estratégias eficazes para regular o temperamento, a raiva e a irritação diante das frustrações.",Comunicação Empresarial,C5,3,Comunicação Empresarial,U2,26,Construção e apresentação de um relatório organizacional ,Aula 2: Elaborando um relatório organizacional,"Estruturar apresentações e relatórios claros, completos e coesos.",Analisar criticamente as informações coletadas e justificar suas escolhas de forma lógica.,"Elaborar um relatório organizacional, a partir da reunião realizada na aula anterior. ",2. Construção de um relatório na prática 
,4,P,"Aprender a redigir e-mails, relatórios e outros documentos empresariais de forma eficaz; Aprender a estruturar e organizar apresentações e relatórios de maneira clara e concisa; Desenvolver habilidades de apresentação em público, incluindo controle do nervosismo e uso adequado de recursos visuais; Identificar pontos fortes e áreas de melhoria pessoal e profissional; Compreender as normas de etiqueta e protocolo empresarial em diferentes contextos; Comunicar ideias claramente e persuadir stakeholders de maneira eficaz, tanto internamente quanto externamente.","Assertividade - Ser capaz de expressar opiniões, necessidades e sentimentos com confiança e exercer influência social;
Empatia - Compreender e preocupar-se com os outros e com o seu bem-estar. Valorizar e investir no relacionamento próximo;
Iniciativa social - Ser capaz de se aproximar de outras pessoas, tanto amigos quanto estranhos, iniciando e mantendo conexões sociais;
Controle emocional - Criar estratégias eficazes para regular o temperamento, a raiva e a irritação diante das frustrações.",Comunicação Empresarial,C5,3,Comunicação Empresarial,U2,26,Construção e apresentação de um relatório organizacional ,Aula 3: Apresentando e colhendo feedback do relatório organizacional ,"Estruturar apresentações e relatórios claros, completos e coesos.",Analisar criticamente as informações coletadas e justificar suas escolhas de forma lógica.,"Apresentar o relatório elaborado, exercitando a comunicação profissional e refletindo criticamente sobre o feedback recebido, a fim de aprimorar futuras apresentações.",3. Apresentação do relatório 
,Recomposição da Aprendizagem,,,,,,,,,,,,,,,
,Visita Técnica ,,,,,,,,,,,,,,,

